departement,annee,mois,temperature,precipitation,vent,ensoleillement
Ain,2018,1,6.2,251.7,2.1,45.1
Ain,2018,2,0.9,63.1,2.2,72.1
Ain,2018,3,6.2,176.2,2.2,104.4
Ain,2018,4,13.4,44.7,2.1,204.1
Ain,2018,5,15.8,126.0,1.8,183.3
Ain,2018,6,19.2,85.5,2.1,270.7
Ain,2018,7,22.1,74.4,1.9,301.8
Ain,2018,8,21.7,58.9,2.0,277.5
Ain,2018,9,18.4,19.8,1.8,245.4
Ain,2018,10,12.4,79.9,1.7,161.0
Ain,2018,11,7.5,106.9,1.5,54.5
Ain,2018,12,4.7,164.7,1.7,54.8
Ain,2019,1,1.5,92.4,2.1,82.4
Ain,2019,2,5.3,46.9,1.8,174.7
Ain,2019,3,8.1,93.0,2.5,184.2
Ain,2019,4,10.2,97.8,2.2,187.5
Ain,2019,5,12.3,80.7,2.6,211.1
Ain,2019,6,19.8,115.6,1.8,268.7
Ain,2019,7,22.3,76.3,2.1,297.2
Ain,2019,8,20.4,107.8,1.8,250.5
Ain,2019,9,16.9,40.8,2.0,182.7
Ain,2019,10,13.6,187.2,1.6,107.6
Ain,2019,11,6.8,190.3,1.6,57.5
Ain,2019,12,5.6,171.7,2.0,74.7
Ain,2020,1,4.1,60.1,1.8,104.8
Ain,2020,2,6.9,106.7,2.4,124.6
Ain,2020,3,7.5,94.8,2.2,191.9
Ain,2020,4,13.1,56.6,1.9,248.8
Ain,2020,5,15.2,96.6,2.2,253.2
Ain,2020,6,17.6,107.4,1.9,188.9
Ain,2020,7,21.3,23.6,2.1,295.6
Ain,2020,8,21.6,59.7,1.9,234.6
Ain,2020,9,17.7,93.6,1.7,209.3
Ain,2020,10,10.7,220.0,1.9,78.4
Ain,2020,11,7.9,34.6,1.5,108.5
Ain,2020,12,4.2,179.8,2.0,44.2
Ain,2021,1,1.8,204.6,1.8,54.6
Ain,2021,2,6.8,69.9,2.1,110.2
Ain,2021,3,7.5,76.4,2.3,202.0
Ain,2021,4,9.2,59.6,2.5,217.2
Ain,2021,5,12.4,213.5,2.0,180.3
Ain,2021,6,19.9,146.2,1.8,199.4
Ain,2021,7,19.5,189.9,1.8,209.7
Ain,2021,8,18.6,80.6,1.7,232.7
Ain,2021,9,17.9,68.8,1.4,173.5
Ain,2021,10,11.1,144.0,1.8,157.6
Ain,2021,11,4.8,62.1,1.6,69.7
Ain,2021,12,3.3,226.9,1.6,57.2
Ain,2022,1,1.6,55.3,1.9,117.1
Ain,2022,2,5.7,97.6,2.1,143.4
Ain,2022,3,8.5,35.8,1.9,204.8
Ain,2022,4,10.2,83.0,2.4,206.3
Ain,2022,5,17.2,23.0,2.2,271.1
Ain,2022,6,20.9,124.4,2.1,193.3
Ain,2022,7,22.2,7.0,2.5,359.1
Ain,2022,8,22.5,63.5,2.0,218.7
Ain,2022,9,16.6,144.2,1.8,174.7
Ain,2022,10,16.3,92.2,1.7,148.7
Ain,2022,11,8.5,129.4,1.7,73.3
Ain,2022,12,4.7,132.6,1.8,51.2
Ain,2023,1,3.4,86.8,2.1,59.2
Ain,2023,2,4.6,6.2,2.0,178.7
Ain,2023,3,8.0,124.8,2.4,140.2
Ain,2023,4,9.6,94.3,2.1,138.0
Ain,2023,5,14.8,59.6,2.2,193.2
Ain,2023,6,19.9,78.1,1.9,262.8
Ain,2023,7,21.2,46.7,2.1,210.0
Ain,2023,8,21.4,77.9,2.0,213.4
Ain,2023,9,19.6,96.0,1.6,246.9
Ain,2023,10,14.5,233.9,1.9,156.7
Ain,2023,11,6.9,245.4,2.1,57.2
Ain,2023,12,4.9,171.4,2.0,68.5
Ain,2024,1,3.9,111.3,2.3,73.4
Ain,2024,2,7.2,97.3,2.3,91.0
Ain,2024,3,9.2,111.5,2.3,119.6
Ain,2024,4,10.5,113.5,2.6,147.2
Ain,2024,5,14.3,171.1,1.9,134.8
Ain,2024,6,18.4,102.1,2.2,151.1
Ain,2024,7,20.9,62.8,2.1,261.6
Ain,2024,8,22.0,65.1,2.1,299.5
Ain,2024,9,15.3,175.4,2.2,142.2
Ain,2024,10,13.9,171.3,1.9,103.7
Ain,2024,11,7.3,62.1,1.9,97.2
Ain,2024,12,2.2,127.7,1.9,78.3
Aisne,2018,1,6.5,131.8,4.7,25.0
Aisne,2018,2,1.0,43.1,4.1,142.0
Aisne,2018,3,5.9,71.3,4.0,73.5
Aisne,2018,4,12.6,52.3,3.4,184.7
Aisne,2018,5,15.6,55.6,3.1,278.2
Aisne,2018,6,18.0,47.9,2.9,259.8
Aisne,2018,7,22.1,27.9,2.7,291.7
Aisne,2018,8,19.7,45.5,3.0,231.7
Aisne,2018,9,15.7,27.8,2.9,214.1
Aisne,2018,10,12.4,44.3,3.2,169.1
Aisne,2018,11,7.2,63.7,3.5,91.1
Aisne,2018,12,5.8,121.1,4.0,52.9
Aisne,2019,1,3.1,49.3,3.9,45.3
Aisne,2019,2,6.4,65.9,3.4,155.5
Aisne,2019,3,8.5,73.3,4.9,135.0
Aisne,2019,4,10.4,36.8,3.2,200.8
Aisne,2019,5,11.9,61.4,3.0,203.1
Aisne,2019,6,18.9,66.6,3.0,270.2
Aisne,2019,7,19.6,36.0,2.9,285.8
Aisne,2019,8,19.5,58.7,2.6,231.1
Aisne,2019,9,15.7,37.1,3.4,176.4
Aisne,2019,10,12.5,117.2,3.7,79.2
Aisne,2019,11,6.8,86.7,3.7,73.4
Aisne,2019,12,5.9,101.0,4.2,66.4
Aisne,2020,1,5.5,50.0,4.0,60.4
Aisne,2020,2,7.5,130.4,6.0,68.2
Aisne,2020,3,7.5,71.0,4.6,169.2
Aisne,2020,4,12.7,30.1,3.1,288.8
Aisne,2020,5,13.9,25.4,3.1,319.9
Aisne,2020,6,17.2,43.9,3.1,220.0
Aisne,2020,7,18.7,17.9,3.3,233.4
Aisne,2020,8,21.4,35.2,3.1,206.9
Aisne,2020,9,17.3,53.3,3.1,191.7
Aisne,2020,10,11.9,108.5,4.2,78.2
Aisne,2020,11,8.7,33.0,3.1,96.3
Aisne,2020,12,5.7,114.3,4.0,52.9
Aisne,2021,1,3.4,126.7,3.8,42.8
Aisne,2021,2,5.6,39.7,4.0,117.8
Aisne,2021,3,7.2,39.6,3.8,177.3
Aisne,2021,4,7.6,30.9,3.5,248.5
Aisne,2021,5,11.7,88.6,3.9,205.5
Aisne,2021,6,18.5,124.3,2.6,223.4
Aisne,2021,7,18.6,111.4,3.1,190.1
Aisne,2021,8,17.8,34.5,3.2,170.2
Aisne,2021,9,16.9,41.4,2.4,222.0
Aisne,2021,10,11.3,80.6,3.4,157.8
Aisne,2021,11,5.9,34.4,2.9,74.1
Aisne,2021,12,5.9,67.1,3.7,41.4
Aisne,2022,1,4.0,62.3,3.1,82.8
Aisne,2022,2,6.6,44.9,5.1,120.7
Aisne,2022,3,8.3,18.1,3.3,218.2
Aisne,2022,4,10.0,32.5,3.9,235.1
Aisne,2022,5,15.4,19.9,3.0,277.0
Aisne,2022,6,17.9,70.1,2.6,226.8
Aisne,2022,7,19.8,12.4,2.8,323.9
Aisne,2022,8,21.3,19.6,2.9,287.5
Aisne,2022,9,15.7,78.7,2.9,176.4
Aisne,2022,10,14.7,56.4,3.0,137.8
Aisne,2022,11,8.9,55.4,4.0,69.5
Aisne,2022,12,4.2,59.3,3.9,33.5
Aisne,2023,1,5.3,67.6,4.8,42.0
Aisne,2023,2,5.6,5.6,3.5,117.3
Aisne,2023,3,8.1,85.8,4.7,95.9
Aisne,2023,4,9.2,67.0,3.7,153.5
Aisne,2023,5,13.8,65.6,3.7,251.4
Aisne,2023,6,19.7,38.7,2.8,329.7
Aisne,2023,7,19.0,90.6,3.5,202.3
Aisne,2023,8,19.0,107.5,3.1,175.8
Aisne,2023,9,19.2,55.5,2.7,219.7
Aisne,2023,10,13.8,90.0,3.5,142.0
Aisne,2023,11,8.3,100.4,4.8,56.0
Aisne,2023,12,6.8,56.5,4.8,39.1
Aisne,2024,1,3.5,59.2,4.3,84.7
Aisne,2024,2,8.5,93.4,4.6,22.7
Aisne,2024,3,9.2,78.7,3.7,111.9
Aisne,2024,4,11.1,64.3,3.9,141.6
Aisne,2024,5,14.8,103.0,2.8,148.6
Aisne,2024,6,16.5,55.8,2.9,216.0
Aisne,2024,7,19.3,82.3,2.6,205.7
Aisne,2024,8,20.3,32.6,2.7,229.8
Aisne,2024,9,16.0,77.3,3.6,151.1
Aisne,2024,10,13.2,92.8,2.9,94.6
Aisne,2024,11,7.6,43.4,3.4,41.9
Aisne,2024,12,5.1,61.7,4.1,38.6
Allier,2018,1,7.2,130.1,3.6,35.1
Allier,2018,2,1.0,51.7,2.8,75.9
Allier,2018,3,7.5,90.2,3.2,119.1
Allier,2018,4,12.9,57.2,2.6,171.1
Allier,2018,5,15.1,88.1,2.1,184.5
Allier,2018,6,18.9,50.5,2.1,245.1
Allier,2018,7,22.0,40.3,1.9,306.5
Allier,2018,8,21.5,44.1,2.1,265.6
Allier,2018,9,18.1,16.5,2.0,245.0
Allier,2018,10,13.1,49.6,2.4,164.3
Allier,2018,11,8.3,62.5,2.2,77.8
Allier,2018,12,5.9,47.5,3.1,51.5
Allier,2019,1,2.2,51.7,2.8,46.3
Allier,2019,2,6.7,15.6,2.4,175.0
Allier,2019,3,8.5,36.3,3.6,182.8
Allier,2019,4,10.3,56.4,2.7,172.5
Allier,2019,5,12.3,42.8,2.7,193.0
Allier,2019,6,19.6,56.9,2.2,256.4
Allier,2019,7,22.5,42.9,2.4,309.4
Allier,2019,8,21.2,23.7,2.0,263.5
Allier,2019,9,17.1,34.9,2.5,219.7
Allier,2019,10,14.1,110.4,2.7,87.3
Allier,2019,11,7.5,101.1,2.9,56.4
Allier,2019,12,6.9,86.4,3.5,64.2
Allier,2020,1,5.7,32.3,2.6,79.7
Allier,2020,2,8.3,40.4,4.0,106.9
Allier,2020,3,8.0,42.1,3.0,172.1
Allier,2020,4,13.6,38.9,2.1,234.9
Allier,2020,5,15.1,80.2,2.4,264.2
Allier,2020,6,17.5,89.4,2.5,196.7
Allier,2020,7,21.2,14.7,2.3,291.4
Allier,2020,8,21.8,34.4,2.4,211.6
Allier,2020,9,17.7,93.1,2.3,209.4
Allier,2020,10,11.5,80.8,3.0,60.6
Allier,2020,11,9.4,17.4,2.0,124.1
Allier,2020,12,5.7,96.5,3.2,43.2
Allier,2021,1,3.0,89.1,3.1,38.7
Allier,2021,2,7.4,46.3,2.9,104.9
Allier,2021,3,7.2,39.5,2.8,179.5
Allier,2021,4,9.0,40.4,2.7,221.7
Allier,2021,5,12.3,94.9,3.1,189.6
Allier,2021,6,19.2,167.0,2.1,215.6
Allier,2021,7,18.8,72.6,2.4,193.4
Allier,2021,8,18.4,30.0,2.3,195.2
Allier,2021,9,18.1,152.2,1.9,184.8
Allier,2021,10,11.7,57.0,2.2,169.2
Allier,2021,11,5.5,42.4,2.3,51.0
Allier,2021,12,5.0,102.4,3.0,60.5
Allier,2022,1,2.6,27.7,2.4,81.8
Allier,2022,2,6.4,35.4,3.4,119.5
Allier,2022,3,8.8,39.2,2.4,168.5
Allier,2022,4,10.4,33.2,2.9,181.6
Allier,2022,5,17.0,23.1,2.3,263.9
Allier,2022,6,20.3,199.9,2.3,267.0
Allier,2022,7,21.1,2.8,2.1,359.8
Allier,2022,8,21.9,79.8,2.0,269.3
Allier,2022,9,16.3,80.7,2.4,184.3
Allier,2022,10,17.0,31.8,2.3,138.4
Allier,2022,11,9.4,68.2,2.7,76.4
Allier,2022,12,5.1,48.4,2.7,51.5
Allier,2023,1,4.6,48.9,3.4,32.4
Allier,2023,2,5.4,14.3,2.4,123.2
Allier,2023,3,8.8,76.3,3.3,120.2
Allier,2023,4,10.0,57.4,2.9,152.4
Allier,2023,5,14.6,69.4,2.5,208.0
Allier,2023,6,20.5,86.1,2.1,277.1
Allier,2023,7,21.0,52.7,2.6,241.4
Allier,2023,8,21.5,64.8,2.6,225.9
Allier,2023,9,20.8,61.7,2.1,247.9
Allier,2023,10,15.3,100.3,2.8,159.8
Allier,2023,11,8.4,118.7,3.6,60.1
Allier,2023,12,6.3,68.1,3.3,64.1
Allier,2024,1,4.7,39.6,2.9,76.0
Allier,2024,2,8.0,54.0,3.0,56.1
Allier,2024,3,9.6,115.2,3.0,128.1
Allier,2024,4,11.1,58.7,3.1,137.6
Allier,2024,5,14.1,137.3,2.3,134.3
Allier,2024,6,17.9,106.5,2.3,169.8
Allier,2024,7,20.7,85.9,2.1,232.1
Allier,2024,8,21.4,26.6,1.9,288.0
Allier,2024,9,15.4,120.2,2.7,114.8
Allier,2024,10,14.8,113.8,2.3,121.6
Allier,2024,11,9.0,62.2,2.6,82.2
Allier,2024,12,4.4,65.6,2.7,47.6
Alpes-Maritimes,2018,1,6.2,82.3,4.0,107.4
Alpes-Maritimes,2018,2,2.1,63.0,2.6,115.2
Alpes-Maritimes,2018,3,5.3,190.2,3.1,192.4
Alpes-Maritimes,2018,4,10.9,142.2,3.0,215.9
Alpes-Maritimes,2018,5,14.0,81.9,2.4,173.3
Alpes-Maritimes,2018,6,17.8,85.5,2.3,219.7
Alpes-Maritimes,2018,7,20.8,62.4,2.4,316.9
Alpes-Maritimes,2018,8,21.4,48.0,2.6,291.4
Alpes-Maritimes,2018,9,18.4,35.9,2.4,252.3
Alpes-Maritimes,2018,10,14.1,253.6,3.0,173.4
Alpes-Maritimes,2018,11,8.6,140.2,2.7,112.9
Alpes-Maritimes,2018,12,6.6,42.2,2.9,180.2
Alpes-Maritimes,2019,1,3.6,20.2,2.7,202.6
Alpes-Maritimes,2019,2,6.8,67.3,2.5,218.4
Alpes-Maritimes,2019,3,8.6,3.2,3.2,291.0
Alpes-Maritimes,2019,4,8.8,180.9,3.1,197.9
Alpes-Maritimes,2019,5,11.7,63.3,2.6,211.7
Alpes-Maritimes,2019,6,19.9,10.3,2.6,319.0
Alpes-Maritimes,2019,7,21.9,58.2,2.6,322.6
Alpes-Maritimes,2019,8,21.7,28.8,2.4,305.6
Alpes-Maritimes,2019,9,18.2,67.6,2.6,255.1
Alpes-Maritimes,2019,10,14.4,208.6,2.7,173.3
Alpes-Maritimes,2019,11,7.8,352.4,3.4,116.0
Alpes-Maritimes,2019,12,7.1,189.3,3.6,161.6
Alpes-Maritimes,2020,1,5.9,20.9,2.9,158.5
Alpes-Maritimes,2020,2,7.9,4.4,3.7,204.8
Alpes-Maritimes,2020,3,7.3,76.1,2.8,177.1
Alpes-Maritimes,2020,4,11.8,44.6,2.7,246.8
Alpes-Maritimes,2020,5,15.8,153.7,2.8,252.9
Alpes-Maritimes,2020,6,17.0,135.2,2.6,271.9
Alpes-Maritimes,2020,7,21.1,25.7,2.4,324.1
Alpes-Maritimes,2020,8,21.8,34.1,2.6,315.6
Alpes-Maritimes,2020,9,17.8,39.4,2.7,222.6
Alpes-Maritimes,2020,10,11.5,236.6,2.8,148.7
Alpes-Maritimes,2020,11,10.3,10.7,2.3,195.0
Alpes-Maritimes,2020,12,4.6,129.5,2.7,121.4
Alpes-Maritimes,2021,1,3.3,102.0,3.2,138.1
Alpes-Maritimes,2021,2,7.0,41.8,2.8,169.9
Alpes-Maritimes,2021,3,7.4,13.4,2.9,250.4
Alpes-Maritimes,2021,4,9.4,107.5,2.6,173.8
Alpes-Maritimes,2021,5,13.5,73.0,3.4,260.3
Alpes-Maritimes,2021,6,19.1,34.2,2.5,274.6
Alpes-Maritimes,2021,7,20.8,35.8,2.6,316.2
Alpes-Maritimes,2021,8,21.0,29.6,2.8,300.9
Alpes-Maritimes,2021,9,18.5,48.5,2.5,217.1
Alpes-Maritimes,2021,10,13.0,76.3,2.6,211.4
Alpes-Maritimes,2021,11,9.0,86.0,3.2,150.2
Alpes-Maritimes,2021,12,6.3,48.3,2.7,184.7
Alpes-Maritimes,2022,1,6.0,5.7,2.6,226.1
Alpes-Maritimes,2022,2,7.0,33.7,2.8,217.9
Alpes-Maritimes,2022,3,7.1,29.4,3.0,179.2
Alpes-Maritimes,2022,4,10.2,53.4,3.2,247.8
Alpes-Maritimes,2022,5,16.6,18.8,2.5,260.9
Alpes-Maritimes,2022,6,21.4,53.2,2.8,330.6
Alpes-Maritimes,2022,7,23.5,21.4,2.5,361.5
Alpes-Maritimes,2022,8,22.1,63.5,2.6,265.9
Alpes-Maritimes,2022,9,17.6,48.1,3.1,234.1
Alpes-Maritimes,2022,10,16.0,34.4,2.3,213.2
Alpes-Maritimes,2022,11,9.9,76.6,2.7,160.9
Alpes-Maritimes,2022,12,6.3,133.8,2.6,130.8
Alpes-Maritimes,2023,1,5.0,42.2,3.0,167.8
Alpes-Maritimes,2023,2,6.1,8.4,2.6,178.7
Alpes-Maritimes,2023,3,9.2,11.8,3.6,252.3
Alpes-Maritimes,2023,4,10.3,33.8,3.0,242.6
Alpes-Maritimes,2023,5,14.6,89.6,2.6,215.0
Alpes-Maritimes,2023,6,19.2,87.4,2.4,233.4
Alpes-Maritimes,2023,7,23.0,3.5,2.9,371.4
Alpes-Maritimes,2023,8,22.6,53.9,2.8,312.3
Alpes-Maritimes,2023,9,19.5,50.0,2.6,266.9
Alpes-Maritimes,2023,10,16.2,170.2,3.1,201.2
Alpes-Maritimes,2023,11,9.4,74.8,3.7,183.3
Alpes-Maritimes,2023,12,7.3,69.6,2.9,162.0
Alpes-Maritimes,2024,1,6.4,70.2,2.9,147.8
Alpes-Maritimes,2024,2,7.9,166.7,2.6,164.3
Alpes-Maritimes,2024,3,8.3,312.6,3.2,192.9
Alpes-Maritimes,2024,4,11.1,59.1,3.2,239.0
Alpes-Maritimes,2024,5,13.9,104.1,2.7,238.7
Alpes-Maritimes,2024,6,18.1,47.2,2.6,233.2
Alpes-Maritimes,2024,7,22.7,12.8,2.4,343.9
Alpes-Maritimes,2024,8,23.7,32.3,2.6,309.8
Alpes-Maritimes,2024,9,16.9,157.6,3.0,190.4
Alpes-Maritimes,2024,10,14.8,286.3,2.7,141.2
Alpes-Maritimes,2024,11,10.2,36.3,2.8,180.3
Alpes-Maritimes,2024,12,6.5,5.9,2.9,189.8
Alpes-de-Haute-Provence,2018,1,4.2,93.0,2.7,142.9
Alpes-de-Haute-Provence,2018,2,0.0,43.4,2.1,144.6
Alpes-de-Haute-Provence,2018,3,3.8,138.5,2.5,164.2
Alpes-de-Haute-Provence,2018,4,10.1,93.2,2.5,224.8
Alpes-de-Haute-Provence,2018,5,13.3,116.6,1.9,189.5
Alpes-de-Haute-Provence,2018,6,17.2,81.4,1.9,255.6
Alpes-de-Haute-Provence,2018,7,20.3,47.4,2.0,339.7
Alpes-de-Haute-Provence,2018,8,19.4,112.6,2.0,290.2
Alpes-de-Haute-Provence,2018,9,17.3,21.9,1.9,282.4
Alpes-de-Haute-Provence,2018,10,12.3,202.8,2.1,161.5
Alpes-de-Haute-Provence,2018,11,6.6,105.4,1.8,91.1
Alpes-de-Haute-Provence,2018,12,3.6,51.9,1.9,176.2
Alpes-de-Haute-Provence,2019,1,0.8,28.2,2.4,197.8
Alpes-de-Haute-Provence,2019,2,5.0,37.1,2.0,225.9
Alpes-de-Haute-Provence,2019,3,6.5,9.0,3.0,289.0
Alpes-de-Haute-Provence,2019,4,7.8,111.0,2.6,208.0
Alpes-de-Haute-Provence,2019,5,11.3,67.1,2.5,272.0
Alpes-de-Haute-Provence,2019,6,19.0,34.2,2.2,328.2
Alpes-de-Haute-Provence,2019,7,20.9,61.8,2.2,350.6
Alpes-de-Haute-Provence,2019,8,20.7,34.8,2.1,287.1
Alpes-de-Haute-Provence,2019,9,16.7,38.1,2.1,271.3
Alpes-de-Haute-Provence,2019,10,13.1,208.9,2.1,183.7
Alpes-de-Haute-Provence,2019,11,5.6,254.3,1.9,97.3
Alpes-de-Haute-Provence,2019,12,4.6,162.1,2.2,139.0
Alpes-de-Haute-Provence,2020,1,3.4,30.0,1.6,140.6
Alpes-de-Haute-Provence,2020,2,5.7,24.3,2.5,185.0
Alpes-de-Haute-Provence,2020,3,6.2,71.8,2.3,218.0
Alpes-de-Haute-Provence,2020,4,10.8,40.0,2.0,239.1
Alpes-de-Haute-Provence,2020,5,14.8,120.1,2.1,256.6
Alpes-de-Haute-Provence,2020,6,16.2,104.4,2.3,304.7
Alpes-de-Haute-Provence,2020,7,20.7,17.8,2.3,350.9
Alpes-de-Haute-Provence,2020,8,20.7,48.3,2.4,327.5
Alpes-de-Haute-Provence,2020,9,16.3,47.2,2.0,237.1
Alpes-de-Haute-Provence,2020,10,9.8,102.8,2.0,202.2
Alpes-de-Haute-Provence,2020,11,8.0,29.4,1.4,199.2
Alpes-de-Haute-Provence,2020,12,2.4,76.6,1.6,103.1
Alpes-de-Haute-Provence,2021,1,0.9,67.8,2.3,145.9
Alpes-de-Haute-Provence,2021,2,5.6,43.6,1.8,146.8
Alpes-de-Haute-Provence,2021,3,5.8,10.9,2.3,261.4
Alpes-de-Haute-Provence,2021,4,7.8,105.2,2.2,208.0
Alpes-de-Haute-Provence,2021,5,11.2,139.9,2.6,249.6
Alpes-de-Haute-Provence,2021,6,18.0,44.6,2.0,287.9
Alpes-de-Haute-Provence,2021,7,19.6,59.5,2.3,307.1
Alpes-de-Haute-Provence,2021,8,19.1,25.0,2.2,314.7
Alpes-de-Haute-Provence,2021,9,16.5,80.8,1.7,207.4
Alpes-de-Haute-Provence,2021,10,10.6,99.5,1.8,232.9
Alpes-de-Haute-Provence,2021,11,5.8,46.5,1.9,162.2
Alpes-de-Haute-Provence,2021,12,3.0,79.6,1.7,172.6
Alpes-de-Haute-Provence,2022,1,2.9,6.7,1.9,236.5
Alpes-de-Haute-Provence,2022,2,4.8,25.2,2.5,216.4
Alpes-de-Haute-Provence,2022,3,5.6,14.4,2.1,189.4
Alpes-de-Haute-Provence,2022,4,7.9,45.2,2.5,230.4
Alpes-de-Haute-Provence,2022,5,15.3,55.6,2.0,297.7
Alpes-de-Haute-Provence,2022,6,20.0,45.6,2.4,330.0
Alpes-de-Haute-Provence,2022,7,22.5,13.0,2.2,387.6
Alpes-de-Haute-Provence,2022,8,21.1,79.5,2.1,306.1
Alpes-de-Haute-Provence,2022,9,15.3,72.9,2.0,231.8
Alpes-de-Haute-Provence,2022,10,14.3,19.9,1.5,197.2
Alpes-de-Haute-Provence,2022,11,6.9,103.6,1.7,157.7
Alpes-de-Haute-Provence,2022,12,3.6,127.3,1.5,126.0
Alpes-de-Haute-Provence,2023,1,1.6,33.4,2.0,171.2
Alpes-de-Haute-Provence,2023,2,4.0,7.3,1.8,205.2
Alpes-de-Haute-Provence,2023,3,6.8,39.6,2.5,226.6
Alpes-de-Haute-Provence,2023,4,7.9,44.7,2.5,229.0
Alpes-de-Haute-Provence,2023,5,12.8,126.3,2.0,232.3
Alpes-de-Haute-Provence,2023,6,17.7,115.8,1.9,262.4
Alpes-de-Haute-Provence,2023,7,21.1,7.4,2.5,369.0
Alpes-de-Haute-Provence,2023,8,20.2,69.5,2.6,327.2
Alpes-de-Haute-Provence,2023,9,17.3,76.3,1.8,264.0
Alpes-de-Haute-Provence,2023,10,13.6,138.8,1.9,196.2
Alpes-de-Haute-Provence,2023,11,6.0,102.4,2.4,157.9
Alpes-de-Haute-Provence,2023,12,4.3,83.4,2.1,161.3
Alpes-de-Haute-Provence,2024,1,3.9,65.2,2.0,157.2
Alpes-de-Haute-Provence,2024,2,6.0,97.2,2.0,169.5
Alpes-de-Haute-Provence,2024,3,6.8,183.7,2.9,193.4
Alpes-de-Haute-Provence,2024,4,9.1,37.5,2.9,224.8
Alpes-de-Haute-Provence,2024,5,12.3,100.7,2.2,222.6
Alpes-de-Haute-Provence,2024,6,16.8,65.3,2.2,248.1
Alpes-de-Haute-Provence,2024,7,20.9,23.4,2.2,362.0
Alpes-de-Haute-Provence,2024,8,21.8,21.8,2.2,318.6
Alpes-de-Haute-Provence,2024,9,14.4,134.4,2.4,200.8
Alpes-de-Haute-Provence,2024,10,12.9,195.0,1.8,176.0
Alpes-de-Haute-Provence,2024,11,7.2,66.4,1.6,178.2
Alpes-de-Haute-Provence,2024,12,2.8,22.7,2.0,190.2
Ardennes,2018,1,5.9,166.3,4.1,24.1
Ardennes,2018,2,0.6,38.7,3.1,129.4
Ardennes,2018,3,5.3,80.3,3.5,78.6
Ardennes,2018,4,12.7,58.0,2.9,198.9
Ardennes,2018,5,15.9,74.3,2.5,272.7
Ardennes,2018,6,18.5,70.2,2.3,242.2
Ardennes,2018,7,21.9,16.4,2.2,302.7
Ardennes,2018,8,19.7,55.2,2.4,242.9
Ardennes,2018,9,15.5,36.3,2.2,217.6
Ardennes,2018,10,11.8,52.6,2.5,169.3
Ardennes,2018,11,6.9,67.8,2.9,72.1
Ardennes,2018,12,4.9,146.6,3.4,28.0
Ardennes,2019,1,2.3,66.0,3.4,44.3
Ardennes,2019,2,6.0,58.7,2.8,136.2
Ardennes,2019,3,8.0,94.6,4.2,137.6
Ardennes,2019,4,10.5,52.9,2.6,195.5
Ardennes,2019,5,11.7,67.4,2.5,201.4
Ardennes,2019,6,18.9,54.1,2.6,275.4
Ardennes,2019,7,19.5,19.5,2.5,282.7
Ardennes,2019,8,19.4,60.2,2.3,226.3
Ardennes,2019,9,15.3,46.7,2.7,170.1
Ardennes,2019,10,12.1,148.7,3.2,78.0
Ardennes,2019,11,6.1,101.3,3.2,46.7
Ardennes,2019,12,5.4,138.6,3.7,51.2
Ardennes,2020,1,5.0,78.4,3.5,54.0
Ardennes,2020,2,6.8,156.7,5.2,62.7
Ardennes,2020,3,7.1,89.9,3.9,159.8
Ardennes,2020,4,12.5,33.3,2.6,283.0
Ardennes,2020,5,13.6,25.5,2.6,309.7
Ardennes,2020,6,16.8,56.6,2.6,195.9
Ardennes,2020,7,18.2,17.2,2.7,217.4
Ardennes,2020,8,21.1,27.7,2.7,205.6
Ardennes,2020,9,16.9,67.2,2.5,196.4
Ardennes,2020,10,11.3,127.9,3.8,50.6
Ardennes,2020,11,8.0,34.2,2.8,89.2
Ardennes,2020,12,5.0,152.1,3.5,25.1
Ardennes,2021,1,2.3,144.2,3.1,29.5
Ardennes,2021,2,5.4,47.9,3.4,111.2
Ardennes,2021,3,6.6,45.1,3.2,170.4
Ardennes,2021,4,7.3,32.3,2.8,224.6
Ardennes,2021,5,11.1,97.6,3.4,159.6
Ardennes,2021,6,18.6,126.7,2.1,211.9
Ardennes,2021,7,18.2,151.8,2.6,170.1
Ardennes,2021,8,17.4,52.4,2.6,150.8
Ardennes,2021,9,16.6,60.1,2.0,189.2
Ardennes,2021,10,10.8,91.5,2.9,115.4
Ardennes,2021,11,5.3,51.2,2.4,56.3
Ardennes,2021,12,5.1,73.8,3.1,35.6
Ardennes,2022,1,3.4,80.9,2.7,48.2
Ardennes,2022,2,5.8,80.3,4.5,92.7
Ardennes,2022,3,7.9,23.5,2.8,226.4
Ardennes,2022,4,9.5,33.0,3.2,204.1
Ardennes,2022,5,15.2,25.4,2.4,257.5
Ardennes,2022,6,17.9,103.5,2.2,242.9
Ardennes,2022,7,19.5,8.9,2.3,323.7
Ardennes,2022,8,21.2,23.2,2.3,283.2
Ardennes,2022,9,15.2,91.8,2.4,146.5
Ardennes,2022,10,14.2,74.3,2.6,130.0
Ardennes,2022,11,8.4,61.6,3.4,56.0
Ardennes,2022,12,3.7,82.5,3.3,41.9
Ardennes,2023,1,4.5,104.3,4.2,32.6
Ardennes,2023,2,5.1,10.2,2.9,100.6
Ardennes,2023,3,7.3,129.4,4.0,91.8
Ardennes,2023,4,8.9,75.2,3.2,147.4
Ardennes,2023,5,14.2,57.7,3.0,264.0
Ardennes,2023,6,19.8,59.4,2.4,315.5
Ardennes,2023,7,18.5,117.7,3.0,188.5
Ardennes,2023,8,18.6,123.8,2.5,182.5
Ardennes,2023,9,18.7,64.6,2.3,217.1
Ardennes,2023,10,13.0,122.9,3.0,111.2
Ardennes,2023,11,7.5,143.8,4.3,34.4
Ardennes,2023,12,6.1,94.4,4.2,21.6
Ardennes,2024,1,3.0,97.9,3.8,65.9
Ardennes,2024,2,7.8,131.1,4.0,12.6
Ardennes,2024,3,8.9,72.9,3.3,100.6
Ardennes,2024,4,10.6,70.3,3.4,121.2
Ardennes,2024,5,14.6,119.8,2.4,134.0
Ardennes,2024,6,16.2,69.6,2.5,205.0
Ardennes,2024,7,18.9,101.7,2.2,194.6
Ardennes,2024,8,19.9,69.3,2.3,241.5
Ardennes,2024,9,15.7,117.7,3.0,148.1
Ardennes,2024,10,13.0,106.5,2.6,96.6
Ardennes,2024,11,7.1,57.3,3.0,36.0
Ardennes,2024,12,4.2,82.3,3.4,36.2
Ardèche,2018,1,6.6,182.6,3.3,62.2
Ardèche,2018,2,1.7,48.8,3.7,78.2
Ardèche,2018,3,6.8,212.3,3.5,107.9
Ardèche,2018,4,12.8,159.4,3.2,199.2
Ardèche,2018,5,15.3,171.9,3.0,164.5
Ardèche,2018,6,19.3,86.9,3.0,265.9
Ardèche,2018,7,22.9,47.9,2.8,305.0
Ardèche,2018,8,22.1,122.4,3.0,281.1
Ardèche,2018,9,18.9,11.8,2.7,256.5
Ardèche,2018,10,13.4,236.2,3.6,141.9
Ardèche,2018,11,8.4,333.2,3.0,51.4
Ardèche,2018,12,5.7,46.0,2.9,85.4
Ardèche,2019,1,2.7,37.2,4.7,80.0
Ardèche,2019,2,6.9,33.2,3.0,177.1
Ardèche,2019,3,9.0,44.9,3.7,217.4
Ardèche,2019,4,10.1,155.5,3.6,172.3
Ardèche,2019,5,13.4,41.3,4.1,200.4
Ardèche,2019,6,20.0,69.1,2.8,292.5
Ardèche,2019,7,23.4,44.8,2.9,309.0
Ardèche,2019,8,22.1,35.3,2.7,282.9
Ardèche,2019,9,18.4,27.5,3.0,216.2
Ardèche,2019,10,14.3,294.4,3.2,107.2
Ardèche,2019,11,6.9,289.4,2.8,69.0
Ardèche,2019,12,6.8,127.6,3.4,89.2
Ardèche,2020,1,5.8,45.4,2.9,80.6
Ardèche,2020,2,7.7,38.5,3.4,122.1
Ardèche,2020,3,8.5,46.8,3.1,171.4
Ardèche,2020,4,12.8,61.4,2.4,222.2
Ardèche,2020,5,16.2,82.5,3.5,257.7
Ardèche,2020,6,18.3,120.6,3.0,226.4
Ardèche,2020,7,22.3,56.1,3.1,303.4
Ardèche,2020,8,22.3,50.0,2.9,261.7
Ardèche,2020,9,18.2,90.9,2.8,217.9
Ardèche,2020,10,11.2,149.7,3.2,83.2
Ardèche,2020,11,9.4,62.7,2.8,105.9
Ardèche,2020,12,4.5,185.9,3.1,35.1
Ardèche,2021,1,2.7,75.9,3.8,51.2
Ardèche,2021,2,7.3,47.2,3.5,92.5
Ardèche,2021,3,7.7,14.4,3.9,187.2
Ardèche,2021,4,9.2,63.3,3.6,203.0
Ardèche,2021,5,12.8,180.5,3.0,205.6
Ardèche,2021,6,19.5,98.7,3.2,238.0
Ardèche,2021,7,20.1,99.8,2.9,222.4
Ardèche,2021,8,19.9,36.8,3.0,269.6
Ardèche,2021,9,18.1,95.0,2.4,192.0
Ardèche,2021,10,11.7,299.8,3.5,168.7
Ardèche,2021,11,6.5,37.8,3.4,81.0
Ardèche,2021,12,4.8,51.4,2.7,94.4
Ardèche,2022,1,3.8,12.9,3.7,126.9
Ardèche,2022,2,6.6,50.1,3.7,149.3
Ardèche,2022,3,7.9,76.4,3.1,163.3
Ardèche,2022,4,10.8,59.9,3.6,189.5
Ardèche,2022,5,17.3,16.0,3.2,284.3
Ardèche,2022,6,22.0,95.7,3.2,285.2
Ardèche,2022,7,23.7,14.7,3.3,385.1
Ardèche,2022,8,23.3,86.3,3.1,297.1
Ardèche,2022,9,16.9,107.7,2.8,198.2
Ardèche,2022,10,15.9,156.0,2.5,145.2
Ardèche,2022,11,9.1,128.2,2.9,93.7
Ardèche,2022,12,5.3,124.2,2.6,63.7
Ardèche,2023,1,4.2,19.6,4.0,38.8
Ardèche,2023,2,5.9,30.2,3.4,144.9
Ardèche,2023,3,8.9,41.3,3.4,150.7
Ardèche,2023,4,10.9,36.8,3.5,163.0
Ardèche,2023,5,15.3,97.4,3.4,167.9
Ardèche,2023,6,20.2,142.9,2.7,261.8
Ardèche,2023,7,22.3,29.9,2.8,305.3
Ardèche,2023,8,22.7,55.3,3.1,261.4
Ardèche,2023,9,19.6,90.4,2.5,244.0
Ardèche,2023,10,15.4,269.2,2.7,156.2
Ardèche,2023,11,7.9,84.0,3.3,82.1
Ardèche,2023,12,6.1,55.0,3.1,84.3
Ardèche,2024,1,5.0,37.4,3.2,85.9
Ardèche,2024,2,8.0,116.0,3.6,89.3
Ardèche,2024,3,9.2,416.2,3.9,143.9
Ardèche,2024,4,10.9,126.9,4.2,167.5
Ardèche,2024,5,13.9,153.3,2.7,166.5
Ardèche,2024,6,18.5,92.3,3.0,197.0
Ardèche,2024,7,21.8,48.2,2.8,283.6
Ardèche,2024,8,23.1,32.0,3.0,312.7
Ardèche,2024,9,15.8,153.8,3.3,140.5
Ardèche,2024,10,14.5,391.6,2.8,115.5
Ardèche,2024,11,9.0,65.2,2.8,123.0
Ardèche,2024,12,4.8,35.8,3.1,97.4
Ariège,2018,1,5.0,152.2,3.1,106.0
Ariège,2018,2,0.8,182.3,2.8,79.6
Ariège,2018,3,5.3,107.4,3.3,132.6
Ariège,2018,4,11.5,85.1,2.8,185.9
Ariège,2018,5,12.8,191.6,2.2,129.6
Ariège,2018,6,17.5,94.4,2.0,196.9
Ariège,2018,7,20.5,110.6,1.9,249.8
Ariège,2018,8,20.2,55.8,2.0,226.9
Ariège,2018,9,18.1,63.8,1.8,221.8
Ariège,2018,10,12.5,104.9,2.2,164.4
Ariège,2018,11,8.3,42.9,2.4,135.1
Ariège,2018,12,7.5,61.9,2.1,94.6
Ariège,2019,1,1.8,110.4,3.1,59.3
Ariège,2019,2,6.2,51.2,2.4,196.3
Ariège,2019,3,7.2,27.6,2.7,217.4
Ariège,2019,4,9.1,81.2,2.8,143.5
Ariège,2019,5,11.6,137.1,2.5,202.2
Ariège,2019,6,18.0,44.9,2.3,251.9
Ariège,2019,7,21.2,69.4,2.2,257.5
Ariège,2019,8,19.9,75.5,1.8,241.5
Ariège,2019,9,17.0,51.8,2.0,211.1
Ariège,2019,10,14.1,119.1,2.3,154.2
Ariège,2019,11,6.5,162.9,2.6,97.7
Ariège,2019,12,7.3,126.6,2.9,123.9
Ariège,2020,1,4.9,86.7,2.1,140.0
Ariège,2020,2,8.0,35.6,2.6,171.1
Ariège,2020,3,7.3,103.4,2.7,153.3
Ariège,2020,4,12.2,124.7,2.4,148.6
Ariège,2020,5,15.6,86.5,2.2,248.5
Ariège,2020,6,16.4,118.9,2.0,154.0
Ariège,2020,7,20.2,36.9,2.0,256.0
Ariège,2020,8,20.7,49.4,2.2,219.1
Ariège,2020,9,16.9,125.6,2.2,192.4
Ariège,2020,10,11.1,127.4,2.6,131.2
Ariège,2020,11,9.7,46.6,2.0,162.9
Ariège,2020,12,3.7,135.0,2.9,75.3
Ariège,2021,1,1.0,119.7,2.8,97.9
Ariège,2021,2,7.8,39.5,3.4,152.3
Ariège,2021,3,6.4,40.6,2.6,171.0
Ariège,2021,4,8.9,54.6,2.4,195.2
Ariège,2021,5,12.1,64.5,2.4,185.8
Ariège,2021,6,17.7,56.5,2.2,195.8
Ariège,2021,7,18.5,59.9,2.2,197.5
Ariège,2021,8,18.9,23.5,1.9,228.8
Ariège,2021,9,17.5,106.4,1.8,141.5
Ariège,2021,10,12.0,55.8,1.9,209.5
Ariège,2021,11,5.8,108.6,2.1,80.2
Ariège,2021,12,6.0,153.0,2.6,129.5
Ariège,2022,1,3.1,122.6,2.1,169.3
Ariège,2022,2,5.9,35.6,2.6,153.5
Ariège,2022,3,7.1,74.0,3.1,142.9
Ariège,2022,4,8.2,64.2,2.5,150.6
Ariège,2022,5,16.0,67.2,2.2,225.8
Ariège,2022,6,19.6,59.8,2.3,230.2
Ariège,2022,7,21.7,15.7,2.0,306.8
Ariège,2022,8,22.1,59.3,1.9,245.3
Ariège,2022,9,16.9,83.9,2.2,192.2
Ariège,2022,10,16.5,15.6,2.5,170.2
Ariège,2022,11,9.2,139.5,2.5,121.0
Ariège,2022,12,6.6,29.1,2.2,121.7
Ariège,2023,1,1.1,83.2,2.8,74.2
Ariège,2023,2,3.4,20.4,2.1,170.7
Ariège,2023,3,7.1,53.1,2.9,177.7
Ariège,2023,4,10.7,108.0,2.7,177.9
Ariège,2023,5,12.8,146.1,2.3,160.5
Ariège,2023,6,18.2,124.6,2.1,190.5
Ariège,2023,7,20.1,52.6,2.3,221.2
Ariège,2023,8,20.5,70.1,2.4,239.7
Ariège,2023,9,19.1,24.1,2.2,244.4
Ariège,2023,10,15.5,50.9,2.3,183.6
Ariège,2023,11,8.6,124.2,2.7,103.4
Ariège,2023,12,5.8,72.3,2.6,115.2
Ariège,2024,1,5.4,46.9,2.2,126.0
Ariège,2024,2,6.7,116.6,2.7,121.8
Ariège,2024,3,8.0,60.8,3.0,186.4
Ariège,2024,4,10.5,66.0,3.0,190.9
Ariège,2024,5,12.5,107.2,2.2,161.6
Ariège,2024,6,16.8,68.5,2.2,191.6
Ariège,2024,7,20.4,64.0,2.2,263.2
Ariège,2024,8,20.5,98.3,1.9,229.7
Ariège,2024,9,14.5,90.5,2.3,149.2
Ariège,2024,10,13.6,111.2,2.4,117.0
Ariège,2024,11,9.9,69.9,2.2,135.7
Ariège,2024,12,4.5,121.9,2.6,102.3
Aube,2018,1,7.0,187.5,5.0,32.3
Aube,2018,2,1.2,58.9,3.5,115.9
Aube,2018,3,6.6,92.1,3.8,111.5
Aube,2018,4,13.2,52.8,3.3,204.9
Aube,2018,5,15.8,106.9,2.6,273.3
Aube,2018,6,19.0,63.3,2.5,261.7
Aube,2018,7,22.1,23.9,2.3,328.5
Aube,2018,8,20.9,44.0,2.6,283.7
Aube,2018,9,16.6,19.0,2.5,253.3
Aube,2018,10,12.8,34.8,3.0,178.3
Aube,2018,11,7.8,68.0,3.2,87.0
Aube,2018,12,5.7,92.6,4.1,53.2
Aube,2019,1,2.4,54.2,3.5,50.6
Aube,2019,2,6.5,26.4,3.0,160.7
Aube,2019,3,8.3,60.9,4.7,178.8
Aube,2019,4,10.5,44.3,3.1,194.5
Aube,2019,5,12.1,73.1,2.8,217.2
Aube,2019,6,19.9,41.2,2.9,289.1
Aube,2019,7,21.1,23.5,2.8,318.6
Aube,2019,8,20.5,36.6,2.7,263.2
Aube,2019,9,16.1,32.7,3.3,157.4
Aube,2019,10,13.4,108.3,3.9,90.9
Aube,2019,11,7.1,104.7,3.9,60.3
Aube,2019,12,6.3,126.7,4.5,71.8
Aube,2020,1,5.7,37.5,3.9,97.4
Aube,2020,2,8.0,116.9,6.0,91.2
Aube,2020,3,7.9,61.4,4.4,177.2
Aube,2020,4,13.4,19.1,2.9,300.0
Aube,2020,5,14.3,88.1,2.8,212.0
Aube,2020,6,17.4,72.4,3.0,229.1
Aube,2020,7,20.0,7.0,2.9,299.1
Aube,2020,8,21.8,27.5,3.1,242.6
Aube,2020,9,17.8,60.9,2.8,211.2
Aube,2020,10,11.9,118.4,4.3,69.3
Aube,2020,11,9.0,26.2,2.9,136.6
Aube,2020,12,5.7,104.8,4.3,53.8
Aube,2021,1,3.3,118.3,4.0,49.9
Aube,2021,2,6.3,55.5,3.9,119.7
Aube,2021,3,7.1,53.5,3.4,181.0
Aube,2021,4,8.4,31.9,3.1,258.8
Aube,2021,5,12.2,107.5,4.1,200.5
Aube,2021,6,19.3,83.0,2.4,225.7
Aube,2021,7,18.8,122.3,3.1,195.8
Aube,2021,8,18.4,36.3,3.0,189.3
Aube,2021,9,17.5,58.3,2.3,220.8
Aube,2021,10,11.6,49.0,3.1,176.9
Aube,2021,11,5.4,47.3,2.7,55.5
Aube,2021,12,5.5,81.9,3.7,53.2
Aube,2022,1,3.3,53.5,3.2,72.0
Aube,2022,2,6.5,45.4,4.8,120.8
Aube,2022,3,8.7,31.0,3.0,217.4
Aube,2022,4,10.2,40.1,3.5,216.5
Aube,2022,5,16.3,28.5,2.7,300.0
Aube,2022,6,19.5,127.4,2.5,287.7
Aube,2022,7,20.7,5.9,2.6,353.8
Aube,2022,8,21.6,31.5,2.7,300.0
Aube,2022,9,15.9,80.4,2.8,177.6
Aube,2022,10,15.7,77.6,3.2,149.7
Aube,2022,11,9.0,69.6,3.9,69.8
Aube,2022,12,4.6,51.9,3.8,44.6
Aube,2023,1,5.3,75.8,4.9,36.8
Aube,2023,2,5.7,8.6,3.2,129.5
Aube,2023,3,8.5,87.8,4.6,123.7
Aube,2023,4,9.5,61.5,3.5,142.2
Aube,2023,5,14.6,38.0,3.2,256.8
Aube,2023,6,20.2,87.9,2.4,338.2
Aube,2023,7,19.9,76.0,3.4,235.8
Aube,2023,8,20.1,93.8,3.1,189.1
Aube,2023,9,19.9,33.7,2.7,248.3
Aube,2023,10,14.4,110.5,3.6,159.9
Aube,2023,11,8.5,112.0,5.0,66.3
Aube,2023,12,6.6,81.1,4.8,37.5
Aube,2024,1,4.0,62.1,4.1,75.7
Aube,2024,2,8.5,98.2,4.6,41.9
Aube,2024,3,9.6,102.2,3.8,128.8
Aube,2024,4,11.3,55.4,3.8,151.3
Aube,2024,5,14.9,121.4,2.9,163.2
Aube,2024,6,17.5,109.0,2.8,224.4
Aube,2024,7,20.2,91.7,2.6,223.5
Aube,2024,8,21.0,65.7,2.4,289.0
Aube,2024,9,16.0,89.5,3.6,146.0
Aube,2024,10,14.1,72.9,3.0,105.8
Aube,2024,11,7.6,65.9,3.4,70.2
Aube,2024,12,4.6,64.9,3.7,43.1
Aude,2018,1,8.6,116.1,5.1,81.3
Aude,2018,2,4.4,85.5,4.7,102.8
Aude,2018,3,8.5,112.1,4.7,152.6
Aude,2018,4,13.2,121.8,4.1,179.6
Aude,2018,5,15.3,117.4,4.3,191.7
Aude,2018,6,20.0,50.6,3.6,258.2
Aude,2018,7,23.6,59.0,3.4,345.0
Aude,2018,8,23.3,29.2,3.9,316.8
Aude,2018,9,20.7,19.5,3.4,259.0
Aude,2018,10,14.8,263.6,4.6,135.2
Aude,2018,11,10.5,63.6,3.7,96.3
Aude,2018,12,9.1,51.7,3.7,96.4
Aude,2019,1,4.6,57.0,6.0,77.0
Aude,2019,2,9.2,20.9,4.0,180.9
Aude,2019,3,10.5,13.3,4.7,220.6
Aude,2019,4,11.6,52.4,4.5,172.0
Aude,2019,5,14.0,82.7,4.9,217.6
Aude,2019,6,19.9,26.2,3.7,282.1
Aude,2019,7,23.8,38.0,3.8,310.1
Aude,2019,8,22.9,27.0,3.2,300.8
Aude,2019,9,19.5,58.7,3.7,237.5
Aude,2019,10,15.8,148.9,3.7,144.0
Aude,2019,11,8.9,83.3,3.8,102.1
Aude,2019,12,9.5,107.9,4.4,111.5
Aude,2020,1,7.6,112.0,3.7,103.2
Aude,2020,2,10.2,28.6,4.1,141.6
Aude,2020,3,9.6,82.6,4.7,169.6
Aude,2020,4,13.3,127.8,3.8,169.1
Aude,2020,5,17.5,105.2,4.0,270.1
Aude,2020,6,18.9,49.7,3.7,224.0
Aude,2020,7,22.8,18.0,4.0,333.0
Aude,2020,8,23.0,30.2,3.9,272.5
Aude,2020,9,19.3,79.0,3.7,227.6
Aude,2020,10,13.1,56.9,4.1,131.4
Aude,2020,11,11.4,58.0,3.6,128.7
Aude,2020,12,6.9,101.1,4.1,53.9
Aude,2021,1,5.0,77.6,4.8,87.8
Aude,2021,2,9.9,49.8,4.7,77.3
Aude,2021,3,9.7,20.2,4.6,194.3
Aude,2021,4,11.1,30.0,4.1,211.0
Aude,2021,5,14.7,36.1,3.8,227.6
Aude,2021,6,20.9,51.3,3.9,249.8
Aude,2021,7,21.7,34.8,3.8,265.5
Aude,2021,8,21.8,18.0,3.5,314.6
Aude,2021,9,20.1,87.6,3.2,175.3
Aude,2021,10,14.4,32.4,3.6,193.6
Aude,2021,11,8.4,168.4,4.5,83.4
Aude,2021,12,8.5,83.4,3.7,122.2
Aude,2022,1,6.1,77.1,4.2,152.8
Aude,2022,2,9.3,16.0,4.8,141.8
Aude,2022,3,10.1,104.1,4.7,113.9
Aude,2022,4,12.3,64.8,4.7,187.3
Aude,2022,5,18.6,13.0,3.9,276.9
Aude,2022,6,22.4,41.1,3.7,253.5
Aude,2022,7,25.0,7.1,3.9,384.4
Aude,2022,8,25.4,14.1,3.6,292.9
Aude,2022,9,20.0,49.6,3.8,214.3
Aude,2022,10,18.9,8.6,3.2,145.2
Aude,2022,11,12.1,78.9,3.7,116.7
Aude,2022,12,8.8,21.0,2.5,93.4
Aude,2023,1,6.0,68.9,4.9,78.8
Aude,2023,2,7.4,19.9,4.0,156.8
Aude,2023,3,11.0,50.4,4.5,168.2
Aude,2023,4,13.4,46.6,4.5,189.6
Aude,2023,5,16.6,93.5,4.3,206.3
Aude,2023,6,22.0,77.7,3.6,239.8
Aude,2023,7,23.5,33.7,4.0,299.6
Aude,2023,8,23.7,22.7,4.0,264.2
Aude,2023,9,21.6,30.5,3.5,251.9
Aude,2023,10,18.1,29.1,3.0,184.3
Aude,2023,11,11.1,64.8,4.1,120.4
Aude,2023,12,8.8,46.6,4.3,114.2
Aude,2024,1,8.0,38.5,3.7,105.1
Aude,2024,2,9.9,67.1,4.5,125.0
Aude,2024,3,11.7,41.9,4.3,172.6
Aude,2024,4,12.9,69.1,4.7,187.8
Aude,2024,5,15.5,79.8,3.7,204.0
Aude,2024,6,20.3,35.6,4.0,247.9
Aude,2024,7,23.4,29.7,3.8,319.2
Aude,2024,8,24.2,33.0,4.0,300.1
Aude,2024,9,18.2,48.6,4.4,177.9
Aude,2024,10,16.4,92.9,3.6,109.9
Aude,2024,11,11.9,48.6,3.5,125.4
Aude,2024,12,7.7,66.4,4.4,109.4
Aveyron,2018,1,6.0,240.1,4.6,39.7
Aveyron,2018,2,1.0,52.0,3.6,104.3
Aveyron,2018,3,6.1,123.6,4.6,127.3
Aveyron,2018,4,11.6,88.7,4.4,185.7
Aveyron,2018,5,13.4,149.8,3.2,171.3
Aveyron,2018,6,18.1,74.8,2.9,284.0
Aveyron,2018,7,21.2,59.7,2.6,338.3
Aveyron,2018,8,21.0,34.9,3.0,288.2
Aveyron,2018,9,18.1,13.0,2.7,274.5
Aveyron,2018,10,12.7,126.2,4.2,161.7
Aveyron,2018,11,8.5,63.9,3.8,91.2
Aveyron,2018,12,5.9,104.0,3.2,83.2
Aveyron,2019,1,1.2,89.5,4.2,87.6
Aveyron,2019,2,6.8,28.3,3.2,192.6
Aveyron,2019,3,7.6,46.4,4.2,207.5
Aveyron,2019,4,8.9,103.8,4.2,171.4
Aveyron,2019,5,11.5,95.1,4.0,203.0
Aveyron,2019,6,18.8,39.0,3.2,292.8
Aveyron,2019,7,21.8,49.1,3.0,343.0
Aveyron,2019,8,20.6,70.2,2.6,303.9
Aveyron,2019,9,17.1,52.0,3.0,223.8
Aveyron,2019,10,13.4,164.8,3.5,127.3
Aveyron,2019,11,6.3,198.2,3.5,63.8
Aveyron,2019,12,6.7,174.1,4.3,104.5
Aveyron,2020,1,5.5,65.4,3.6,84.4
Aveyron,2020,2,7.2,64.7,3.9,115.6
Aveyron,2020,3,7.6,72.0,3.9,182.0
Aveyron,2020,4,12.4,82.5,3.5,192.4
Aveyron,2020,5,15.5,88.0,3.5,273.0
Aveyron,2020,6,16.4,120.5,3.2,246.1
Aveyron,2020,7,20.7,4.3,3.1,339.5
Aveyron,2020,8,21.3,60.3,3.2,272.9
Aveyron,2020,9,17.0,97.3,3.1,215.9
Aveyron,2020,10,10.6,151.9,3.9,95.3
Aveyron,2020,11,9.8,32.9,3.4,152.6
Aveyron,2020,12,4.5,179.0,4.0,36.8
Aveyron,2021,1,1.7,134.1,3.9,86.6
Aveyron,2021,2,7.5,84.4,4.8,97.5
Aveyron,2021,3,7.0,38.3,3.9,202.5
Aveyron,2021,4,8.7,34.4,3.8,226.4
Aveyron,2021,5,11.5,104.8,3.5,203.3
Aveyron,2021,6,18.0,98.5,3.2,230.4
Aveyron,2021,7,18.6,121.8,2.8,241.5
Aveyron,2021,8,18.5,25.0,2.7,280.1
Aveyron,2021,9,17.4,100.0,2.7,177.5
Aveyron,2021,10,11.6,53.0,3.4,194.2
Aveyron,2021,11,5.7,63.6,3.2,94.4
Aveyron,2021,12,5.6,153.3,3.2,133.4
Aveyron,2022,1,3.2,54.1,2.8,181.8
Aveyron,2022,2,6.0,59.7,4.1,134.4
Aveyron,2022,3,7.6,76.8,4.9,133.5
Aveyron,2022,4,9.4,82.2,4.0,169.5
Aveyron,2022,5,16.2,18.9,3.1,232.9
Aveyron,2022,6,20.3,79.6,3.4,232.0
Aveyron,2022,7,22.4,5.4,3.1,390.1
Aveyron,2022,8,22.8,28.3,2.9,317.4
Aveyron,2022,9,17.0,82.9,3.2,195.9
Aveyron,2022,10,16.2,32.6,3.4,155.1
Aveyron,2022,11,9.0,99.1,3.4,107.2
Aveyron,2022,12,6.1,73.3,2.9,90.1
Aveyron,2023,1,2.7,70.5,4.0,68.8
Aveyron,2023,2,4.7,23.0,3.0,184.1
Aveyron,2023,3,8.1,133.6,4.0,162.8
Aveyron,2023,4,10.2,92.1,3.9,175.2
Aveyron,2023,5,14.0,111.0,3.2,215.3
Aveyron,2023,6,19.1,95.4,2.9,250.6
Aveyron,2023,7,20.7,31.2,3.2,309.4
Aveyron,2023,8,21.1,38.7,3.4,274.5
Aveyron,2023,9,19.6,57.5,3.2,254.7
Aveyron,2023,10,15.2,98.0,3.3,166.7
Aveyron,2023,11,7.4,186.9,3.7,94.3
Aveyron,2023,12,5.7,117.4,3.4,99.7
Aveyron,2024,1,5.0,52.3,3.2,97.3
Aveyron,2024,2,7.1,111.0,3.6,103.2
Aveyron,2024,3,8.6,117.0,4.4,138.4
Aveyron,2024,4,10.0,94.7,4.6,185.7
Aveyron,2024,5,12.7,144.8,3.0,183.5
Aveyron,2024,6,17.3,80.9,3.2,211.1
Aveyron,2024,7,20.4,71.3,3.0,306.2
Aveyron,2024,8,21.1,45.2,2.9,318.3
Aveyron,2024,9,14.6,120.2,3.8,148.4
Aveyron,2024,10,14.3,150.4,3.5,141.6
Aveyron,2024,11,9.5,63.5,3.2,146.8
Aveyron,2024,12,4.8,74.9,3.2,119.6
Bas-Rhin,2018,1,5.6,184.3,4.6,38.6
Bas-Rhin,2018,2,-0.7,32.2,4.0,101.5
Bas-Rhin,2018,3,4.3,56.3,3.6,99.4
Bas-Rhin,2018,4,13.3,31.6,3.2,210.7
Bas-Rhin,2018,5,16.2,109.7,2.9,250.0
Bas-Rhin,2018,6,19.0,61.9,2.6,275.0
Bas-Rhin,2018,7,21.7,40.6,2.4,328.5
Bas-Rhin,2018,8,21.1,48.8,2.6,256.0
Bas-Rhin,2018,9,16.7,46.2,2.6,248.0
Bas-Rhin,2018,10,11.8,21.8,3.0,166.0
Bas-Rhin,2018,11,6.2,32.0,3.0,80.0
Bas-Rhin,2018,12,4.2,128.7,4.2,30.2
Bas-Rhin,2019,1,1.0,80.3,3.3,44.0
Bas-Rhin,2019,2,5.4,34.6,3.1,168.2
Bas-Rhin,2019,3,8.0,93.4,4.7,184.7
Bas-Rhin,2019,4,9.9,75.7,3.1,173.3
Bas-Rhin,2019,5,11.7,71.9,3.0,218.7
Bas-Rhin,2019,6,19.8,59.1,2.8,304.5
Bas-Rhin,2019,7,20.8,41.1,2.7,301.5
Bas-Rhin,2019,8,20.2,54.1,2.5,255.9
Bas-Rhin,2019,9,15.5,47.3,3.1,193.4
Bas-Rhin,2019,10,12.3,109.6,3.6,79.0
Bas-Rhin,2019,11,5.6,63.2,3.3,41.1
Bas-Rhin,2019,12,4.3,111.3,4.0,65.8
Bas-Rhin,2020,1,3.8,36.6,3.8,67.5
Bas-Rhin,2020,2,6.4,152.9,5.8,94.9
Bas-Rhin,2020,3,6.6,79.6,4.3,185.8
Bas-Rhin,2020,4,12.7,14.5,3.3,308.3
Bas-Rhin,2020,5,13.6,53.3,3.2,280.3
Bas-Rhin,2020,6,17.4,80.6,3.0,197.6
Bas-Rhin,2020,7,19.8,21.2,2.9,295.4
Bas-Rhin,2020,8,21.2,57.4,2.7,233.8
Bas-Rhin,2020,9,16.9,48.5,2.7,217.0
Bas-Rhin,2020,10,10.7,88.0,3.8,73.2
Bas-Rhin,2020,11,6.7,28.8,2.8,85.1
Bas-Rhin,2020,12,3.9,85.2,3.4,24.0
Bas-Rhin,2021,1,1.5,148.9,4.6,55.8
Bas-Rhin,2021,2,4.4,57.8,3.4,129.0
Bas-Rhin,2021,3,6.2,56.1,3.2,175.0
Bas-Rhin,2021,4,7.8,33.9,3.3,216.3
Bas-Rhin,2021,5,11.4,119.2,4.0,165.2
Bas-Rhin,2021,6,20.0,131.2,2.5,240.4
Bas-Rhin,2021,7,18.7,128.6,2.7,216.8
Bas-Rhin,2021,8,17.7,90.6,2.7,162.8
Bas-Rhin,2021,9,16.5,28.1,2.4,211.5
Bas-Rhin,2021,10,10.4,58.8,2.9,144.9
Bas-Rhin,2021,11,4.3,46.6,2.9,51.4
Bas-Rhin,2021,12,4.1,100.6,3.6,46.2
Bas-Rhin,2022,1,2.5,54.5,3.7,66.6
Bas-Rhin,2022,2,5.5,64.7,5.0,112.9
Bas-Rhin,2022,3,7.3,19.3,3.1,229.1
Bas-Rhin,2022,4,9.5,77.6,3.7,193.9
Bas-Rhin,2022,5,16.3,25.3,2.9,290.9
Bas-Rhin,2022,6,19.8,106.1,2.7,282.2
Bas-Rhin,2022,7,21.1,10.3,2.7,354.4
Bas-Rhin,2022,8,22.0,37.6,2.8,203.4
Bas-Rhin,2022,9,15.1,128.4,2.9,150.8
Bas-Rhin,2022,10,14.6,100.7,2.9,134.9
Bas-Rhin,2022,11,8.0,94.8,3.2,54.5
Bas-Rhin,2022,12,3.1,70.3,3.5,31.6
Bas-Rhin,2023,1,4.1,70.3,4.4,44.4
Bas-Rhin,2023,2,4.4,15.9,3.6,104.1
Bas-Rhin,2023,3,7.5,93.4,4.3,119.3
Bas-Rhin,2023,4,9.1,70.1,3.5,144.5
Bas-Rhin,2023,5,14.9,43.4,3.4,251.4
Bas-Rhin,2023,6,20.5,22.6,3.0,357.6
Bas-Rhin,2023,7,20.0,100.2,3.4,218.2
Bas-Rhin,2023,8,20.0,91.4,3.0,195.1
Bas-Rhin,2023,9,19.3,25.8,2.6,264.4
Bas-Rhin,2023,10,13.4,116.0,3.5,135.0
Bas-Rhin,2023,11,6.7,161.7,4.7,32.4
Bas-Rhin,2023,12,5.2,105.7,4.5,36.0
Bas-Rhin,2024,1,2.6,85.3,4.2,67.1
Bas-Rhin,2024,2,7.6,79.6,4.2,76.9
Bas-Rhin,2024,3,8.7,87.9,3.2,116.4
Bas-Rhin,2024,4,10.8,73.4,3.7,160.4
Bas-Rhin,2024,5,15.0,198.8,3.0,176.6
Bas-Rhin,2024,6,17.9,78.8,2.9,218.0
Bas-Rhin,2024,7,20.0,91.2,2.6,242.2
Bas-Rhin,2024,8,21.3,65.6,2.4,292.8
Bas-Rhin,2024,9,15.8,119.5,3.3,129.9
Bas-Rhin,2024,10,12.3,88.6,2.8,76.9
Bas-Rhin,2024,11,6.0,63.5,3.5,36.3
Bas-Rhin,2024,12,3.1,65.7,3.7,40.2
Bouches-du-Rhône,2018,1,9.8,79.9,4.1,148.7
Bouches-du-Rhône,2018,2,4.9,33.3,3.9,151.6
Bouches-du-Rhône,2018,3,9.7,68.9,4.4,199.5
Bouches-du-Rhône,2018,4,15.1,99.0,3.8,246.4
Bouches-du-Rhône,2018,5,17.3,79.8,2.6,216.8
Bouches-du-Rhône,2018,6,21.6,37.3,2.9,316.0
Bouches-du-Rhône,2018,7,25.1,22.9,2.9,400.5
Bouches-du-Rhône,2018,8,24.5,77.7,3.0,339.8
Bouches-du-Rhône,2018,9,21.3,10.8,2.6,288.2
Bouches-du-Rhône,2018,10,16.4,245.4,3.4,185.8
Bouches-du-Rhône,2018,11,12.0,136.9,3.5,97.3
Bouches-du-Rhône,2018,12,8.4,32.9,3.0,169.2
Bouches-du-Rhône,2019,1,5.5,9.5,4.8,192.8
Bouches-du-Rhône,2019,2,9.1,22.1,2.8,212.4
Bouches-du-Rhône,2019,3,11.4,0.7,4.0,291.8
Bouches-du-Rhône,2019,4,12.9,87.1,3.9,247.0
Bouches-du-Rhône,2019,5,15.6,14.8,4.2,300.6
Bouches-du-Rhône,2019,6,22.5,9.5,3.0,363.8
Bouches-du-Rhône,2019,7,25.5,18.1,3.0,383.6
Bouches-du-Rhône,2019,8,24.8,12.9,2.9,333.4
Bouches-du-Rhône,2019,9,21.0,63.9,3.3,275.1
Bouches-du-Rhône,2019,10,17.3,155.9,3.5,195.8
Bouches-du-Rhône,2019,11,10.2,184.5,3.2,127.1
Bouches-du-Rhône,2019,12,10.1,90.2,3.7,144.3
Bouches-du-Rhône,2020,1,8.7,32.8,3.0,120.3
Bouches-du-Rhône,2020,2,10.2,8.9,3.8,194.2
Bouches-du-Rhône,2020,3,10.7,22.7,3.5,216.2
Bouches-du-Rhône,2020,4,13.8,53.2,2.5,260.2
Bouches-du-Rhône,2020,5,18.5,71.6,3.0,303.8
Bouches-du-Rhône,2020,6,20.6,50.1,3.8,346.9
Bouches-du-Rhône,2020,7,24.5,0.5,3.1,396.6
Bouches-du-Rhône,2020,8,24.6,7.4,3.4,350.9
Bouches-du-Rhône,2020,9,20.5,67.3,2.9,244.4
Bouches-du-Rhône,2020,10,14.2,28.2,3.8,214.7
Bouches-du-Rhône,2020,11,12.6,40.0,2.9,164.6
Bouches-du-Rhône,2020,12,7.6,52.7,3.5,103.7
Bouches-du-Rhône,2021,1,6.2,50.7,4.0,150.8
Bouches-du-Rhône,2021,2,10.2,30.5,3.4,137.6
Bouches-du-Rhône,2021,3,10.1,5.4,3.3,240.8
Bouches-du-Rhône,2021,4,11.7,72.2,3.3,245.2
Bouches-du-Rhône,2021,5,15.8,70.7,3.7,289.7
Bouches-du-Rhône,2021,6,22.7,5.7,3.1,349.6
Bouches-du-Rhône,2021,7,24.4,11.7,3.4,344.0
Bouches-du-Rhône,2021,8,23.5,22.0,3.3,352.2
Bouches-du-Rhône,2021,9,21.4,62.2,2.8,236.7
Bouches-du-Rhône,2021,10,15.4,136.1,3.3,229.6
Bouches-du-Rhône,2021,11,10.5,88.4,3.3,143.9
Bouches-du-Rhône,2021,12,7.8,63.8,3.0,153.2
Bouches-du-Rhône,2022,1,6.5,2.0,3.2,205.4
Bouches-du-Rhône,2022,2,9.5,27.3,4.4,189.1
Bouches-du-Rhône,2022,3,10.4,10.2,3.2,173.4
Bouches-du-Rhône,2022,4,13.0,26.7,3.5,255.6
Bouches-du-Rhône,2022,5,19.3,17.0,2.8,333.7
Bouches-du-Rhône,2022,6,24.5,10.1,3.3,348.3
Bouches-du-Rhône,2022,7,26.5,1.1,3.1,420.9
Bouches-du-Rhône,2022,8,25.7,54.2,3.0,349.4
Bouches-du-Rhône,2022,9,20.6,58.9,3.4,270.7
Bouches-du-Rhône,2022,10,19.1,15.8,2.5,201.2
Bouches-du-Rhône,2022,11,12.5,84.4,3.3,166.4
Bouches-du-Rhône,2022,12,9.4,99.7,3.0,122.8
Bouches-du-Rhône,2023,1,7.2,7.5,3.7,164.8
Bouches-du-Rhône,2023,2,8.1,19.8,3.0,196.7
Bouches-du-Rhône,2023,3,11.3,11.4,3.4,233.4
Bouches-du-Rhône,2023,4,13.8,12.0,3.6,288.6
Bouches-du-Rhône,2023,5,17.8,68.3,3.1,277.4
Bouches-du-Rhône,2023,6,22.7,82.8,2.9,307.1
Bouches-du-Rhône,2023,7,25.9,6.2,3.4,390.6
Bouches-du-Rhône,2023,8,24.6,30.8,3.6,349.2
Bouches-du-Rhône,2023,9,22.1,43.0,2.7,282.1
Bouches-du-Rhône,2023,10,18.5,57.0,3.1,220.9
Bouches-du-Rhône,2023,11,11.0,30.0,3.6,172.2
Bouches-du-Rhône,2023,12,9.0,47.0,3.5,157.2
Bouches-du-Rhône,2024,1,8.2,27.9,3.2,159.2
Bouches-du-Rhône,2024,2,10.4,95.8,3.2,173.8
Bouches-du-Rhône,2024,3,11.9,165.7,4.4,216.7
Bouches-du-Rhône,2024,4,14.2,17.1,4.6,275.0
Bouches-du-Rhône,2024,5,17.0,44.5,3.1,295.7
Bouches-du-Rhône,2024,6,21.3,28.9,3.3,309.4
Bouches-du-Rhône,2024,7,25.3,18.1,3.3,391.8
Bouches-du-Rhône,2024,8,26.2,18.9,2.9,359.5
Bouches-du-Rhône,2024,9,19.6,95.6,3.8,243.1
Bouches-du-Rhône,2024,10,17.8,92.9,3.2,193.8
Bouches-du-Rhône,2024,11,12.2,33.8,2.8,161.3
Bouches-du-Rhône,2024,12,8.0,12.4,3.4,164.9
Calvados,2018,1,7.4,138.4,5.3,59.9
Calvados,2018,2,3.1,38.2,4.7,125.4
Calvados,2018,3,6.8,84.1,4.3,76.9
Calvados,2018,4,12.0,103.3,3.5,157.8
Calvados,2018,5,13.9,54.9,2.9,277.3
Calvados,2018,6,16.9,38.5,3.1,224.4
Calvados,2018,7,20.0,28.3,2.7,288.5
Calvados,2018,8,18.3,63.1,3.0,201.5
Calvados,2018,9,15.8,31.1,3.3,223.9
Calvados,2018,10,12.9,80.0,3.6,169.0
Calvados,2018,11,8.4,58.2,3.9,118.4
Calvados,2018,12,7.6,96.1,4.6,70.1
Calvados,2019,1,4.9,61.2,3.9,48.3
Calvados,2019,2,7.6,54.2,3.9,165.8
Calvados,2019,3,9.0,57.9,5.0,136.3
Calvados,2019,4,9.9,40.5,3.5,222.8
Calvados,2019,5,12.0,60.0,3.4,215.9
Calvados,2019,6,16.9,90.4,3.3,213.4
Calvados,2019,7,19.1,15.0,3.3,326.7
Calvados,2019,8,18.6,48.1,3.4,223.5
Calvados,2019,9,15.9,46.3,4.1,174.9
Calvados,2019,10,12.9,164.6,4.3,87.6
Calvados,2019,11,8.0,155.9,4.0,86.0
Calvados,2019,12,7.2,108.8,4.9,93.3
Calvados,2020,1,6.8,70.2,4.5,88.4
Calvados,2020,2,8.2,132.3,6.6,82.8
Calvados,2020,3,7.9,53.2,5.2,161.2
Calvados,2020,4,12.6,53.6,3.2,239.2
Calvados,2020,5,13.5,37.4,3.6,308.5
Calvados,2020,6,16.4,57.1,3.6,199.7
Calvados,2020,7,17.7,18.8,3.8,259.2
Calvados,2020,8,19.7,108.9,3.6,198.2
Calvados,2020,9,16.8,50.0,3.4,184.7
Calvados,2020,10,12.0,149.2,4.5,108.4
Calvados,2020,11,10.1,39.9,3.9,93.0
Calvados,2020,12,6.9,165.5,4.7,81.9
Calvados,2021,1,4.8,107.9,4.3,53.5
Calvados,2021,2,6.5,39.6,4.8,100.1
Calvados,2021,3,7.9,32.4,4.3,195.6
Calvados,2021,4,7.7,25.3,3.8,277.7
Calvados,2021,5,11.7,91.6,4.5,213.4
Calvados,2021,6,16.7,133.0,2.7,210.6
Calvados,2021,7,18.3,82.4,3.3,209.2
Calvados,2021,8,17.1,36.8,3.6,159.3
Calvados,2021,9,17.2,52.5,3.0,192.3
Calvados,2021,10,12.8,104.1,3.7,159.2
Calvados,2021,11,7.9,68.0,3.6,86.1
Calvados,2021,12,7.3,91.4,4.6,48.3
Calvados,2022,1,5.7,57.1,3.6,45.4
Calvados,2022,2,7.5,48.0,5.4,102.0
Calvados,2022,3,9.6,29.3,3.8,181.0
Calvados,2022,4,10.2,39.1,3.9,207.8
Calvados,2022,5,14.3,37.5,3.0,242.9
Calvados,2022,6,17.2,60.1,3.3,232.0
Calvados,2022,7,19.8,17.0,3.0,312.8
Calvados,2022,8,20.2,22.8,3.1,264.8
Calvados,2022,9,16.1,111.9,3.2,134.0
Calvados,2022,10,15.3,47.6,3.6,122.4
Calvados,2022,11,10.3,134.4,4.6,114.6
Calvados,2022,12,5.1,85.0,4.1,56.8
Calvados,2023,1,6.3,95.0,5.0,66.9
Calvados,2023,2,6.7,8.3,3.7,117.9
Calvados,2023,3,9.1,91.4,5.4,109.6
Calvados,2023,4,9.8,77.0,4.1,184.6
Calvados,2023,5,13.4,33.4,4.0,272.6
Calvados,2023,6,18.3,42.7,3.2,276.7
Calvados,2023,7,18.1,84.2,4.0,186.6
Calvados,2023,8,18.3,111.5,3.5,178.8
Calvados,2023,9,19.2,59.9,3.0,173.8
Calvados,2023,10,14.5,92.2,3.8,153.1
Calvados,2023,11,9.4,165.4,5.1,74.9
Calvados,2023,12,8.2,73.4,5.4,69.8
Calvados,2024,1,5.0,100.4,4.5,98.9
Calvados,2024,2,9.2,93.4,5.1,48.4
Calvados,2024,3,9.1,61.9,4.1,141.4
Calvados,2024,4,10.8,52.0,4.4,153.8
Calvados,2024,5,14.1,104.3,3.2,193.8
Calvados,2024,6,15.2,29.4,3.2,235.8
Calvados,2024,7,18.2,44.0,3.1,189.7
Calvados,2024,8,19.1,54.9,3.3,217.1
Calvados,2024,9,15.2,105.4,3.6,138.3
Calvados,2024,10,13.4,90.5,3.1,118.0
Calvados,2024,11,8.8,77.0,3.8,60.6
Calvados,2024,12,6.8,76.6,4.8,37.9
Cantal,2018,1,4.9,263.0,4.3,54.5
Cantal,2018,2,-0.8,68.7,3.4,98.6
Cantal,2018,3,4.7,132.6,4.3,123.6
Cantal,2018,4,10.6,71.7,3.9,179.3
Cantal,2018,5,12.5,124.8,2.9,149.0
Cantal,2018,6,16.7,82.0,2.6,263.1
Cantal,2018,7,19.6,58.7,2.4,312.7
Cantal,2018,8,19.2,53.3,2.6,269.7
Cantal,2018,9,16.2,30.2,2.5,258.7
Cantal,2018,10,11.6,52.4,3.7,171.1
Cantal,2018,11,7.1,65.7,3.5,92.9
Cantal,2018,12,4.9,146.2,3.2,86.6
Cantal,2019,1,-0.2,87.5,3.7,85.9
Cantal,2019,2,5.7,39.4,3.3,194.8
Cantal,2019,3,6.4,67.6,4.2,197.2
Cantal,2019,4,7.7,92.4,3.7,161.6
Cantal,2019,5,10.0,91.9,3.6,175.0
Cantal,2019,6,17.5,48.4,3.0,269.8
Cantal,2019,7,20.3,41.9,2.7,312.7
Cantal,2019,8,18.8,71.5,2.5,282.8
Cantal,2019,9,15.4,46.9,3.1,217.7
Cantal,2019,10,12.1,167.3,3.3,114.3
Cantal,2019,11,4.8,276.3,3.6,57.1
Cantal,2019,12,5.5,204.0,4.2,93.6
Cantal,2020,1,4.3,68.4,3.5,99.9
Cantal,2020,2,5.9,92.9,4.0,121.3
Cantal,2020,3,6.2,99.8,3.5,171.9
Cantal,2020,4,11.3,89.6,3.2,194.8
Cantal,2020,5,13.7,82.3,3.3,274.4
Cantal,2020,6,14.7,139.4,2.7,216.9
Cantal,2020,7,18.9,12.8,2.7,303.5
Cantal,2020,8,19.3,93.0,2.8,244.5
Cantal,2020,9,14.9,89.7,2.9,202.5
Cantal,2020,10,9.1,179.4,3.9,83.8
Cantal,2020,11,8.4,48.7,3.3,151.3
Cantal,2020,12,3.1,223.7,4.0,52.0
Cantal,2021,1,0.1,176.9,3.8,88.9
Cantal,2021,2,6.4,90.0,4.4,121.3
Cantal,2021,3,5.6,55.4,3.7,197.5
Cantal,2021,4,7.0,51.6,3.4,218.2
Cantal,2021,5,10.0,154.9,3.4,188.7
Cantal,2021,6,16.7,142.3,2.8,221.0
Cantal,2021,7,16.9,95.5,2.6,198.4
Cantal,2021,8,16.7,40.1,2.7,210.4
Cantal,2021,9,15.9,164.7,2.5,180.9
Cantal,2021,10,10.2,68.8,3.2,188.4
Cantal,2021,11,4.5,77.1,3.0,100.9
Cantal,2021,12,4.2,180.6,3.4,118.8
Cantal,2022,1,2.3,49.9,3.1,164.7
Cantal,2022,2,4.5,74.6,3.7,139.0
Cantal,2022,3,6.6,50.4,4.1,158.7
Cantal,2022,4,8.3,88.6,3.6,164.7
Cantal,2022,5,14.9,32.6,2.9,270.2
Cantal,2022,6,18.5,149.1,2.9,267.4
Cantal,2022,7,20.0,4.2,2.8,368.7
Cantal,2022,8,20.6,59.1,2.7,279.6
Cantal,2022,9,14.7,91.6,2.9,195.5
Cantal,2022,10,14.8,53.0,3.3,157.8
Cantal,2022,11,7.4,125.3,3.4,104.6
Cantal,2022,12,3.9,117.4,3.2,83.4
Cantal,2023,1,1.3,77.9,3.9,71.1
Cantal,2023,2,3.5,21.2,3.1,177.6
Cantal,2023,3,6.7,155.4,4.0,150.1
Cantal,2023,4,8.4,98.3,3.5,156.5
Cantal,2023,5,12.4,92.4,3.2,193.6
Cantal,2023,6,17.4,133.6,2.6,242.0
Cantal,2023,7,18.8,37.1,2.8,274.3
Cantal,2023,8,19.2,50.1,3.0,247.2
Cantal,2023,9,18.2,62.2,2.9,255.4
Cantal,2023,10,13.5,164.7,3.5,165.7
Cantal,2023,11,5.7,256.3,3.9,73.6
Cantal,2023,12,4.3,150.7,3.4,93.3
Cantal,2024,1,3.5,102.0,3.3,108.7
Cantal,2024,2,5.8,123.3,3.3,108.7
Cantal,2024,3,7.1,139.9,4.0,144.2
Cantal,2024,4,8.6,119.0,4.2,164.4
Cantal,2024,5,11.2,182.3,2.9,135.7
Cantal,2024,6,15.8,105.5,2.9,172.7
Cantal,2024,7,18.8,79.5,2.5,272.2
Cantal,2024,8,19.5,43.3,2.5,304.8
Cantal,2024,9,12.8,196.4,3.4,124.3
Cantal,2024,10,13.1,124.1,3.2,141.3
Cantal,2024,11,8.1,90.3,3.2,146.6
Cantal,2024,12,3.6,94.2,3.2,111.0
Charente,2018,1,8.4,152.6,4.2,41.9
Charente,2018,2,3.5,64.4,3.5,98.7
Charente,2018,3,8.6,107.2,4.4,126.7
Charente,2018,4,13.7,53.9,3.0,168.8
Charente,2018,5,15.9,101.4,2.5,224.1
Charente,2018,6,19.9,95.4,2.8,267.3
Charente,2018,7,22.2,51.9,2.2,305.4
Charente,2018,8,21.9,21.3,2.6,290.6
Charente,2018,9,19.0,20.6,2.5,262.0
Charente,2018,10,14.4,69.8,3.3,184.5
Charente,2018,11,9.6,85.5,3.1,114.3
Charente,2018,12,8.0,132.7,3.3,53.8
Charente,2019,1,4.7,55.7,3.2,70.6
Charente,2019,2,8.6,29.7,2.8,174.9
Charente,2019,3,10.2,52.2,4.0,215.0
Charente,2019,4,11.7,69.0,3.2,181.8
Charente,2019,5,13.7,73.1,3.1,210.8
Charente,2019,6,19.3,101.5,2.8,243.3
Charente,2019,7,22.6,43.4,2.8,326.3
Charente,2019,8,21.0,29.3,2.3,267.6
Charente,2019,9,18.5,65.7,3.1,222.2
Charente,2019,10,15.4,116.6,3.0,100.5
Charente,2019,11,8.7,213.5,3.5,61.4
Charente,2019,12,8.7,137.8,4.1,93.1
Charente,2020,1,7.8,68.9,3.6,97.9
Charente,2020,2,9.6,57.6,4.0,118.2
Charente,2020,3,9.7,88.1,3.6,170.6
Charente,2020,4,14.8,79.4,2.8,190.1
Charente,2020,5,16.8,56.7,3.3,287.0
Charente,2020,6,17.6,86.0,2.8,208.7
Charente,2020,7,21.6,3.2,2.7,308.3
Charente,2020,8,22.1,52.6,2.6,232.8
Charente,2020,9,18.9,54.3,2.4,229.3
Charente,2020,10,13.1,160.6,3.5,97.0
Charente,2020,11,11.1,30.9,2.6,166.8
Charente,2020,12,7.3,184.6,3.7,62.5
Charente,2021,1,4.9,116.1,3.6,78.6
Charente,2021,2,9.4,81.6,4.2,86.7
Charente,2021,3,9.2,26.8,3.1,208.5
Charente,2021,4,11.2,24.2,3.3,252.2
Charente,2021,5,13.7,121.0,3.4,211.2
Charente,2021,6,19.7,154.7,2.3,230.6
Charente,2021,7,19.9,61.7,2.8,207.1
Charente,2021,8,19.3,24.0,2.8,238.0
Charente,2021,9,19.3,50.1,2.1,185.7
Charente,2021,10,13.4,40.0,3.0,204.5
Charente,2021,11,7.3,42.0,2.6,102.4
Charente,2021,12,7.4,124.4,3.6,111.6
Charente,2022,1,5.0,42.4,2.6,136.1
Charente,2022,2,8.1,45.5,3.1,118.5
Charente,2022,3,10.7,39.5,3.7,150.4
Charente,2022,4,12.1,69.4,3.4,170.4
Charente,2022,5,18.0,26.5,2.6,291.7
Charente,2022,6,20.7,133.4,2.5,251.0
Charente,2022,7,22.6,7.4,2.7,358.0
Charente,2022,8,24.1,15.5,2.8,283.7
Charente,2022,9,18.5,47.3,2.8,215.5
Charente,2022,10,18.0,58.0,3.2,129.6
Charente,2022,11,11.0,105.2,2.9,100.9
Charente,2022,12,7.0,58.4,3.6,62.6
Charente,2023,1,6.2,114.2,3.5,46.4
Charente,2023,2,6.7,33.2,2.6,156.6
Charente,2023,3,10.6,125.0,4.0,116.8
Charente,2023,4,12.1,56.0,3.3,189.8
Charente,2023,5,16.4,62.4,3.2,267.7
Charente,2023,6,21.8,90.2,2.4,272.5
Charente,2023,7,20.8,34.8,2.9,249.9
Charente,2023,8,22.0,26.9,2.7,229.7
Charente,2023,9,21.9,69.3,2.2,235.2
Charente,2023,10,16.6,192.9,3.2,171.1
Charente,2023,11,10.3,197.3,3.6,82.0
Charente,2023,12,8.0,144.1,3.4,57.1
Charente,2024,1,6.7,49.9,3.2,73.3
Charente,2024,2,9.3,136.5,3.4,62.7
Charente,2024,3,10.6,161.8,3.2,136.1
Charente,2024,4,12.9,65.3,3.4,197.8
Charente,2024,5,14.8,155.3,2.8,153.9
Charente,2024,6,18.8,81.3,2.8,203.7
Charente,2024,7,21.3,29.2,2.4,259.4
Charente,2024,8,21.5,23.3,2.2,267.0
Charente,2024,9,16.4,132.6,2.9,148.4
Charente,2024,10,15.6,106.6,2.8,115.6
Charente,2024,11,11.5,55.1,3.1,133.0
Charente,2024,12,6.6,54.5,3.0,91.6
Charente-Maritime,2018,1,9.2,138.8,5.4,53.8
Charente-Maritime,2018,2,4.6,59.8,5.1,133.8
Charente-Maritime,2018,3,8.9,125.3,5.3,145.5
Charente-Maritime,2018,4,13.7,60.5,3.5,193.4
Charente-Maritime,2018,5,16.0,63.4,3.8,280.2
Charente-Maritime,2018,6,20.3,99.8,3.8,287.6
Charente-Maritime,2018,7,22.2,35.0,3.2,321.1
Charente-Maritime,2018,8,21.7,27.0,3.6,333.1
Charente-Maritime,2018,9,19.1,12.2,3.4,274.2
Charente-Maritime,2018,10,14.7,59.3,4.1,191.1
Charente-Maritime,2018,11,10.2,88.2,4.1,118.7
Charente-Maritime,2018,12,9.1,136.5,4.5,67.3
Charente-Maritime,2019,1,6.0,64.0,4.1,92.2
Charente-Maritime,2019,2,9.2,29.7,3.6,176.7
Charente-Maritime,2019,3,10.8,52.2,5.1,228.0
Charente-Maritime,2019,4,12.2,75.2,4.0,199.6
Charente-Maritime,2019,5,14.3,44.9,4.4,268.0
Charente-Maritime,2019,6,19.2,67.0,3.8,249.4
Charente-Maritime,2019,7,22.6,32.8,3.8,334.2
Charente-Maritime,2019,8,20.8,33.1,3.3,271.2
Charente-Maritime,2019,9,18.9,66.9,4.3,243.4
Charente-Maritime,2019,10,15.8,141.2,4.1,110.0
Charente-Maritime,2019,11,9.6,247.3,5.1,69.4
Charente-Maritime,2019,12,9.3,138.8,5.4,99.3
Charente-Maritime,2020,1,8.6,80.7,4.8,99.0
Charente-Maritime,2020,2,10.3,61.8,5.4,116.7
Charente-Maritime,2020,3,10.4,95.3,5.0,181.6
Charente-Maritime,2020,4,14.9,64.9,3.6,223.6
Charente-Maritime,2020,5,17.1,77.8,4.3,295.1
Charente-Maritime,2020,6,17.8,76.8,4.2,227.2
Charente-Maritime,2020,7,21.0,3.2,3.9,332.1
Charente-Maritime,2020,8,21.7,58.0,3.5,260.9
Charente-Maritime,2020,9,19.2,57.5,3.6,240.5
Charente-Maritime,2020,10,13.8,153.2,4.8,134.2
Charente-Maritime,2020,11,11.8,28.1,3.6,179.0
Charente-Maritime,2020,12,8.4,184.1,5.1,81.1
Charente-Maritime,2021,1,5.9,103.8,4.9,86.1
Charente-Maritime,2021,2,9.5,81.9,4.8,104.4
Charente-Maritime,2021,3,9.8,21.2,4.2,233.3
Charente-Maritime,2021,4,12.0,8.0,4.3,287.3
Charente-Maritime,2021,5,14.1,92.1,5.0,253.8
Charente-Maritime,2021,6,19.8,131.2,3.3,258.0
Charente-Maritime,2021,7,20.1,49.2,4.1,258.3
Charente-Maritime,2021,8,19.5,30.3,3.9,253.9
Charente-Maritime,2021,9,19.7,48.0,3.1,231.0
Charente-Maritime,2021,10,14.2,51.8,3.6,220.3
Charente-Maritime,2021,11,8.2,42.8,3.8,116.4
Charente-Maritime,2021,12,8.1,115.9,4.9,102.2
Charente-Maritime,2022,1,5.8,44.9,3.5,118.3
Charente-Maritime,2022,2,8.8,31.5,4.2,120.9
Charente-Maritime,2022,3,11.2,34.1,4.1,169.8
Charente-Maritime,2022,4,12.5,45.9,4.3,202.6
Charente-Maritime,2022,5,18.1,19.3,3.5,314.6
Charente-Maritime,2022,6,20.5,95.5,3.3,283.9
Charente-Maritime,2022,7,22.6,5.4,3.8,380.4
Charente-Maritime,2022,8,23.8,20.7,3.6,288.7
Charente-Maritime,2022,9,18.8,49.4,3.9,232.8
Charente-Maritime,2022,10,18.1,46.4,3.8,143.9
Charente-Maritime,2022,11,12.2,106.5,4.6,125.1
Charente-Maritime,2022,12,7.3,59.7,4.6,63.8
Charente-Maritime,2023,1,7.1,120.2,4.8,68.8
Charente-Maritime,2023,2,7.1,33.4,3.5,152.7
Charente-Maritime,2023,3,10.7,105.7,4.9,132.0
Charente-Maritime,2023,4,12.5,41.0,4.3,222.5
Charente-Maritime,2023,5,16.8,36.8,4.1,288.8
Charente-Maritime,2023,6,21.6,95.8,3.1,285.5
Charente-Maritime,2023,7,20.3,34.6,3.8,267.6
Charente-Maritime,2023,8,21.4,24.9,4.0,230.4
Charente-Maritime,2023,9,21.8,81.3,3.0,232.8
Charente-Maritime,2023,10,17.1,186.1,4.5,175.7
Charente-Maritime,2023,11,11.3,184.9,5.4,86.6
Charente-Maritime,2023,12,8.9,132.6,4.8,69.6
Charente-Maritime,2024,1,7.3,53.3,4.3,91.2
Charente-Maritime,2024,2,10.2,133.5,4.6,70.0
Charente-Maritime,2024,3,11.0,130.2,4.2,140.8
Charente-Maritime,2024,4,13.0,56.9,4.3,210.0
Charente-Maritime,2024,5,15.2,123.6,4.0,198.3
Charente-Maritime,2024,6,18.6,77.0,3.8,258.9
Charente-Maritime,2024,7,20.7,24.6,3.4,277.0
Charente-Maritime,2024,8,20.9,35.9,3.0,278.2
Charente-Maritime,2024,9,16.9,127.1,4.0,173.9
Charente-Maritime,2024,10,15.6,98.6,3.5,121.0
Charente-Maritime,2024,11,11.9,44.2,4.1,119.8
Charente-Maritime,2024,12,7.8,53.1,4.3,89.9
Cher,2018,1,7.6,167.8,4.1,32.9
Cher,2018,2,1.7,66.9,3.3,100.1
Cher,2018,3,7.8,97.3,3.6,126.2
Cher,2018,4,13.2,77.6,2.8,173.8
Cher,2018,5,15.6,66.4,2.2,243.6
Cher,2018,6,19.4,54.7,2.5,267.4
Cher,2018,7,22.2,67.4,2.0,321.5
Cher,2018,8,21.5,17.3,2.4,290.6
Cher,2018,9,17.8,12.0,2.3,259.0
Cher,2018,10,13.6,42.0,2.8,181.4
Cher,2018,11,8.3,52.9,2.8,77.4
Cher,2018,12,6.2,77.0,3.6,56.8
Cher,2019,1,3.0,56.8,3.0,54.0
Cher,2019,2,7.1,19.1,2.7,161.3
Cher,2019,3,9.0,49.1,4.1,190.7
Cher,2019,4,10.7,41.7,2.9,204.2
Cher,2019,5,12.8,56.9,2.9,222.9
Cher,2019,6,19.8,61.9,2.6,277.0
Cher,2019,7,22.4,20.8,2.7,337.8
Cher,2019,8,21.2,24.4,2.4,272.9
Cher,2019,9,17.1,42.2,2.9,227.6
Cher,2019,10,14.2,126.8,3.1,85.2
Cher,2019,11,8.0,118.3,3.4,71.2
Cher,2019,12,7.0,105.6,3.9,80.5
Cher,2020,1,6.3,50.9,3.1,95.2
Cher,2020,2,8.5,71.2,4.7,104.3
Cher,2020,3,8.6,52.2,3.6,174.5
Cher,2020,4,13.8,37.9,2.5,250.2
Cher,2020,5,15.4,69.1,2.9,288.5
Cher,2020,6,17.6,74.1,2.8,194.2
Cher,2020,7,20.7,12.8,2.6,312.8
Cher,2020,8,21.7,56.9,2.5,233.9
Cher,2020,9,17.8,50.6,2.4,222.9
Cher,2020,10,11.9,123.1,3.3,67.7
Cher,2020,11,9.6,19.6,2.5,139.5
Cher,2020,12,6.1,109.7,3.7,42.4
Cher,2021,1,3.8,89.7,3.4,48.7
Cher,2021,2,7.3,54.7,3.4,102.8
Cher,2021,3,7.6,34.6,3.1,192.0
Cher,2021,4,9.4,32.7,3.0,246.7
Cher,2021,5,12.7,91.1,3.5,199.4
Cher,2021,6,19.5,100.0,2.1,230.4
Cher,2021,7,19.2,77.4,2.8,201.2
Cher,2021,8,18.7,28.9,2.6,204.0
Cher,2021,9,18.6,112.2,2.1,200.7
Cher,2021,10,12.0,43.8,2.5,199.0
Cher,2021,11,5.8,47.6,2.6,74.6
Cher,2021,12,5.5,109.0,3.4,50.6
Cher,2022,1,3.4,29.8,2.7,67.7
Cher,2022,2,6.8,35.2,3.7,118.3
Cher,2022,3,9.2,32.1,2.8,176.7
Cher,2022,4,11.0,41.1,3.1,191.1
Cher,2022,5,17.0,32.3,2.4,294.7
Cher,2022,6,20.3,161.1,2.4,264.4
Cher,2022,7,21.4,16.0,2.4,354.3
Cher,2022,8,22.4,33.9,2.4,297.1
Cher,2022,9,16.7,94.2,2.4,193.2
Cher,2022,10,16.4,63.0,2.6,133.6
Cher,2022,11,9.6,65.6,3.0,70.8
Cher,2022,12,5.6,62.6,3.2,52.0
Cher,2023,1,5.3,62.4,3.8,43.5
Cher,2023,2,6.0,12.7,2.7,134.0
Cher,2023,3,9.1,84.5,3.7,130.9
Cher,2023,4,10.5,40.4,3.2,168.9
Cher,2023,5,15.3,45.8,3.0,258.3
Cher,2023,6,21.1,93.8,2.2,316.5
Cher,2023,7,20.7,48.2,2.9,242.9
Cher,2023,8,21.1,44.2,2.7,204.2
Cher,2023,9,21.1,53.7,2.2,246.5
Cher,2023,10,15.3,101.7,3.0,172.7
Cher,2023,11,9.0,111.7,3.9,73.0
Cher,2023,12,7.0,73.2,3.8,43.0
Cher,2024,1,5.0,48.0,3.3,82.3
Cher,2024,2,8.4,71.7,3.3,36.1
Cher,2024,3,9.9,118.3,3.1,133.0
Cher,2024,4,11.7,63.8,3.1,159.7
Cher,2024,5,14.6,130.8,2.5,162.1
Cher,2024,6,18.0,133.1,2.5,219.8
Cher,2024,7,20.8,75.2,2.3,243.8
Cher,2024,8,21.2,17.4,2.1,295.6
Cher,2024,9,15.8,122.8,3.0,130.7
Cher,2024,10,14.6,104.5,2.5,92.1
Cher,2024,11,8.9,59.0,2.9,57.0
Cher,2024,12,5.0,60.0,3.0,40.5
Corrèze,2018,1,6.3,269.4,2.7,37.2
Corrèze,2018,2,1.0,82.0,2.2,94.7
Corrèze,2018,3,6.3,156.2,2.7,100.5
Corrèze,2018,4,12.2,96.7,2.5,178.2
Corrèze,2018,5,13.9,107.6,1.8,170.4
Corrèze,2018,6,18.3,76.8,2.0,271.9
Corrèze,2018,7,20.6,55.0,1.7,317.8
Corrèze,2018,8,20.4,54.8,1.8,286.5
Corrèze,2018,9,17.3,20.6,1.7,259.7
Corrèze,2018,10,13.1,48.2,2.5,184.0
Corrèze,2018,11,8.2,93.0,2.0,106.3
Corrèze,2018,12,6.0,175.9,2.0,61.0
Corrèze,2019,1,1.6,95.1,2.3,67.6
Corrèze,2019,2,6.8,32.6,1.9,169.1
Corrèze,2019,3,7.9,87.2,2.8,188.5
Corrèze,2019,4,9.6,107.5,2.4,161.6
Corrèze,2019,5,11.7,92.2,2.4,189.9
Corrèze,2019,6,18.3,80.1,2.0,257.2
Corrèze,2019,7,21.3,49.4,1.9,317.7
Corrèze,2019,8,19.5,26.2,1.7,279.3
Corrèze,2019,9,16.7,49.4,2.1,212.6
Corrèze,2019,10,13.3,180.6,2.0,99.3
Corrèze,2019,11,6.4,274.0,2.4,45.7
Corrèze,2019,12,6.7,207.3,2.7,83.0
Corrèze,2020,1,5.7,84.9,2.1,96.7
Corrèze,2020,2,7.1,101.5,2.5,106.9
Corrèze,2020,3,7.6,112.2,2.4,157.7
Corrèze,2020,4,13.0,90.3,2.1,180.2
Corrèze,2020,5,15.4,72.1,2.3,279.5
Corrèze,2020,6,15.9,127.6,1.9,201.3
Corrèze,2020,7,19.7,9.5,1.8,309.3
Corrèze,2020,8,20.3,70.6,1.9,240.6
Corrèze,2020,9,16.6,82.2,1.9,221.0
Corrèze,2020,10,10.5,204.5,2.6,74.5
Corrèze,2020,11,9.4,37.1,1.8,159.0
Corrèze,2020,12,4.7,234.3,2.6,29.9
Corrèze,2021,1,2.2,162.0,2.3,74.7
Corrèze,2021,2,8.1,110.2,2.7,110.5
Corrèze,2021,3,7.0,46.4,2.4,197.8
Corrèze,2021,4,9.0,44.4,2.4,239.6
Corrèze,2021,5,11.7,164.4,2.3,189.1
Corrèze,2021,6,18.1,182.1,2.0,227.4
Corrèze,2021,7,18.2,109.8,1.8,207.3
Corrèze,2021,8,17.9,35.7,1.9,228.1
Corrèze,2021,9,17.2,166.7,1.6,175.7
Corrèze,2021,10,11.5,85.5,2.0,186.6
Corrèze,2021,11,6.0,72.6,1.9,96.7
Corrèze,2021,12,5.6,181.4,1.9,104.0
Corrèze,2022,1,3.4,53.5,1.9,163.1
Corrèze,2022,2,5.9,92.8,2.2,124.3
Corrèze,2022,3,8.5,64.9,2.7,147.7
Corrèze,2022,4,10.1,106.4,2.4,166.6
Corrèze,2022,5,16.4,32.6,2.1,287.1
Corrèze,2022,6,19.3,171.6,2.0,256.5
Corrèze,2022,7,21.0,4.4,2.2,370.6
Corrèze,2022,8,21.8,42.8,1.9,294.6
Corrèze,2022,9,16.2,92.9,1.9,183.6
Corrèze,2022,10,15.9,60.7,1.9,142.2
Corrèze,2022,11,8.8,143.2,2.0,87.0
Corrèze,2022,12,5.3,112.8,2.1,78.9
Corrèze,2023,1,3.5,103.8,2.5,42.2
Corrèze,2023,2,5.2,24.7,2.0,166.9
Corrèze,2023,3,8.4,160.8,2.7,127.1
Corrèze,2023,4,10.2,98.2,2.5,164.4
Corrèze,2023,5,14.3,88.4,2.2,224.1
Corrèze,2023,6,19.2,124.8,1.8,249.9
Corrèze,2023,7,19.6,45.6,1.9,258.7
Corrèze,2023,8,20.1,108.5,1.9,234.9
Corrèze,2023,9,19.4,69.3,1.7,235.6
Corrèze,2023,10,14.5,212.0,2.3,149.5
Corrèze,2023,11,7.6,297.0,2.6,66.1
Corrèze,2023,12,5.6,180.6,2.1,63.3
Corrèze,2024,1,4.9,92.2,2.1,72.9
Corrèze,2024,2,7.2,142.0,2.3,67.6
Corrèze,2024,3,8.8,154.2,2.4,120.6
Corrèze,2024,4,10.6,110.2,2.6,180.4
Corrèze,2024,5,12.9,218.7,2.0,135.7
Corrèze,2024,6,17.2,128.0,2.0,179.6
Corrèze,2024,7,20.0,57.3,1.7,270.9
Corrèze,2024,8,20.5,33.4,1.7,299.6
Corrèze,2024,9,14.3,201.5,2.2,117.8
Corrèze,2024,10,14.4,169.9,1.9,128.4
Corrèze,2024,11,9.5,90.3,2.0,143.8
Corrèze,2024,12,4.7,98.2,1.8,97.2
Corse-du-Sud,2018,1,9.3,53.9,4.8,136.2
Corse-du-Sud,2018,2,5.2,155.9,3.6,96.8
Corse-du-Sud,2018,3,8.3,188.4,4.7,145.7
Corse-du-Sud,2018,4,14.1,56.8,3.5,235.9
Corse-du-Sud,2018,5,15.6,140.5,2.8,182.1
Corse-du-Sud,2018,6,19.6,83.2,2.9,304.2
Corse-du-Sud,2018,7,23.3,17.9,2.9,364.6
Corse-du-Sud,2018,8,23.5,52.6,2.9,315.5
Corse-du-Sud,2018,9,20.6,40.7,3.0,263.0
Corse-du-Sud,2018,10,16.2,219.5,3.9,181.1
Corse-du-Sud,2018,11,11.7,130.9,3.2,119.9
Corse-du-Sud,2018,12,9.2,57.5,3.6,152.8
Corse-du-Sud,2019,1,5.8,56.6,3.5,172.8
Corse-du-Sud,2019,2,8.5,62.0,3.6,206.8
Corse-du-Sud,2019,3,10.3,14.6,4.5,272.9
Corse-du-Sud,2019,4,11.5,79.3,4.1,228.3
Corse-du-Sud,2019,5,13.2,109.7,3.9,227.5
Corse-du-Sud,2019,6,22.2,1.4,3.0,352.8
Corse-du-Sud,2019,7,24.0,84.5,3.3,367.6
Corse-du-Sud,2019,8,23.8,28.1,2.7,313.0
Corse-du-Sud,2019,9,20.6,32.5,3.6,266.3
Corse-du-Sud,2019,10,17.2,79.9,3.5,196.3
Corse-du-Sud,2019,11,10.9,312.2,4.2,98.9
Corse-du-Sud,2019,12,10.0,166.3,4.8,137.4
Corse-du-Sud,2020,1,8.6,52.3,3.6,164.0
Corse-du-Sud,2020,2,10.1,14.9,4.7,209.3
Corse-du-Sud,2020,3,9.2,91.8,3.8,185.0
Corse-du-Sud,2020,4,12.9,98.3,3.3,243.2
Corse-du-Sud,2020,5,17.3,80.0,3.6,289.3
Corse-du-Sud,2020,6,19.2,42.4,3.8,330.2
Corse-du-Sud,2020,7,23.4,10.4,2.9,381.8
Corse-du-Sud,2020,8,24.4,21.8,3.5,340.3
Corse-du-Sud,2020,9,19.8,112.4,3.2,231.0
Corse-du-Sud,2020,10,13.9,114.9,3.9,192.1
Corse-du-Sud,2020,11,12.3,77.6,3.0,165.2
Corse-du-Sud,2020,12,8.2,188.1,3.5,117.2
Corse-du-Sud,2021,1,6.7,173.0,4.4,123.0
Corse-du-Sud,2021,2,9.6,71.9,4.0,157.2
Corse-du-Sud,2021,3,9.3,31.4,3.6,240.0
Corse-du-Sud,2021,4,11.0,59.1,3.5,223.8
Corse-du-Sud,2021,5,14.9,73.7,4.4,281.6
Corse-du-Sud,2021,6,21.4,14.6,3.0,324.3
Corse-du-Sud,2021,7,23.7,11.4,3.6,343.6
Corse-du-Sud,2021,8,23.5,8.3,3.5,318.1
Corse-du-Sud,2021,9,21.3,26.7,3.2,241.4
Corse-du-Sud,2021,10,15.3,48.2,3.4,203.0
Corse-du-Sud,2021,11,11.6,212.1,3.8,102.2
Corse-du-Sud,2021,12,8.6,98.8,3.6,139.4
Corse-du-Sud,2022,1,7.3,28.6,3.3,184.8
Corse-du-Sud,2022,2,8.9,23.2,3.6,200.4
Corse-du-Sud,2022,3,8.8,47.3,3.7,169.3
Corse-du-Sud,2022,4,11.4,91.7,4.4,238.5
Corse-du-Sud,2022,5,18.0,38.0,2.9,303.5
Corse-du-Sud,2022,6,23.7,3.2,3.4,315.2
Corse-du-Sud,2022,7,25.4,0.9,3.0,397.1
Corse-du-Sud,2022,8,24.3,63.4,2.9,316.4
Corse-du-Sud,2022,9,20.6,60.4,4.1,230.4
Corse-du-Sud,2022,10,18.4,18.1,2.8,232.5
Corse-du-Sud,2022,11,12.6,178.1,3.8,150.0
Corse-du-Sud,2022,12,10.6,131.2,3.5,134.2
Corse-du-Sud,2023,1,7.5,135.9,4.1,119.8
Corse-du-Sud,2023,2,7.7,77.5,3.2,165.7
Corse-du-Sud,2023,3,10.9,50.0,4.4,168.9
Corse-du-Sud,2023,4,11.9,46.6,4.0,255.0
Corse-du-Sud,2023,5,15.7,84.6,3.0,240.3
Corse-du-Sud,2023,6,20.9,73.9,2.8,293.6
Corse-du-Sud,2023,7,25.1,0.9,3.7,365.1
Corse-du-Sud,2023,8,23.6,46.4,3.5,342.0
Corse-du-Sud,2023,9,21.1,34.2,3.1,257.0
Corse-du-Sud,2023,10,18.6,86.4,3.8,208.1
Corse-du-Sud,2023,11,12.2,170.2,5.6,146.7
Corse-du-Sud,2023,12,9.6,60.2,4.0,149.8
Corse-du-Sud,2024,1,9.2,54.1,4.1,142.1
Corse-du-Sud,2024,2,10.0,130.0,3.6,140.1
Corse-du-Sud,2024,3,11.0,115.3,4.1,190.2
Corse-du-Sud,2024,4,13.4,42.3,3.9,257.6
Corse-du-Sud,2024,5,16.2,69.9,3.5,287.8
Corse-du-Sud,2024,6,20.3,37.0,3.5,283.8
Corse-du-Sud,2024,7,24.7,9.6,2.8,377.5
Corse-du-Sud,2024,8,25.5,37.6,2.8,312.1
Corse-du-Sud,2024,9,19.2,94.5,3.8,196.4
Corse-du-Sud,2024,10,16.9,174.6,3.2,152.0
Corse-du-Sud,2024,11,12.6,43.8,3.7,182.2
Corse-du-Sud,2024,12,8.1,107.3,3.7,161.2
Creuse,2018,1,6.4,196.2,3.4,37.1
Creuse,2018,2,0.5,74.4,2.5,74.6
Creuse,2018,3,6.3,104.4,3.2,108.4
Creuse,2018,4,11.9,95.4,2.5,163.6
Creuse,2018,5,13.4,96.4,1.7,196.3
Creuse,2018,6,17.4,77.6,1.9,249.7
Creuse,2018,7,20.1,50.2,1.6,310.4
Creuse,2018,8,19.8,36.7,1.8,282.3
Creuse,2018,9,16.7,26.6,1.9,250.8
Creuse,2018,10,12.3,43.8,2.4,180.7
Creuse,2018,11,7.8,69.7,2.4,101.5
Creuse,2018,12,5.8,96.0,2.8,64.2
Creuse,2019,1,1.5,67.3,2.7,41.1
Creuse,2019,2,6.7,29.4,2.3,165.5
Creuse,2019,3,7.6,71.1,3.4,186.6
Creuse,2019,4,9.2,63.6,2.5,173.8
Creuse,2019,5,11.0,66.6,2.4,187.7
Creuse,2019,6,17.9,98.1,2.0,255.2
Creuse,2019,7,20.6,58.1,2.0,322.2
Creuse,2019,8,19.2,18.4,1.8,275.4
Creuse,2019,9,15.7,52.8,2.3,211.3
Creuse,2019,10,13.4,141.1,2.5,91.6
Creuse,2019,11,6.5,170.8,2.9,57.3
Creuse,2019,12,6.8,143.7,3.4,86.9
Creuse,2020,1,5.6,67.0,2.9,90.0
Creuse,2020,2,7.5,73.7,3.8,115.5
Creuse,2020,3,7.2,80.7,2.8,161.1
Creuse,2020,4,12.5,92.6,2.2,202.5
Creuse,2020,5,13.9,79.9,2.3,278.9
Creuse,2020,6,15.6,118.4,2.1,195.1
Creuse,2020,7,18.8,14.9,1.8,304.8
Creuse,2020,8,20.0,59.3,2.1,221.0
Creuse,2020,9,16.0,99.1,1.9,217.0
Creuse,2020,10,10.6,136.2,3.0,69.8
Creuse,2020,11,9.3,27.3,2.1,145.8
Creuse,2020,12,4.8,163.6,3.4,33.5
Creuse,2021,1,2.4,114.9,2.9,57.0
Creuse,2021,2,7.3,78.0,3.0,105.6
Creuse,2021,3,6.4,49.7,2.6,176.5
Creuse,2021,4,7.9,34.4,2.5,220.6
Creuse,2021,5,11.3,117.9,2.9,191.2
Creuse,2021,6,17.6,149.3,1.8,224.4
Creuse,2021,7,17.7,109.1,2.0,183.9
Creuse,2021,8,17.1,27.9,1.9,180.9
Creuse,2021,9,17.0,114.1,1.6,182.0
Creuse,2021,10,11.1,56.4,2.4,181.6
Creuse,2021,11,5.2,63.4,2.0,74.8
Creuse,2021,12,5.1,125.8,2.8,94.1
Creuse,2022,1,3.1,35.9,2.3,127.0
Creuse,2022,2,5.8,55.9,2.9,124.4
Creuse,2022,3,8.2,46.1,2.6,144.1
Creuse,2022,4,9.6,68.3,2.6,166.7
Creuse,2022,5,15.6,19.4,2.1,278.6
Creuse,2022,6,18.8,190.4,2.0,254.9
Creuse,2022,7,19.7,12.3,2.0,351.4
Creuse,2022,8,20.8,60.2,1.9,279.7
Creuse,2022,9,15.4,98.9,2.2,184.0
Creuse,2022,10,16.0,34.5,2.6,143.6
Creuse,2022,11,8.9,96.2,2.8,83.2
Creuse,2022,12,4.8,60.0,3.0,53.8
Creuse,2023,1,3.6,64.0,3.5,38.6
Creuse,2023,2,5.0,18.1,2.4,125.8
Creuse,2023,3,8.2,125.4,3.4,115.5
Creuse,2023,4,9.4,58.7,2.8,155.8
Creuse,2023,5,13.4,85.3,2.4,221.2
Creuse,2023,6,19.0,104.8,1.8,258.3
Creuse,2023,7,19.1,47.6,2.1,232.7
Creuse,2023,8,19.7,84.3,2.0,202.8
Creuse,2023,9,19.6,44.1,2.0,236.6
Creuse,2023,10,14.4,139.4,2.9,163.6
Creuse,2023,11,7.6,186.9,3.4,64.2
Creuse,2023,12,6.0,99.7,3.1,76.1
Creuse,2024,1,4.7,55.5,2.9,84.0
Creuse,2024,2,7.2,87.2,3.0,59.1
Creuse,2024,3,8.5,129.9,2.8,139.7
Creuse,2024,4,10.3,83.5,3.0,161.6
Creuse,2024,5,12.8,182.7,2.2,133.5
Creuse,2024,6,16.5,137.6,2.1,167.6
Creuse,2024,7,19.5,74.6,1.8,241.1
Creuse,2024,8,19.8,35.6,1.7,281.2
Creuse,2024,9,14.2,149.0,2.6,111.8
Creuse,2024,10,14.0,149.8,2.2,123.5
Creuse,2024,11,9.4,61.5,2.6,118.7
Creuse,2024,12,4.4,90.4,2.5,93.9
Côte-d'Or,2018,1,6.2,192.2,4.7,36.4
Côte-d'Or,2018,2,0.5,57.8,3.6,93.8
Côte-d'Or,2018,3,5.7,127.3,3.8,100.6
Côte-d'Or,2018,4,12.6,63.4,3.4,202.6
Côte-d'Or,2018,5,15.3,83.7,2.8,238.0
Côte-d'Or,2018,6,18.6,69.2,2.9,277.2
Côte-d'Or,2018,7,21.9,50.0,2.6,321.5
Côte-d'Or,2018,8,21.0,45.2,2.9,277.1
Côte-d'Or,2018,9,17.3,22.0,2.8,251.1
Côte-d'Or,2018,10,12.3,43.3,3.3,164.4
Côte-d'Or,2018,11,7.1,72.1,3.2,72.9
Côte-d'Or,2018,12,4.8,114.1,4.0,53.1
Côte-d'Or,2019,1,1.4,63.7,3.6,52.6
Côte-d'Or,2019,2,6.1,19.6,3.3,169.9
Côte-d'Or,2019,3,7.9,68.0,4.9,182.5
Côte-d'Or,2019,4,9.9,71.1,3.3,182.1
Côte-d'Or,2019,5,11.7,50.1,3.4,207.8
Côte-d'Or,2019,6,19.4,52.3,3.0,288.1
Côte-d'Or,2019,7,21.7,34.9,3.1,322.3
Côte-d'Or,2019,8,20.6,31.7,2.6,266.3
Côte-d'Or,2019,9,16.4,37.6,3.4,225.2
Côte-d'Or,2019,10,13.0,114.5,3.6,89.0
Côte-d'Or,2019,11,6.3,97.2,3.7,55.2
Côte-d'Or,2019,12,5.6,118.3,4.6,67.9
Côte-d'Or,2020,1,4.6,38.7,3.6,92.5
Côte-d'Or,2020,2,7.2,90.9,5.5,107.4
Côte-d'Or,2020,3,7.4,59.8,4.2,178.1
Côte-d'Or,2020,4,13.1,20.0,3.0,284.2
Côte-d'Or,2020,5,14.4,72.9,3.5,208.7
Côte-d'Or,2020,6,17.2,74.1,3.0,201.2
Côte-d'Or,2020,7,20.6,16.6,3.0,305.6
Côte-d'Or,2020,8,21.7,49.9,3.0,235.5
Côte-d'Or,2020,9,17.7,64.9,3.0,214.9
Côte-d'Or,2020,10,10.9,142.2,4.2,54.9
Côte-d'Or,2020,11,8.0,25.6,3.0,112.9
Côte-d'Or,2020,12,4.6,108.4,4.1,32.2
Côte-d'Or,2021,1,2.4,99.4,4.2,47.5
Côte-d'Or,2021,2,5.7,42.2,4.2,112.2
Côte-d'Or,2021,3,6.6,45.8,3.6,182.2
Côte-d'Or,2021,4,8.4,26.9,3.6,244.8
Côte-d'Or,2021,5,11.7,111.3,4.0,187.0
Côte-d'Or,2021,6,19.0,107.5,2.8,227.1
Côte-d'Or,2021,7,18.5,121.3,3.1,193.4
Côte-d'Or,2021,8,18.1,39.4,2.9,180.9
Côte-d'Or,2021,9,17.5,62.2,2.5,211.6
Côte-d'Or,2021,10,11.2,91.2,3.4,181.1
Côte-d'Or,2021,11,4.9,42.9,3.1,64.0
Côte-d'Or,2021,12,4.3,96.8,3.7,50.4
Côte-d'Or,2022,1,2.3,45.5,3.3,75.6
Côte-d'Or,2022,2,5.6,41.4,4.4,117.0
Côte-d'Or,2022,3,8.2,31.0,3.3,215.1
Côte-d'Or,2022,4,9.9,51.4,3.8,211.4
Côte-d'Or,2022,5,16.2,33.8,2.9,275.9
Côte-d'Or,2022,6,19.9,131.3,2.8,264.8
Côte-d'Or,2022,7,21.3,5.6,2.9,343.6
Côte-d'Or,2022,8,22.0,58.8,2.9,292.7
Côte-d'Or,2022,9,15.5,101.9,2.9,183.5
Côte-d'Or,2022,10,15.4,71.1,3.1,147.2
Côte-d'Or,2022,11,8.4,73.3,3.5,61.9
Côte-d'Or,2022,12,4.1,62.1,3.8,45.6
Côte-d'Or,2023,1,4.3,57.6,4.5,44.0
Côte-d'Or,2023,2,5.1,12.4,3.3,125.9
Côte-d'Or,2023,3,7.8,89.2,4.2,117.6
Côte-d'Or,2023,4,9.3,61.1,3.7,146.0
Côte-d'Or,2023,5,14.6,42.9,3.6,241.6
Côte-d'Or,2023,6,20.4,40.0,2.7,314.4
Côte-d'Or,2023,7,20.5,61.3,3.2,232.5
Côte-d'Or,2023,8,20.7,69.3,3.1,195.0
Côte-d'Or,2023,9,20.0,45.9,2.6,251.0
Côte-d'Or,2023,10,14.4,141.8,3.5,162.7
Côte-d'Or,2023,11,7.4,110.2,4.6,56.4
Côte-d'Or,2023,12,5.5,84.2,4.3,39.1
Côte-d'Or,2024,1,3.4,60.6,4.0,69.3
Côte-d'Or,2024,2,7.5,75.6,4.0,53.8
Côte-d'Or,2024,3,9.0,157.1,3.8,103.9
Côte-d'Or,2024,4,10.4,54.7,3.9,133.0
Côte-d'Or,2024,5,14.2,130.0,2.9,153.2
Côte-d'Or,2024,6,17.6,110.3,3.1,199.8
Côte-d'Or,2024,7,20.0,77.2,2.6,233.1
Côte-d'Or,2024,8,21.1,66.0,2.5,296.7
Côte-d'Or,2024,9,15.2,115.3,3.7,144.1
Côte-d'Or,2024,10,13.7,99.2,3.2,110.4
Côte-d'Or,2024,11,7.0,60.2,3.6,57.3
Côte-d'Or,2024,12,3.4,65.1,3.4,46.1
Côtes-d'Armor,2018,1,7.9,110.7,5.8,54.8
Côtes-d'Armor,2018,2,4.0,71.3,5.2,132.3
Côtes-d'Armor,2018,3,7.0,111.4,4.8,87.0
Côtes-d'Armor,2018,4,11.6,58.3,3.8,169.7
Côtes-d'Armor,2018,5,13.5,47.2,3.3,265.7
Côtes-d'Armor,2018,6,16.8,81.5,3.2,217.0
Côtes-d'Armor,2018,7,19.1,43.2,2.9,302.2
Côtes-d'Armor,2018,8,17.7,34.2,3.0,196.3
Côtes-d'Armor,2018,9,16.0,21.7,3.6,215.0
Côtes-d'Armor,2018,10,12.5,94.7,3.9,158.8
Côtes-d'Armor,2018,11,8.7,86.1,4.2,106.7
Côtes-d'Armor,2018,12,8.4,95.3,4.5,50.8
Côtes-d'Armor,2019,1,5.8,77.0,4.0,43.2
Côtes-d'Armor,2019,2,8.2,62.6,3.9,156.2
Côtes-d'Armor,2019,3,9.1,58.0,5.0,178.0
Côtes-d'Armor,2019,4,10.3,65.3,3.8,193.8
Côtes-d'Armor,2019,5,12.2,46.7,3.5,229.1
Côtes-d'Armor,2019,6,15.8,108.6,3.4,186.9
Côtes-d'Armor,2019,7,18.8,18.4,3.4,321.0
Côtes-d'Armor,2019,8,17.8,54.8,3.3,194.9
Côtes-d'Armor,2019,9,15.8,58.4,4.2,180.3
Côtes-d'Armor,2019,10,12.9,175.0,4.2,76.8
Côtes-d'Armor,2019,11,8.3,183.5,4.6,68.4
Côtes-d'Armor,2019,12,7.4,132.7,5.0,84.7
Côtes-d'Armor,2020,1,7.5,100.8,4.6,88.7
Côtes-d'Armor,2020,2,8.7,109.1,6.4,95.1
Côtes-d'Armor,2020,3,8.2,55.4,5.2,148.3
Côtes-d'Armor,2020,4,12.5,60.2,3.3,203.0
Côtes-d'Armor,2020,5,14.3,31.3,3.8,311.6
Côtes-d'Armor,2020,6,15.7,116.5,3.4,196.3
Côtes-d'Armor,2020,7,17.2,15.1,3.7,257.9
Côtes-d'Armor,2020,8,18.8,77.8,3.5,228.6
Côtes-d'Armor,2020,9,16.4,56.4,3.3,163.6
Côtes-d'Armor,2020,10,11.9,220.3,4.8,94.3
Côtes-d'Armor,2020,11,10.6,47.9,4.1,97.5
Côtes-d'Armor,2020,12,7.3,202.1,5.3,66.0
Côtes-d'Armor,2021,1,5.9,118.6,4.3,66.5
Côtes-d'Armor,2021,2,7.0,53.5,4.9,102.9
Côtes-d'Armor,2021,3,8.4,32.3,4.3,167.1
Côtes-d'Armor,2021,4,8.6,31.8,4.1,282.3
Côtes-d'Armor,2021,5,11.5,89.6,4.6,208.9
Côtes-d'Armor,2021,6,15.9,88.2,2.7,191.6
Côtes-d'Armor,2021,7,17.6,68.6,3.5,201.1
Côtes-d'Armor,2021,8,16.8,31.5,3.6,171.2
Côtes-d'Armor,2021,9,17.1,70.8,3.1,175.6
Côtes-d'Armor,2021,10,13.2,107.5,3.8,172.1
Côtes-d'Armor,2021,11,8.7,66.3,3.7,78.4
Côtes-d'Armor,2021,12,7.8,95.3,4.9,50.6
Côtes-d'Armor,2022,1,6.6,72.2,3.5,55.8
Côtes-d'Armor,2022,2,8.0,57.8,5.0,86.5
Côtes-d'Armor,2022,3,9.3,53.6,4.0,159.8
Côtes-d'Armor,2022,4,10.4,40.2,4.0,197.9
Côtes-d'Armor,2022,5,14.2,18.1,3.2,249.1
Côtes-d'Armor,2022,6,16.5,73.4,3.4,229.6
Côtes-d'Armor,2022,7,19.2,4.2,3.1,313.3
Côtes-d'Armor,2022,8,19.8,34.8,3.2,253.1
Côtes-d'Armor,2022,9,16.1,88.0,3.5,148.5
Côtes-d'Armor,2022,10,15.1,70.3,3.7,118.9
Côtes-d'Armor,2022,11,10.7,147.2,4.8,122.9
Côtes-d'Armor,2022,12,5.9,140.1,4.4,64.2
Côtes-d'Armor,2023,1,6.9,104.6,4.9,64.6
Côtes-d'Armor,2023,2,7.1,14.3,3.7,97.5
Côtes-d'Armor,2023,3,9.4,133.8,5.4,94.5
Côtes-d'Armor,2023,4,10.4,60.5,4.1,175.7
Côtes-d'Armor,2023,5,13.4,36.8,4.2,255.9
Côtes-d'Armor,2023,6,18.0,31.3,3.2,262.6
Côtes-d'Armor,2023,7,17.7,85.0,3.9,180.6
Côtes-d'Armor,2023,8,18.0,61.3,3.6,171.9
Côtes-d'Armor,2023,9,18.8,49.5,3.0,173.5
Côtes-d'Armor,2023,10,14.6,99.3,3.7,148.7
Côtes-d'Armor,2023,11,9.8,142.7,5.1,79.0
Côtes-d'Armor,2023,12,9.1,95.1,5.4,66.8
Côtes-d'Armor,2024,1,6.0,122.7,4.7,91.6
Côtes-d'Armor,2024,2,9.6,122.7,5.0,50.5
Côtes-d'Armor,2024,3,9.2,86.4,4.3,120.0
Côtes-d'Armor,2024,4,10.8,72.3,4.6,161.1
Côtes-d'Armor,2024,5,13.8,49.9,3.5,217.6
Côtes-d'Armor,2024,6,15.3,26.1,3.4,236.9
Côtes-d'Armor,2024,7,17.6,50.0,3.3,176.3
Côtes-d'Armor,2024,8,18.5,64.5,3.4,207.6
Côtes-d'Armor,2024,9,15.1,64.6,3.8,116.1
Côtes-d'Armor,2024,10,13.2,102.4,3.1,129.0
Côtes-d'Armor,2024,11,10.0,72.7,3.8,46.6
Côtes-d'Armor,2024,12,7.7,67.0,4.9,40.9
Deux-Sèvres,2018,1,8.4,159.2,4.6,39.3
Deux-Sèvres,2018,2,3.4,63.1,4.3,119.4
Deux-Sèvres,2018,3,8.1,111.3,4.4,124.5
Deux-Sèvres,2018,4,13.0,56.2,3.0,162.0
Deux-Sèvres,2018,5,15.8,61.1,2.9,239.2
Deux-Sèvres,2018,6,19.7,123.8,3.1,264.5
Deux-Sèvres,2018,7,22.3,49.7,2.5,299.7
Deux-Sèvres,2018,8,21.4,29.8,2.8,293.0
Deux-Sèvres,2018,9,18.3,12.0,3.1,261.0
Deux-Sèvres,2018,10,13.9,70.7,3.5,176.6
Deux-Sèvres,2018,11,9.1,101.9,3.4,94.0
Deux-Sèvres,2018,12,7.7,125.4,4.0,28.6
Deux-Sèvres,2019,1,4.9,48.2,3.4,68.8
Deux-Sèvres,2019,2,8.2,38.0,3.3,159.4
Deux-Sèvres,2019,3,9.7,56.3,4.3,200.8
Deux-Sèvres,2019,4,11.1,68.1,3.2,193.8
Deux-Sèvres,2019,5,13.5,53.5,3.2,214.8
Deux-Sèvres,2019,6,19.1,57.9,3.0,256.3
Deux-Sèvres,2019,7,22.4,30.8,3.2,331.6
Deux-Sèvres,2019,8,20.4,39.1,2.8,245.6
Deux-Sèvres,2019,9,17.9,63.4,3.7,218.6
Deux-Sèvres,2019,10,14.5,139.6,3.4,83.4
Deux-Sèvres,2019,11,8.4,195.5,3.6,59.7
Deux-Sèvres,2019,12,8.1,136.6,4.5,85.5
Deux-Sèvres,2020,1,7.3,86.6,4.2,88.8
Deux-Sèvres,2020,2,9.2,80.7,5.0,91.1
Deux-Sèvres,2020,3,9.2,101.0,4.3,166.2
Deux-Sèvres,2020,4,14.1,53.1,3.0,209.2
Deux-Sèvres,2020,5,16.1,69.7,3.6,290.5
Deux-Sèvres,2020,6,17.0,76.3,3.2,194.6
Deux-Sèvres,2020,7,20.4,5.4,3.1,311.8
Deux-Sèvres,2020,8,21.4,44.8,2.8,219.4
Deux-Sèvres,2020,9,18.6,62.4,2.8,222.1
Deux-Sèvres,2020,10,12.6,143.8,3.7,98.6
Deux-Sèvres,2020,11,10.3,32.0,3.1,150.9
Deux-Sèvres,2020,12,6.9,133.3,4.1,66.6
Deux-Sèvres,2021,1,4.8,105.9,4.0,68.6
Deux-Sèvres,2021,2,8.0,77.1,4.4,88.9
Deux-Sèvres,2021,3,8.3,26.6,3.5,208.9
Deux-Sèvres,2021,4,10.3,8.6,3.7,270.7
Deux-Sèvres,2021,5,13.2,83.4,4.0,226.1
Deux-Sèvres,2021,6,19.2,114.6,2.4,220.3
Deux-Sèvres,2021,7,19.3,45.4,3.3,232.0
Deux-Sèvres,2021,8,18.8,26.6,3.0,221.3
Deux-Sèvres,2021,9,19.0,39.5,2.7,200.0
Deux-Sèvres,2021,10,12.8,73.7,3.3,197.7
Deux-Sèvres,2021,11,6.8,33.5,3.2,94.2
Deux-Sèvres,2021,12,6.8,103.4,4.5,83.0
Deux-Sèvres,2022,1,4.7,44.5,3.4,94.2
Deux-Sèvres,2022,2,7.6,32.8,3.8,104.8
Deux-Sèvres,2022,3,9.9,30.7,3.6,143.4
Deux-Sèvres,2022,4,11.5,57.0,3.6,199.3
Deux-Sèvres,2022,5,17.2,23.0,2.9,290.3
Deux-Sèvres,2022,6,20.0,63.7,2.8,261.1
Deux-Sèvres,2022,7,22.4,9.0,3.2,360.8
Deux-Sèvres,2022,8,23.2,46.6,3.1,269.3
Deux-Sèvres,2022,9,17.3,74.4,3.0,199.1
Deux-Sèvres,2022,10,16.8,56.3,3.2,129.2
Deux-Sèvres,2022,11,10.5,87.2,3.4,101.7
Deux-Sèvres,2022,12,6.1,77.8,4.5,48.8
Deux-Sèvres,2023,1,6.0,114.2,4.2,48.7
Deux-Sèvres,2023,2,6.4,38.3,3.3,127.0
Deux-Sèvres,2023,3,9.7,121.6,4.5,117.3
Deux-Sèvres,2023,4,11.1,49.2,3.6,192.2
Deux-Sèvres,2023,5,15.6,49.8,3.7,275.6
Deux-Sèvres,2023,6,21.2,63.1,2.6,274.1
Deux-Sèvres,2023,7,20.0,44.1,3.4,256.7
Deux-Sèvres,2023,8,20.7,48.9,2.9,212.6
Deux-Sèvres,2023,9,20.9,110.0,2.4,223.4
Deux-Sèvres,2023,10,15.6,169.2,3.4,168.7
Deux-Sèvres,2023,11,10.0,165.3,3.9,78.4
Deux-Sèvres,2023,12,8.0,112.2,4.0,62.4
Deux-Sèvres,2024,1,6.0,84.5,4.1,79.7
Deux-Sèvres,2024,2,9.1,136.4,3.8,46.1
Deux-Sèvres,2024,3,9.7,121.2,3.4,126.3
Deux-Sèvres,2024,4,12.0,56.6,3.4,191.8
Deux-Sèvres,2024,5,14.6,138.8,3.1,168.2
Deux-Sèvres,2024,6,17.9,87.9,2.9,238.6
Deux-Sèvres,2024,7,20.6,17.8,2.7,246.0
Deux-Sèvres,2024,8,20.6,46.4,2.7,266.6
Deux-Sèvres,2024,9,15.8,115.3,3.3,139.0
Deux-Sèvres,2024,10,14.2,130.4,3.0,96.2
Deux-Sèvres,2024,11,9.8,57.3,3.8,86.3
Deux-Sèvres,2024,12,6.6,50.1,3.6,70.4
Dordogne,2018,1,8.3,171.4,3.4,37.9
Dordogne,2018,2,3.6,63.6,2.8,92.8
Dordogne,2018,3,8.5,124.8,3.6,116.4
Dordogne,2018,4,14.0,91.9,2.9,169.4
Dordogne,2018,5,15.9,95.7,2.2,198.2
Dordogne,2018,6,20.0,77.3,2.3,275.4
Dordogne,2018,7,22.3,55.5,2.2,320.6
Dordogne,2018,8,22.1,43.9,2.4,294.8
Dordogne,2018,9,19.3,25.0,2.2,253.6
Dordogne,2018,10,14.6,60.1,2.7,185.1
Dordogne,2018,11,9.5,77.3,2.4,119.8
Dordogne,2018,12,7.6,124.4,2.5,35.2
Dordogne,2019,1,4.3,83.4,2.8,49.7
Dordogne,2019,2,8.4,33.3,2.4,171.8
Dordogne,2019,3,10.2,48.3,3.4,210.2
Dordogne,2019,4,11.9,82.6,2.9,175.5
Dordogne,2019,5,14.0,68.1,2.9,203.5
Dordogne,2019,6,19.6,86.9,2.4,231.5
Dordogne,2019,7,23.2,50.5,2.4,329.0
Dordogne,2019,8,21.5,27.4,2.1,267.0
Dordogne,2019,9,18.7,47.8,2.5,217.4
Dordogne,2019,10,15.6,120.8,2.5,106.0
Dordogne,2019,11,8.7,212.6,3.0,61.9
Dordogne,2019,12,8.4,137.5,3.3,91.0
Dordogne,2020,1,7.6,59.3,2.8,105.2
Dordogne,2020,2,9.4,57.0,3.1,121.6
Dordogne,2020,3,9.8,86.3,3.0,168.6
Dordogne,2020,4,14.9,94.1,2.6,188.6
Dordogne,2020,5,17.5,61.2,2.6,287.7
Dordogne,2020,6,18.0,95.5,2.4,224.8
Dordogne,2020,7,21.7,5.3,2.3,300.6
Dordogne,2020,8,22.4,53.4,2.3,244.6
Dordogne,2020,9,18.8,66.6,2.3,229.8
Dordogne,2020,10,13.0,151.9,3.0,99.0
Dordogne,2020,11,11.0,33.2,2.3,168.3
Dordogne,2020,12,6.7,183.2,3.1,51.3
Dordogne,2021,1,4.7,117.1,2.9,79.3
Dordogne,2021,2,10.0,77.7,3.4,101.4
Dordogne,2021,3,9.3,26.1,2.9,210.4
Dordogne,2021,4,11.3,30.9,2.8,237.8
Dordogne,2021,5,13.8,121.1,2.8,212.6
Dordogne,2021,6,19.9,134.2,2.3,231.6
Dordogne,2021,7,20.1,57.8,2.3,213.2
Dordogne,2021,8,19.6,28.0,2.3,232.8
Dordogne,2021,9,19.2,91.6,2.0,172.2
Dordogne,2021,10,13.3,53.8,2.5,200.0
Dordogne,2021,11,7.8,53.4,2.3,93.7
Dordogne,2021,12,7.3,146.0,2.8,118.3
Dordogne,2022,1,4.4,40.2,2.1,139.6
Dordogne,2022,2,8.1,45.5,2.8,126.8
Dordogne,2022,3,10.7,58.5,3.3,152.5
Dordogne,2022,4,12.1,72.7,3.0,161.0
Dordogne,2022,5,18.2,27.1,2.4,289.7
Dordogne,2022,6,20.9,118.3,2.2,248.1
Dordogne,2022,7,22.9,6.3,2.5,328.1
Dordogne,2022,8,24.0,36.6,2.2,268.5
Dordogne,2022,9,18.6,45.8,2.5,206.8
Dordogne,2022,10,18.3,24.1,2.6,135.9
Dordogne,2022,11,10.9,105.3,2.6,101.7
Dordogne,2022,12,7.4,66.5,2.6,85.7
Dordogne,2023,1,5.7,84.3,2.9,42.6
Dordogne,2023,2,6.7,22.2,2.4,175.1
Dordogne,2023,3,10.7,101.2,3.3,121.2
Dordogne,2023,4,12.6,66.4,2.9,185.0
Dordogne,2023,5,16.6,51.9,2.7,253.9
Dordogne,2023,6,21.4,80.1,2.2,238.1
Dordogne,2023,7,21.4,36.3,2.4,264.2
Dordogne,2023,8,22.2,63.9,2.4,243.2
Dordogne,2023,9,21.8,44.1,2.3,248.6
Dordogne,2023,10,16.6,152.2,2.7,164.0
Dordogne,2023,11,10.1,209.9,3.1,86.8
Dordogne,2023,12,7.4,126.7,2.8,64.9
Dordogne,2024,1,6.6,45.4,2.5,69.9
Dordogne,2024,2,8.9,117.1,2.8,69.8
Dordogne,2024,3,10.8,134.9,2.8,143.1
Dordogne,2024,4,13.0,73.0,3.1,177.1
Dordogne,2024,5,14.9,157.7,2.4,155.0
Dordogne,2024,6,19.1,79.4,2.3,186.4
Dordogne,2024,7,21.8,29.2,2.3,274.3
Dordogne,2024,8,22.0,18.3,2.2,265.8
Dordogne,2024,9,16.4,125.9,2.6,136.9
Dordogne,2024,10,15.9,127.5,2.4,120.3
Dordogne,2024,11,11.2,61.3,2.5,142.6
Dordogne,2024,12,6.1,62.4,2.5,83.5
Doubs,2018,1,5.0,268.4,3.4,39.1
Doubs,2018,2,-1.2,67.3,2.3,80.6
Doubs,2018,3,4.2,155.4,2.5,97.7
Doubs,2018,4,11.6,48.7,2.2,195.9
Doubs,2018,5,13.9,167.5,1.7,193.5
Doubs,2018,6,17.2,83.3,1.8,277.3
Doubs,2018,7,20.2,39.6,1.7,318.4
Doubs,2018,8,19.7,81.5,1.9,271.7
Doubs,2018,9,15.9,35.9,1.8,241.7
Doubs,2018,10,11.1,29.9,1.7,167.3
Doubs,2018,11,6.3,60.2,1.7,78.2
Doubs,2018,12,3.6,194.9,2.8,41.5
Doubs,2019,1,-0.4,96.0,2.3,59.9
Doubs,2019,2,4.2,47.0,2.1,171.1
Doubs,2019,3,6.5,135.9,3.5,174.0
Doubs,2019,4,8.4,91.8,2.0,175.2
Doubs,2019,5,10.3,99.0,2.4,208.0
Doubs,2019,6,18.4,96.3,1.9,274.5
Doubs,2019,7,20.2,74.6,2.0,303.7
Doubs,2019,8,18.7,100.5,1.8,270.8
Doubs,2019,9,15.0,60.1,2.1,206.4
Doubs,2019,10,12.2,192.0,2.3,92.7
Doubs,2019,11,5.2,145.9,2.3,54.5
Doubs,2019,12,4.3,169.1,3.0,63.2
Doubs,2020,1,3.5,63.9,2.4,92.9
Doubs,2020,2,6.0,150.3,4.2,103.0
Doubs,2020,3,5.8,97.9,2.8,192.5
Doubs,2020,4,11.3,37.6,2.0,279.4
Doubs,2020,5,13.0,132.6,2.3,274.1
Doubs,2020,6,15.9,163.1,2.0,188.2
Doubs,2020,7,18.8,23.1,2.0,297.6
Doubs,2020,8,19.7,92.0,1.9,233.4
Doubs,2020,9,15.9,75.4,1.9,219.9
Doubs,2020,10,9.5,172.3,2.5,60.5
Doubs,2020,11,7.2,35.3,1.8,126.1
Doubs,2020,12,2.8,151.3,2.6,33.3
Doubs,2021,1,0.4,202.8,2.8,38.2
Doubs,2021,2,4.9,60.3,2.5,113.0
Doubs,2021,3,5.1,84.5,2.4,172.0
Doubs,2021,4,6.9,53.2,2.5,233.2
Doubs,2021,5,10.2,215.0,3.0,170.5
Doubs,2021,6,18.1,152.8,1.8,223.0
Doubs,2021,7,17.6,218.4,1.9,196.8
Doubs,2021,8,16.5,77.8,1.8,184.3
Doubs,2021,9,15.8,59.2,1.6,216.8
Doubs,2021,10,9.8,107.7,2.1,191.2
Doubs,2021,11,3.8,55.1,2.1,61.2
Doubs,2021,12,2.3,192.1,2.6,51.0
Doubs,2022,1,0.4,66.0,2.3,90.0
Doubs,2022,2,3.5,111.8,3.3,118.0
Doubs,2022,3,6.3,26.0,2.1,220.4
Doubs,2022,4,7.8,131.4,2.6,202.6
Doubs,2022,5,14.4,40.0,2.1,273.1
Doubs,2022,6,18.5,128.0,2.1,261.0
Doubs,2022,7,19.6,23.8,2.0,352.3
Doubs,2022,8,19.8,88.5,2.0,287.0
Doubs,2022,9,13.6,183.1,2.0,159.1
Doubs,2022,10,14.2,100.5,2.1,153.2
Doubs,2022,11,7.0,128.5,2.4,54.8
Doubs,2022,12,3.0,123.7,2.7,55.1
Doubs,2023,1,1.9,106.6,3.2,43.4
Doubs,2023,2,3.1,20.2,2.2,135.1
Doubs,2023,3,6.0,144.9,3.2,125.4
Doubs,2023,4,7.6,117.2,2.6,161.8
Doubs,2023,5,13.0,84.0,2.1,211.6
Doubs,2023,6,18.0,87.1,1.9,320.5
Doubs,2023,7,18.8,97.7,2.2,244.0
Doubs,2023,8,18.8,91.3,2.1,195.2
Doubs,2023,9,17.8,57.7,1.8,249.4
Doubs,2023,10,12.8,166.5,2.6,156.1
Doubs,2023,11,5.2,306.8,3.5,44.4
Doubs,2023,12,4.0,198.3,3.2,45.2
Doubs,2024,1,2.1,133.8,2.9,75.4
Doubs,2024,2,6.0,86.7,2.6,46.0
Doubs,2024,3,7.3,111.6,2.5,105.2
Doubs,2024,4,8.4,127.7,2.7,122.9
Doubs,2024,5,12.5,183.8,2.0,162.6
Doubs,2024,6,16.5,122.2,2.2,180.2
Doubs,2024,7,18.8,100.4,1.8,240.2
Doubs,2024,8,19.7,98.3,1.7,305.5
Doubs,2024,9,13.5,169.6,2.3,139.6
Doubs,2024,10,12.1,164.6,2.0,106.8
Doubs,2024,11,5.8,100.4,2.5,74.4
Doubs,2024,12,1.2,149.0,2.2,51.0
Drôme,2018,1,7.2,131.6,2.7,74.2
Drôme,2018,2,2.4,35.4,3.1,108.1
Drôme,2018,3,7.8,128.6,3.0,117.8
Drôme,2018,4,13.9,75.0,2.9,196.3
Drôme,2018,5,16.1,133.2,2.3,189.6
Drôme,2018,6,19.9,90.3,2.7,276.3
Drôme,2018,7,23.5,19.6,2.6,341.5
Drôme,2018,8,22.9,77.1,2.7,271.9
Drôme,2018,9,19.5,8.7,2.4,260.0
Drôme,2018,10,14.1,172.2,2.9,148.9
Drôme,2018,11,9.2,191.0,2.5,66.1
Drôme,2018,12,5.7,69.0,2.4,100.8
Drôme,2019,1,3.0,38.4,4.0,119.3
Drôme,2019,2,6.8,59.1,2.4,173.8
Drôme,2019,3,9.2,27.0,3.2,215.0
Drôme,2019,4,10.8,98.7,3.0,175.7
Drôme,2019,5,13.7,49.6,3.6,237.8
Drôme,2019,6,20.7,70.8,2.5,298.3
Drôme,2019,7,23.6,38.6,2.7,326.9
Drôme,2019,8,22.5,25.0,2.5,279.4
Drôme,2019,9,18.8,33.8,2.6,227.0
Drôme,2019,10,14.9,173.4,2.8,122.3
Drôme,2019,11,7.4,213.3,2.2,47.0
Drôme,2019,12,6.8,121.8,2.6,89.4
Drôme,2020,1,5.8,28.0,2.3,95.0
Drôme,2020,2,7.8,27.0,2.8,133.3
Drôme,2020,3,8.8,48.7,2.7,185.0
Drôme,2020,4,13.3,42.3,2.1,201.9
Drôme,2020,5,16.7,73.0,2.9,271.9
Drôme,2020,6,18.8,75.7,2.7,219.1
Drôme,2020,7,22.7,26.0,2.8,325.5
Drôme,2020,8,22.8,61.4,2.6,277.6
Drôme,2020,9,18.6,54.3,2.2,210.5
Drôme,2020,10,11.8,128.5,2.9,133.0
Drôme,2020,11,9.5,35.5,2.2,135.2
Drôme,2020,12,5.2,122.2,2.7,43.2
Drôme,2021,1,3.0,65.7,3.1,82.7
Drôme,2021,2,7.9,49.3,2.9,107.5
Drôme,2021,3,7.9,21.3,3.1,207.1
Drôme,2021,4,9.5,86.5,3.3,221.6
Drôme,2021,5,13.3,137.2,2.8,228.8
Drôme,2021,6,20.3,79.9,2.8,281.8
Drôme,2021,7,20.8,100.7,2.7,279.5
Drôme,2021,8,20.0,50.8,2.7,306.8
Drôme,2021,9,18.6,85.0,2.0,195.0
Drôme,2021,10,12.2,155.4,3.0,173.6
Drôme,2021,11,6.5,45.1,2.8,99.2
Drôme,2021,12,4.5,96.1,2.4,89.7
Drôme,2022,1,3.3,20.7,3.1,151.9
Drôme,2022,2,6.6,33.9,3.3,163.4
Drôme,2022,3,8.4,26.2,2.6,123.4
Drôme,2022,4,10.8,66.8,3.1,209.5
Drôme,2022,5,17.7,28.6,2.8,299.3
Drôme,2022,6,22.2,60.9,3.0,305.7
Drôme,2022,7,23.9,7.8,3.2,380.3
Drôme,2022,8,23.4,77.4,2.7,312.5
Drôme,2022,9,17.2,128.7,2.5,212.9
Drôme,2022,10,16.6,100.5,2.1,154.6
Drôme,2022,11,9.3,107.8,2.3,106.5
Drôme,2022,12,5.7,126.8,2.7,75.7
Drôme,2023,1,4.2,20.0,3.5,102.8
Drôme,2023,2,5.6,9.0,3.3,161.8
Drôme,2023,3,9.0,65.5,3.3,197.5
Drôme,2023,4,10.8,43.9,3.4,206.8
Drôme,2023,5,15.2,91.4,3.2,213.3
Drôme,2023,6,20.4,130.7,2.6,263.5
Drôme,2023,7,22.8,40.4,3.0,353.9
Drôme,2023,8,22.5,75.7,3.2,290.6
Drôme,2023,9,19.7,73.4,2.5,239.8
Drôme,2023,10,15.8,166.4,2.9,176.2
Drôme,2023,11,7.9,107.9,3.0,118.3
Drôme,2023,12,6.0,89.0,3.0,116.4
Drôme,2024,1,5.0,59.9,3.2,109.9
Drôme,2024,2,8.1,65.2,3.4,115.3
Drôme,2024,3,9.6,193.9,3.8,161.0
Drôme,2024,4,11.6,47.3,4.3,208.8
Drôme,2024,5,14.4,155.6,2.5,193.0
Drôme,2024,6,19.0,91.9,3.1,192.0
Drôme,2024,7,22.2,51.3,3.0,336.2
Drôme,2024,8,23.3,23.8,3.0,317.8
Drôme,2024,9,16.3,149.9,3.1,171.1
Drôme,2024,10,15.0,130.6,2.8,145.1
Drôme,2024,11,8.9,37.3,2.9,140.2
Drôme,2024,12,4.0,71.8,3.0,134.8
Essonne,2018,1,7.3,113.6,3.6,35.4
Essonne,2018,2,1.3,49.1,3.3,112.1
Essonne,2018,3,6.9,79.8,3.1,85.0
Essonne,2018,4,12.7,54.2,2.4,178.0
Essonne,2018,5,15.8,55.1,2.6,270.4
Essonne,2018,6,19.0,70.5,2.6,233.5
Essonne,2018,7,22.7,16.9,2.3,282.1
Essonne,2018,8,20.7,24.7,2.2,236.5
Essonne,2018,9,16.5,13.7,2.3,218.8
Essonne,2018,10,13.4,23.7,2.5,169.2
Essonne,2018,11,7.6,75.1,2.5,79.8
Essonne,2018,12,6.3,75.8,3.0,48.4
Essonne,2019,1,3.7,48.3,2.6,37.5
Essonne,2019,2,6.7,32.1,2.2,151.3
Essonne,2019,3,8.9,53.7,3.7,157.8
Essonne,2019,4,10.6,19.2,2.7,205.7
Essonne,2019,5,12.7,81.8,2.6,199.3
Essonne,2019,6,18.9,59.1,2.7,264.1
Essonne,2019,7,21.2,12.0,2.7,345.4
Essonne,2019,8,20.1,56.9,2.3,248.9
Essonne,2019,9,16.7,29.8,3.0,199.8
Essonne,2019,10,13.1,84.4,3.1,85.5
Essonne,2019,11,7.7,102.7,2.8,62.5
Essonne,2019,12,6.5,85.0,3.1,76.6
Essonne,2020,1,6.0,35.3,3.0,91.1
Essonne,2020,2,8.5,81.1,4.4,91.0
Essonne,2020,3,8.3,54.5,3.8,168.5
Essonne,2020,4,13.8,20.1,2.4,273.1
Essonne,2020,5,14.9,63.1,3.0,311.7
Essonne,2020,6,17.6,61.4,2.8,215.2
Essonne,2020,7,20.0,4.6,2.8,282.2
Essonne,2020,8,21.5,46.1,2.5,225.9
Essonne,2020,9,18.0,38.6,2.4,211.7
Essonne,2020,10,12.1,82.0,3.2,84.2
Essonne,2020,11,9.1,15.8,2.1,88.2
Essonne,2020,12,6.2,110.0,3.2,38.9
Essonne,2021,1,4.1,87.6,2.9,51.2
Essonne,2021,2,6.3,41.8,3.1,105.6
Essonne,2021,3,7.7,29.5,3.0,186.5
Essonne,2021,4,8.8,20.5,3.2,250.6
Essonne,2021,5,12.3,82.2,3.3,197.8
Essonne,2021,6,19.2,93.5,2.1,220.1
Essonne,2021,7,19.3,95.8,2.6,198.4
Essonne,2021,8,18.5,25.4,2.7,171.3
Essonne,2021,9,18.2,63.4,2.1,215.8
Essonne,2021,10,11.9,54.6,2.3,167.2
Essonne,2021,11,6.2,37.7,2.4,81.8
Essonne,2021,12,6.5,87.0,2.8,58.0
Essonne,2022,1,4.3,50.0,2.3,68.7
Essonne,2022,2,7.0,33.7,3.3,119.4
Essonne,2022,3,9.2,21.8,2.5,191.8
Essonne,2022,4,11.1,59.8,3.2,224.9
Essonne,2022,5,16.1,20.4,2.4,257.4
Essonne,2022,6,19.2,90.4,2.4,279.0
Essonne,2022,7,21.5,14.2,2.4,341.0
Essonne,2022,8,22.2,38.7,2.5,284.2
Essonne,2022,9,16.5,58.4,2.2,161.8
Essonne,2022,10,15.4,75.0,2.2,144.2
Essonne,2022,11,9.2,50.9,2.8,69.2
Essonne,2022,12,4.8,44.8,3.1,40.6
Essonne,2023,1,5.6,54.4,3.8,44.4
Essonne,2023,2,6.1,1.9,2.8,128.1
Essonne,2023,3,8.9,59.4,3.8,104.8
Essonne,2023,4,10.0,64.2,3.1,154.9
Essonne,2023,5,15.1,50.6,3.5,253.2
Essonne,2023,6,21.1,38.9,2.6,309.9
Essonne,2023,7,20.4,86.9,3.0,233.2
Essonne,2023,8,19.9,64.9,2.5,180.0
Essonne,2023,9,20.3,41.0,2.0,213.8
Essonne,2023,10,14.5,91.2,2.6,148.2
Essonne,2023,11,9.1,83.0,3.6,67.6
Essonne,2023,12,7.2,71.0,3.5,37.9
Essonne,2024,1,4.3,57.2,3.2,84.7
Essonne,2024,2,8.6,76.0,3.4,29.2
Essonne,2024,3,9.6,86.6,2.7,124.4
Essonne,2024,4,11.5,53.0,3.0,147.8
Essonne,2024,5,15.0,103.7,2.4,147.8
Essonne,2024,6,17.4,52.9,2.5,204.9
Essonne,2024,7,20.0,70.5,2.2,210.8
Essonne,2024,8,20.7,67.4,2.2,249.6
Essonne,2024,9,16.0,112.6,2.9,130.3
Essonne,2024,10,13.8,110.7,2.3,96.1
Essonne,2024,11,7.8,50.2,2.6,46.5
Essonne,2024,12,5.6,44.2,3.0,41.2
Eure,2018,1,7.1,132.4,4.8,37.4
Eure,2018,2,2.2,44.3,4.0,126.3
Eure,2018,3,6.5,95.3,4.0,67.1
Eure,2018,4,12.3,74.7,3.2,154.0
Eure,2018,5,15.0,70.4,2.8,275.7
Eure,2018,6,18.1,86.6,2.7,239.8
Eure,2018,7,21.7,36.3,2.6,184.1
Eure,2018,8,19.4,53.5,2.8,212.0
Eure,2018,9,15.8,19.8,2.8,219.2
Eure,2018,10,12.6,39.1,2.9,167.5
Eure,2018,11,7.5,64.7,3.3,87.7
Eure,2018,12,6.7,91.9,3.7,71.2
Eure,2019,1,4.1,54.2,2.9,45.9
Eure,2019,2,6.8,47.0,3.0,160.2
Eure,2019,3,9.0,58.6,4.4,122.6
Eure,2019,4,10.2,32.3,3.0,216.9
Eure,2019,5,12.2,65.0,3.0,220.7
Eure,2019,6,17.9,49.3,3.1,246.6
Eure,2019,7,20.1,19.8,3.0,328.9
Eure,2019,8,19.2,49.7,2.8,232.6
Eure,2019,9,16.1,28.4,3.6,177.0
Eure,2019,10,12.7,113.8,3.9,78.7
Eure,2019,11,7.6,115.2,3.7,63.6
Eure,2019,12,6.4,100.0,4.4,72.8
Eure,2020,1,6.1,50.2,4.0,64.3
Eure,2020,2,8.2,121.8,6.0,68.4
Eure,2020,3,7.6,57.5,4.5,154.1
Eure,2020,4,12.9,40.1,2.8,245.4
Eure,2020,5,13.9,33.4,3.0,302.6
Eure,2020,6,16.9,35.9,3.2,204.0
Eure,2020,7,18.5,16.3,3.4,253.2
Eure,2020,8,20.7,76.9,3.0,187.8
Eure,2020,9,17.0,36.2,2.9,176.4
Eure,2020,10,11.7,91.0,4.0,79.6
Eure,2020,11,9.3,23.8,3.2,89.7
Eure,2020,12,6.3,130.1,4.0,53.2
Eure,2021,1,4.3,102.2,3.6,44.3
Eure,2021,2,6.0,45.2,4.1,92.6
Eure,2021,3,7.4,33.5,3.7,188.9
Eure,2021,4,7.8,25.6,3.2,246.6
Eure,2021,5,12.0,98.5,4.0,191.2
Eure,2021,6,17.6,137.1,2.4,205.8
Eure,2021,7,18.9,72.6,3.0,197.5
Eure,2021,8,17.6,31.2,3.0,158.0
Eure,2021,9,17.5,42.5,2.5,193.2
Eure,2021,10,12.2,95.4,3.2,154.5
Eure,2021,11,7.0,41.7,2.8,93.1
Eure,2021,12,6.9,91.9,3.9,40.9
Eure,2022,1,4.9,56.5,2.7,56.5
Eure,2022,2,7.2,33.6,4.9,94.5
Eure,2022,3,9.1,24.4,3.4,177.3
Eure,2022,4,10.2,43.0,3.6,188.1
Eure,2022,5,14.9,36.6,2.7,227.7
Eure,2022,6,18.0,54.7,2.8,245.4
Eure,2022,7,20.6,12.0,2.8,313.2
Eure,2022,8,21.2,18.5,2.8,274.2
Eure,2022,9,15.8,81.2,2.8,141.0
Eure,2022,10,15.2,40.2,3.2,121.5
Eure,2022,11,9.6,80.6,4.1,97.2
Eure,2022,12,4.7,55.0,3.6,57.6
Eure,2023,1,5.9,66.4,4.5,53.2
Eure,2023,2,6.2,3.4,3.2,114.4
Eure,2023,3,9.0,67.4,4.8,98.2
Eure,2023,4,10.0,51.0,3.6,166.7
Eure,2023,5,14.1,37.1,3.6,261.5
Eure,2023,6,19.8,41.2,2.9,302.1
Eure,2023,7,19.0,80.7,3.6,194.4
Eure,2023,8,19.2,85.2,3.1,177.7
Eure,2023,9,19.6,55.1,2.5,171.1
Eure,2023,10,14.4,77.6,3.4,139.4
Eure,2023,11,9.1,100.4,4.6,65.2
Eure,2023,12,7.8,65.8,4.8,55.2
Eure,2024,1,4.3,74.7,4.0,78.8
Eure,2024,2,9.2,78.0,4.6,35.9
Eure,2024,3,9.4,62.6,3.7,112.5
Eure,2024,4,11.1,70.6,4.0,139.4
Eure,2024,5,14.6,102.1,2.9,162.6
Eure,2024,6,16.0,41.9,2.8,209.0
Eure,2024,7,19.2,68.3,2.8,183.5
Eure,2024,8,19.7,52.8,2.8,222.8
Eure,2024,9,15.6,95.3,3.4,142.4
Eure,2024,10,13.3,82.8,2.8,102.1
Eure,2024,11,8.2,57.9,3.4,51.2
Eure,2024,12,6.2,59.9,4.0,22.8
Eure-et-Loir,2018,1,7.1,102.3,4.6,27.5
Eure-et-Loir,2018,2,1.2,51.0,4.0,120.0
Eure-et-Loir,2018,3,6.7,87.3,4.0,88.5
Eure-et-Loir,2018,4,12.3,48.5,3.0,168.8
Eure-et-Loir,2018,5,15.1,65.6,2.8,267.2
Eure-et-Loir,2018,6,18.3,77.3,2.8,235.4
Eure-et-Loir,2018,7,21.9,31.3,2.6,262.5
Eure-et-Loir,2018,8,20.2,33.7,2.7,261.2
Eure-et-Loir,2018,9,16.3,11.9,2.9,235.6
Eure-et-Loir,2018,10,12.9,29.5,3.1,175.6
Eure-et-Loir,2018,11,7.2,85.1,3.3,64.9
Eure-et-Loir,2018,12,6.3,78.2,4.0,54.5
Eure-et-Loir,2019,1,3.7,45.5,3.3,45.7
Eure-et-Loir,2019,2,6.5,31.3,3.1,148.8
Eure-et-Loir,2019,3,8.6,59.6,4.4,165.0
Eure-et-Loir,2019,4,9.9,31.0,3.0,210.0
Eure-et-Loir,2019,5,12.1,72.9,2.9,196.2
Eure-et-Loir,2019,6,18.1,55.4,3.0,261.5
Eure-et-Loir,2019,7,20.7,16.7,3.0,345.7
Eure-et-Loir,2019,8,19.6,48.6,2.8,241.0
Eure-et-Loir,2019,9,16.4,28.1,3.5,203.7
Eure-et-Loir,2019,10,12.7,101.8,3.8,81.6
Eure-et-Loir,2019,11,7.5,115.1,3.7,50.0
Eure-et-Loir,2019,12,6.3,82.6,4.2,71.2
Eure-et-Loir,2020,1,5.9,41.5,4.0,87.9
Eure-et-Loir,2020,2,8.2,79.7,5.6,90.8
Eure-et-Loir,2020,3,7.9,59.5,4.4,169.6
Eure-et-Loir,2020,4,13.0,25.4,2.9,258.9
Eure-et-Loir,2020,5,14.4,41.5,3.2,308.1
Eure-et-Loir,2020,6,17.0,46.0,3.1,206.8
Eure-et-Loir,2020,7,19.2,9.6,3.2,289.2
Eure-et-Loir,2020,8,21.0,41.2,3.0,222.6
Eure-et-Loir,2020,9,17.8,29.7,3.0,219.4
Eure-et-Loir,2020,10,11.6,73.4,3.9,77.1
Eure-et-Loir,2020,11,8.8,16.9,3.0,121.0
Eure-et-Loir,2020,12,6.0,126.3,4.1,41.0
Eure-et-Loir,2021,1,3.9,72.7,3.6,62.5
Eure-et-Loir,2021,2,4.8,40.0,4.0,107.5
Eure-et-Loir,2021,3,7.2,27.8,3.6,197.4
Eure-et-Loir,2021,4,8.0,26.5,3.4,250.2
Eure-et-Loir,2021,5,11.8,85.7,3.8,200.6
Eure-et-Loir,2021,6,18.1,103.0,2.3,229.7
Eure-et-Loir,2021,7,18.8,58.6,3.1,213.7
Eure-et-Loir,2021,8,17.9,25.5,3.2,180.2
Eure-et-Loir,2021,9,17.7,49.2,2.6,202.4
Eure-et-Loir,2021,10,11.7,74.3,3.1,171.0
Eure-et-Loir,2021,11,6.2,39.5,3.0,109.4
Eure-et-Loir,2021,12,6.2,72.0,3.9,53.9
Eure-et-Loir,2022,1,4.1,45.3,3.0,47.9
Eure-et-Loir,2022,2,6.7,27.6,4.2,116.6
Eure-et-Loir,2022,3,8.6,31.8,3.2,168.4
Eure-et-Loir,2022,4,10.1,43.7,3.5,195.5
Eure-et-Loir,2022,5,15.2,26.3,2.6,261.4
Eure-et-Loir,2022,6,18.1,93.4,2.7,257.4
Eure-et-Loir,2022,7,20.6,14.2,2.7,334.4
Eure-et-Loir,2022,8,21.1,29.7,2.8,278.3
Eure-et-Loir,2022,9,15.9,78.3,2.8,168.2
Eure-et-Loir,2022,10,15.1,52.2,3.0,139.7
Eure-et-Loir,2022,11,9.1,60.4,3.7,69.4
Eure-et-Loir,2022,12,4.7,46.7,3.8,37.6
Eure-et-Loir,2023,1,5.3,64.3,4.4,46.9
Eure-et-Loir,2023,2,5.6,3.5,3.1,121.0
Eure-et-Loir,2023,3,8.4,68.8,4.5,107.2
Eure-et-Loir,2023,4,9.5,52.5,3.4,159.4
Eure-et-Loir,2023,5,14.2,47.3,3.5,260.3
Eure-et-Loir,2023,6,19.9,38.5,2.7,316.2
Eure-et-Loir,2023,7,19.2,82.4,3.6,227.2
Eure-et-Loir,2023,8,19.3,51.9,3.1,161.9
Eure-et-Loir,2023,9,19.7,67.0,2.6,210.2
Eure-et-Loir,2023,10,14.2,91.8,3.3,147.8
Eure-et-Loir,2023,11,8.9,90.0,4.4,81.8
Eure-et-Loir,2023,12,7.2,59.1,4.4,53.0
Eure-et-Loir,2024,1,4.1,67.3,4.0,79.6
Eure-et-Loir,2024,2,8.5,78.4,4.2,37.3
Eure-et-Loir,2024,3,9.0,78.7,3.4,141.7
Eure-et-Loir,2024,4,10.7,65.3,3.6,148.1
Eure-et-Loir,2024,5,14.2,107.9,2.8,152.2
Eure-et-Loir,2024,6,16.4,69.5,2.8,209.0
Eure-et-Loir,2024,7,19.2,73.2,2.7,213.5
Eure-et-Loir,2024,8,19.7,48.5,2.7,251.2
Eure-et-Loir,2024,9,15.3,97.9,3.5,130.7
Eure-et-Loir,2024,10,13.2,110.6,2.9,91.0
Eure-et-Loir,2024,11,7.7,51.4,3.3,35.5
Eure-et-Loir,2024,12,5.6,39.4,3.8,33.4
Finistère,2018,1,8.6,158.1,7.7,59.3
Finistère,2018,2,4.7,79.1,6.4,147.9
Finistère,2018,3,7.5,136.3,6.3,87.3
Finistère,2018,4,11.5,51.3,5.4,170.4
Finistère,2018,5,13.6,48.5,4.2,244.2
Finistère,2018,6,17.3,55.4,4.2,228.0
Finistère,2018,7,18.9,81.9,3.8,283.6
Finistère,2018,8,17.6,36.4,3.6,169.1
Finistère,2018,9,16.2,28.2,4.5,189.9
Finistère,2018,10,12.7,99.7,4.8,167.4
Finistère,2018,11,9.9,165.2,6.1,101.7
Finistère,2018,12,9.7,156.2,6.3,33.4
Finistère,2019,1,6.9,88.3,5.1,59.2
Finistère,2019,2,9.2,81.3,5.7,138.2
Finistère,2019,3,9.7,68.9,6.6,159.0
Finistère,2019,4,10.9,73.0,5.1,181.8
Finistère,2019,5,12.7,49.5,4.5,219.5
Finistère,2019,6,15.6,79.9,4.5,198.4
Finistère,2019,7,18.6,31.5,4.4,302.7
Finistère,2019,8,17.4,82.9,4.5,196.7
Finistère,2019,9,15.9,88.3,5.3,168.6
Finistère,2019,10,13.2,193.7,5.6,85.5
Finistère,2019,11,9.4,222.5,6.9,63.6
Finistère,2019,12,8.6,155.5,7.1,65.4
Finistère,2020,1,8.4,121.6,6.4,72.6
Finistère,2020,2,9.2,157.5,8.8,71.3
Finistère,2020,3,8.8,72.4,6.7,157.7
Finistère,2020,4,12.6,67.3,4.5,206.4
Finistère,2020,5,14.8,28.9,4.8,328.8
Finistère,2020,6,15.7,122.2,4.6,188.6
Finistère,2020,7,16.7,26.5,4.6,239.3
Finistère,2020,8,18.3,85.1,4.8,222.7
Finistère,2020,9,16.2,57.9,4.1,177.0
Finistère,2020,10,12.2,185.0,6.6,100.3
Finistère,2020,11,11.4,80.3,5.9,96.6
Finistère,2020,12,8.3,260.6,7.7,66.4
Finistère,2021,1,6.9,161.3,5.8,77.7
Finistère,2021,2,7.7,74.5,6.9,90.7
Finistère,2021,3,9.1,37.3,5.6,162.2
Finistère,2021,4,9.7,15.4,5.1,264.4
Finistère,2021,5,11.8,99.1,6.4,187.3
Finistère,2021,6,15.9,50.5,3.6,184.0
Finistère,2021,7,17.8,77.7,4.8,204.4
Finistère,2021,8,16.9,40.5,4.5,197.5
Finistère,2021,9,17.3,62.8,4.1,191.3
Finistère,2021,10,13.9,143.7,5.4,167.4
Finistère,2021,11,9.5,51.4,4.6,90.2
Finistère,2021,12,8.8,108.1,6.6,64.5
Finistère,2022,1,7.6,70.2,4.5,57.8
Finistère,2022,2,8.8,72.0,6.5,75.0
Finistère,2022,3,10.1,52.2,5.5,182.1
Finistère,2022,4,11.1,41.9,5.0,212.3
Finistère,2022,5,14.2,20.2,4.0,241.2
Finistère,2022,6,16.3,77.0,4.8,239.2
Finistère,2022,7,19.0,5.4,4.0,309.4
Finistère,2022,8,19.9,31.8,4.2,260.1
Finistère,2022,9,16.2,76.1,4.8,160.1
Finistère,2022,10,15.1,101.1,5.6,104.8
Finistère,2022,11,11.7,193.5,7.5,103.1
Finistère,2022,12,6.8,186.0,6.3,71.8
Finistère,2023,1,7.6,135.1,6.7,61.0
Finistère,2023,2,7.9,17.2,4.3,93.9
Finistère,2023,3,9.5,158.1,7.2,58.9
Finistère,2023,4,10.8,69.6,5.3,178.2
Finistère,2023,5,13.9,46.6,5.3,280.6
Finistère,2023,6,18.0,28.7,4.2,268.3
Finistère,2023,7,17.3,92.2,5.1,173.0
Finistère,2023,8,17.5,76.7,4.6,181.1
Finistère,2023,9,18.4,64.5,4.2,174.7
Finistère,2023,10,14.8,141.1,5.6,122.2
Finistère,2023,11,10.6,188.3,7.2,61.8
Finistère,2023,12,10.1,136.6,7.6,47.2
Finistère,2024,1,6.9,150.6,6.3,77.6
Finistère,2024,2,10.1,173.6,6.6,35.6
Finistère,2024,3,9.7,121.7,6.2,104.0
Finistère,2024,4,11.1,76.7,6.4,171.1
Finistère,2024,5,14.0,83.7,4.9,205.4
Finistère,2024,6,15.2,39.0,4.4,233.4
Finistère,2024,7,17.0,75.0,4.3,167.5
Finistère,2024,8,17.8,78.7,4.2,195.0
Finistère,2024,9,15.2,75.9,4.8,146.1
Finistère,2024,10,13.5,109.4,4.6,121.5
Finistère,2024,11,11.1,105.1,5.1,55.8
Finistère,2024,12,8.7,72.2,6.2,42.5
Gard,2018,1,8.6,211.1,4.3,113.5
Gard,2018,2,3.9,69.3,4.4,144.5
Gard,2018,3,8.7,183.2,4.4,174.0
Gard,2018,4,13.8,155.7,3.7,207.7
Gard,2018,5,16.7,149.3,3.4,203.4
Gard,2018,6,21.0,64.8,3.5,312.2
Gard,2018,7,24.7,28.2,3.2,381.4
Gard,2018,8,23.9,90.7,3.3,314.0
Gard,2018,9,20.8,12.0,3.0,301.2
Gard,2018,10,15.2,242.3,4.1,160.4
Gard,2018,11,10.4,300.5,3.4,95.8
Gard,2018,12,7.6,31.1,3.6,156.6
Gard,2019,1,5.0,32.2,5.6,190.0
Gard,2019,2,8.4,26.9,3.5,199.4
Gard,2019,3,10.7,22.5,4.3,277.9
Gard,2019,4,11.6,128.1,4.2,201.7
Gard,2019,5,15.1,48.9,4.7,285.2
Gard,2019,6,21.1,25.2,3.2,331.7
Gard,2019,7,25.1,23.8,3.3,366.1
Gard,2019,8,24.1,15.7,3.2,320.3
Gard,2019,9,20.2,48.1,3.4,267.4
Gard,2019,10,15.9,182.6,3.6,170.9
Gard,2019,11,8.8,225.5,3.7,127.5
Gard,2019,12,8.6,105.1,4.0,135.5
Gard,2020,1,7.2,68.8,3.4,107.6
Gard,2020,2,9.6,27.2,3.8,163.4
Gard,2020,3,10.1,31.0,3.7,203.0
Gard,2020,4,13.4,72.4,2.8,220.8
Gard,2020,5,17.9,70.6,3.7,300.4
Gard,2020,6,20.0,94.4,3.9,312.8
Gard,2020,7,24.3,11.2,3.6,374.2
Gard,2020,8,24.0,43.9,3.4,324.2
Gard,2020,9,19.5,154.4,3.1,250.0
Gard,2020,10,13.1,78.8,3.8,156.2
Gard,2020,11,11.0,73.1,3.1,135.5
Gard,2020,12,6.1,148.9,3.7,87.4
Gard,2021,1,4.9,37.9,4.4,146.9
Gard,2021,2,8.7,69.1,3.3,97.1
Gard,2021,3,9.4,12.3,3.9,239.5
Gard,2021,4,11.0,67.4,3.6,236.1
Gard,2021,5,14.8,113.7,3.7,269.3
Gard,2021,6,21.3,58.6,3.4,301.7
Gard,2021,7,22.6,42.3,3.4,312.1
Gard,2021,8,22.4,24.4,3.4,350.8
Gard,2021,9,19.9,118.1,2.7,204.6
Gard,2021,10,13.6,285.0,3.8,212.5
Gard,2021,11,8.7,61.9,3.9,161.5
Gard,2021,12,6.7,47.4,3.3,142.4
Gard,2022,1,6.3,5.5,4.0,207.6
Gard,2022,2,8.5,49.5,4.4,190.4
Gard,2022,3,8.8,115.0,3.1,143.9
Gard,2022,4,12.4,50.6,3.8,225.3
Gard,2022,5,18.8,10.7,3.4,330.1
Gard,2022,6,23.4,43.5,3.6,319.2
Gard,2022,7,25.9,4.4,3.5,395.9
Gard,2022,8,25.1,78.8,3.3,323.3
Gard,2022,9,19.0,132.2,3.4,220.9
Gard,2022,10,17.5,73.0,2.6,140.4
Gard,2022,11,10.9,97.7,3.3,141.2
Gard,2022,12,7.1,118.1,2.8,85.2
Gard,2023,1,6.0,27.6,4.2,151.1
Gard,2023,2,7.1,44.7,3.6,176.1
Gard,2023,3,10.2,38.0,3.6,210.0
Gard,2023,4,12.8,21.2,4.0,231.0
Gard,2023,5,17.0,98.4,3.6,280.2
Gard,2023,6,21.8,116.3,3.0,273.9
Gard,2023,7,24.1,8.0,3.3,364.3
Gard,2023,8,23.8,23.4,3.6,335.9
Gard,2023,9,20.8,76.0,2.8,263.5
Gard,2023,10,17.0,183.7,3.3,175.9
Gard,2023,11,9.8,46.6,3.8,159.7
Gard,2023,12,7.7,42.4,3.6,152.6
Gard,2024,1,6.7,39.8,3.4,155.5
Gard,2024,2,9.5,71.8,3.6,166.9
Gard,2024,3,10.7,314.6,4.3,185.3
Gard,2024,4,12.7,91.3,4.4,225.9
Gard,2024,5,15.5,143.0,3.1,239.6
Gard,2024,6,20.0,40.5,3.3,281.6
Gard,2024,7,23.8,29.0,3.3,352.1
Gard,2024,8,24.7,50.0,3.2,340.4
Gard,2024,9,17.8,119.3,3.8,197.7
Gard,2024,10,15.9,296.9,3.2,162.9
Gard,2024,11,10.6,71.0,3.1,161.2
Gard,2024,12,6.5,23.7,3.7,168.8
Gers,2018,1,8.7,121.3,3.9,63.7
Gers,2018,2,4.8,82.4,3.1,89.7
Gers,2018,3,9.2,83.8,4.2,137.0
Gers,2018,4,13.8,81.1,3.3,181.8
Gers,2018,5,15.6,113.0,2.8,142.2
Gers,2018,6,20.3,102.4,2.5,199.5
Gers,2018,7,23.1,76.9,2.3,285.1
Gers,2018,8,22.8,26.0,2.5,270.4
Gers,2018,9,20.8,25.5,2.3,261.0
Gers,2018,10,14.5,66.0,2.7,139.7
Gers,2018,11,10.2,37.1,2.8,107.3
Gers,2018,12,8.9,64.1,2.6,58.2
Gers,2019,1,4.7,102.4,3.2,68.1
Gers,2019,2,9.3,26.1,3.0,192.6
Gers,2019,3,10.5,24.8,3.4,220.8
Gers,2019,4,12.2,91.9,3.6,164.0
Gers,2019,5,14.1,83.1,3.1,213.4
Gers,2019,6,20.2,54.2,2.8,245.4
Gers,2019,7,23.4,56.3,2.8,291.4
Gers,2019,8,22.2,80.8,2.1,260.9
Gers,2019,9,19.7,27.3,2.5,231.4
Gers,2019,10,16.2,68.9,2.9,140.4
Gers,2019,11,9.1,234.6,3.6,56.0
Gers,2019,12,9.4,110.5,3.6,79.1
Gers,2020,1,7.6,43.6,3.0,113.8
Gers,2020,2,10.4,37.4,3.4,135.1
Gers,2020,3,10.2,86.5,3.3,149.1
Gers,2020,4,15.0,85.6,3.0,173.6
Gers,2020,5,18.0,93.8,3.0,241.9
Gers,2020,6,18.9,74.3,2.7,139.8
Gers,2020,7,22.5,7.4,2.6,282.0
Gers,2020,8,23.2,60.7,2.5,238.6
Gers,2020,9,19.6,82.2,2.7,203.8
Gers,2020,10,13.5,158.1,3.4,126.0
Gers,2020,11,11.8,19.5,2.6,172.1
Gers,2020,12,7.5,212.2,4.0,63.6
Gers,2021,1,5.4,120.0,3.3,82.1
Gers,2021,2,10.5,35.1,4.0,103.7
Gers,2021,3,10.3,19.1,3.2,196.6
Gers,2021,4,11.9,34.2,3.1,220.8
Gers,2021,5,14.8,82.9,3.0,191.0
Gers,2021,6,20.5,81.5,2.6,220.3
Gers,2021,7,20.8,73.9,2.4,198.6
Gers,2021,8,20.8,16.9,2.3,232.8
Gers,2021,9,20.5,101.8,2.2,166.0
Gers,2021,10,14.3,47.0,2.4,197.8
Gers,2021,11,8.1,64.0,2.5,65.8
Gers,2021,12,8.4,113.2,3.3,124.7
Gers,2022,1,4.9,68.6,2.3,131.4
Gers,2022,2,9.1,28.8,3.4,129.3
Gers,2022,3,11.0,53.0,3.9,144.0
Gers,2022,4,12.2,58.7,3.5,151.1
Gers,2022,5,19.0,18.8,2.7,239.1
Gers,2022,6,22.1,66.8,2.5,209.4
Gers,2022,7,24.2,8.3,2.6,329.5
Gers,2022,8,25.1,28.0,2.6,266.0
Gers,2022,9,20.2,55.1,2.8,218.2
Gers,2022,10,19.2,10.4,2.8,147.7
Gers,2022,11,11.7,138.6,3.1,99.0
Gers,2022,12,9.2,46.1,2.6,93.4
Gers,2023,1,6.2,114.1,3.1,73.8
Gers,2023,2,6.8,18.2,2.5,176.5
Gers,2023,3,11.8,56.7,3.7,148.8
Gers,2023,4,13.4,79.4,3.2,191.7
Gers,2023,5,16.8,102.5,2.9,203.4
Gers,2023,6,21.6,120.4,2.5,195.7
Gers,2023,7,22.4,33.6,2.6,223.7
Gers,2023,8,23.4,30.5,2.8,248.2
Gers,2023,9,22.1,82.2,2.8,241.7
Gers,2023,10,18.2,94.3,2.9,187.7
Gers,2023,11,11.4,182.1,3.4,102.7
Gers,2023,12,8.3,87.7,3.1,80.4
Gers,2024,1,7.9,35.0,2.9,93.2
Gers,2024,2,9.6,105.1,3.5,86.9
Gers,2024,3,11.6,89.9,3.4,156.1
Gers,2024,4,13.3,44.9,3.3,202.7
Gers,2024,5,15.6,109.0,2.9,172.8
Gers,2024,6,19.6,68.3,2.7,180.1
Gers,2024,7,22.7,21.2,2.6,257.7
Gers,2024,8,22.8,57.3,2.3,233.3
Gers,2024,9,17.2,91.0,2.6,149.1
Gers,2024,10,16.2,98.0,2.7,104.5
Gers,2024,11,12.1,56.5,2.8,130.9
Gers,2024,12,7.4,57.7,3.0,87.9
Gironde,2018,1,9.3,153.0,4.0,28.0
Gironde,2018,2,4.7,67.8,3.3,107.3
Gironde,2018,3,9.5,125.7,4.5,136.2
Gironde,2018,4,14.2,77.5,3.0,166.1
Gironde,2018,5,16.3,78.6,2.8,220.0
Gironde,2018,6,20.7,71.4,2.7,254.9
Gironde,2018,7,22.9,58.1,2.4,303.9
Gironde,2018,8,22.6,32.2,2.6,301.2
Gironde,2018,9,19.9,17.9,2.4,268.6
Gironde,2018,10,14.7,58.0,2.6,169.9
Gironde,2018,11,10.4,91.0,2.8,108.1
Gironde,2018,12,9.5,98.4,3.0,41.3
Gironde,2019,1,5.9,94.3,3.0,78.1
Gironde,2019,2,9.7,37.1,2.7,183.2
Gironde,2019,3,11.3,41.1,3.7,221.4
Gironde,2019,4,12.6,90.6,3.3,168.2
Gironde,2019,5,14.7,45.6,3.3,224.5
Gironde,2019,6,19.7,79.9,3.0,240.6
Gironde,2019,7,23.4,47.5,2.6,321.0
Gironde,2019,8,21.9,36.9,2.2,271.0
Gironde,2019,9,19.3,47.0,2.7,226.0
Gironde,2019,10,16.4,109.4,2.8,112.0
Gironde,2019,11,9.8,274.5,3.9,58.3
Gironde,2019,12,9.6,119.1,3.9,81.9
Gironde,2020,1,8.7,59.4,3.2,99.3
Gironde,2020,2,10.6,53.8,3.5,132.4
Gironde,2020,3,10.4,96.6,3.4,168.1
Gironde,2020,4,15.3,104.4,2.8,179.9
Gironde,2020,5,18.0,129.5,3.0,285.5
Gironde,2020,6,18.5,74.2,3.0,219.6
Gironde,2020,7,22.1,4.9,2.6,312.2
Gironde,2020,8,22.7,63.7,2.5,246.2
Gironde,2020,9,19.6,77.5,2.5,230.2
Gironde,2020,10,13.9,169.0,3.4,122.5
Gironde,2020,11,11.8,21.2,2.4,170.0
Gironde,2020,12,8.5,235.1,3.7,70.3
Gironde,2021,1,6.2,126.7,3.5,90.1
Gironde,2021,2,10.7,79.2,3.6,84.9
Gironde,2021,3,10.3,20.1,3.1,212.6
Gironde,2021,4,12.3,22.5,3.1,250.3
Gironde,2021,5,14.5,108.8,3.3,214.8
Gironde,2021,6,20.2,154.7,2.6,243.5
Gironde,2021,7,20.7,47.2,2.7,206.5
Gironde,2021,8,20.2,24.8,2.7,242.7
Gironde,2021,9,20.0,57.4,2.2,189.9
Gironde,2021,10,14.4,38.8,2.5,206.8
Gironde,2021,11,8.5,67.3,2.5,106.9
Gironde,2021,12,8.5,147.4,3.4,111.1
Gironde,2022,1,5.6,49.0,2.5,127.9
Gironde,2022,2,9.3,43.8,3.1,127.4
Gironde,2022,3,11.3,41.2,3.4,148.7
Gironde,2022,4,12.7,54.3,3.4,177.3
Gironde,2022,5,18.8,22.1,2.8,284.4
Gironde,2022,6,21.4,86.3,2.6,245.7
Gironde,2022,7,23.4,4.6,2.8,352.6
Gironde,2022,8,24.5,26.1,2.6,259.0
Gironde,2022,9,19.5,45.3,2.8,227.3
Gironde,2022,10,19.0,36.5,2.7,125.0
Gironde,2022,11,12.3,134.0,3.1,107.3
Gironde,2022,12,8.6,61.7,3.1,85.9
Gironde,2023,1,7.2,116.8,3.3,63.6
Gironde,2023,2,7.1,49.1,2.6,166.0
Gironde,2023,3,11.7,92.0,3.5,121.0
Gironde,2023,4,13.5,59.2,3.3,205.7
Gironde,2023,5,17.2,44.2,3.0,262.9
Gironde,2023,6,21.9,91.5,2.5,251.0
Gironde,2023,7,21.7,28.0,2.8,242.8
Gironde,2023,8,22.5,49.8,2.9,241.8
Gironde,2023,9,22.0,81.8,2.4,237.9
Gironde,2023,10,17.6,175.9,3.2,173.3
Gironde,2023,11,11.6,247.1,3.7,78.9
Gironde,2023,12,9.0,118.4,3.2,53.2
Gironde,2024,1,7.8,45.4,2.8,71.1
Gironde,2024,2,10.2,136.1,3.4,68.4
Gironde,2024,3,11.7,156.5,3.4,140.0
Gironde,2024,4,13.7,49.2,3.4,201.8
Gironde,2024,5,15.5,121.1,3.1,171.4
Gironde,2024,6,19.4,74.7,2.8,206.5
Gironde,2024,7,21.9,24.9,2.7,243.4
Gironde,2024,8,21.9,39.1,2.4,256.7
Gironde,2024,9,17.4,132.2,2.9,157.0
Gironde,2024,10,16.2,93.6,2.6,115.5
Gironde,2024,11,12.2,61.3,2.8,135.5
Gironde,2024,12,7.8,77.9,2.9,86.2
Guadeloupe,2018,1,24.8,136.1,4.2,140.1
Guadeloupe,2018,2,24.1,117.4,5.1,146.0
Guadeloupe,2018,3,25.0,44.2,3.7,169.0
Guadeloupe,2018,4,25.4,128.7,4.2,111.1
Guadeloupe,2018,5,25.7,169.8,4.5,134.1
Guadeloupe,2018,6,26.8,87.2,4.7,156.3
Guadeloupe,2018,7,26.8,184.5,4.8,191.3
Guadeloupe,2018,8,26.7,194.3,4.2,187.9
Guadeloupe,2018,9,26.9,150.6,3.6,163.6
Guadeloupe,2018,10,26.5,192.9,3.1,178.2
Guadeloupe,2018,11,25.5,322.6,3.7,138.0
Guadeloupe,2018,12,24.5,113.6,4.1,191.3
Guadeloupe,2019,1,23.6,128.7,3.8,158.4
Guadeloupe,2019,2,24.2,68.7,4.2,165.3
Guadeloupe,2019,3,24.7,70.3,4.1,208.3
Guadeloupe,2019,4,25.1,143.2,4.5,173.2
Guadeloupe,2019,5,26.0,173.4,4.1,135.9
Guadeloupe,2019,6,26.8,123.3,4.4,151.6
Guadeloupe,2019,7,27.2,178.0,4.5,184.7
Guadeloupe,2019,8,27.4,158.4,4.0,199.2
Guadeloupe,2019,9,27.6,206.3,3.0,186.9
Guadeloupe,2019,10,27.0,135.0,2.8,189.2
Guadeloupe,2019,11,26.3,119.4,2.9,175.8
Guadeloupe,2019,12,25.9,176.0,3.9,157.3
Guadeloupe,2020,1,24.9,153.5,3.9,161.9
Guadeloupe,2020,2,24.9,91.1,4.0,161.0
Guadeloupe,2020,3,24.9,161.1,3.7,191.6
Guadeloupe,2020,4,26.3,59.5,3.6,225.4
Guadeloupe,2020,5,27.2,36.4,4.1,230.9
Guadeloupe,2020,6,27.8,111.6,4.1,201.7
Guadeloupe,2020,7,27.6,171.7,4.3,199.7
Guadeloupe,2020,8,28.0,150.6,4.0,206.4
Guadeloupe,2020,9,27.6,207.9,2.9,184.9
Guadeloupe,2020,10,26.8,232.3,3.4,154.1
Guadeloupe,2020,11,26.0,268.5,3.6,143.7
Guadeloupe,2020,12,25.1,106.2,3.3,177.9
Guadeloupe,2021,1,24.5,66.3,3.7,163.9
Guadeloupe,2021,2,24.6,135.3,4.9,176.0
Guadeloupe,2021,3,24.9,107.8,4.0,198.5
Guadeloupe,2021,4,25.6,116.9,3.5,176.4
Guadeloupe,2021,5,26.6,48.5,4.2,210.2
Guadeloupe,2021,6,26.9,178.5,4.5,148.3
Guadeloupe,2021,7,27.2,128.9,4.6,181.7
Guadeloupe,2021,8,27.5,168.3,3.8,202.5
Guadeloupe,2021,9,27.5,130.8,2.8,199.1
Guadeloupe,2021,10,27.2,183.7,3.6,154.8
Guadeloupe,2021,11,26.3,121.7,3.1,172.4
Guadeloupe,2021,12,25.5,143.3,4.2,171.8
Guadeloupe,2022,1,24.6,66.9,3.5,172.9
Guadeloupe,2022,2,24.7,88.3,3.8,173.4
Guadeloupe,2022,3,24.8,134.9,4.7,168.6
Guadeloupe,2022,4,25.5,132.5,4.2,179.4
Guadeloupe,2022,5,26.7,67.1,4.0,173.7
Guadeloupe,2022,6,27.3,73.4,4.2,192.6
Guadeloupe,2022,7,27.2,175.8,4.6,177.1
Guadeloupe,2022,8,27.5,195.4,3.7,186.8
Guadeloupe,2022,9,27.2,518.9,3.3,152.7
Guadeloupe,2022,10,27.0,189.8,3.2,159.2
Guadeloupe,2022,11,26.2,199.0,3.8,145.0
Guadeloupe,2022,12,25.0,96.6,3.5,190.4
Guadeloupe,2023,1,24.5,156.1,3.7,172.4
Guadeloupe,2023,2,24.3,97.9,4.2,154.6
Guadeloupe,2023,3,24.8,134.5,3.6,215.2
Guadeloupe,2023,4,25.9,115.4,3.5,189.7
Guadeloupe,2023,5,27.1,122.6,3.4,222.4
Guadeloupe,2023,6,28.1,122.6,3.9,204.9
Guadeloupe,2023,7,28.1,209.5,4.1,178.5
Guadeloupe,2023,8,28.4,196.9,3.4,195.2
Guadeloupe,2023,9,28.7,171.7,2.9,205.4
Guadeloupe,2023,10,27.7,413.9,3.0,155.3
Guadeloupe,2023,11,27.1,105.5,3.2,165.4
Guadeloupe,2023,12,25.7,141.0,3.1,158.9
Guadeloupe,2024,1,25.6,129.8,3.6,163.8
Guadeloupe,2024,2,25.6,130.2,2.8,155.4
Guadeloupe,2024,3,26.2,113.2,3.3,179.3
Guadeloupe,2024,4,27.0,139.9,3.4,174.8
Guadeloupe,2024,5,28.1,168.8,3.1,187.0
Guadeloupe,2024,6,28.4,184.4,3.5,198.5
Guadeloupe,2024,7,28.2,214.4,3.9,190.5
Guadeloupe,2024,8,28.2,266.2,3.6,192.0
Guadeloupe,2024,9,28.2,264.6,2.6,168.8
Guadeloupe,2024,10,28.2,152.2,2.6,167.8
Guadeloupe,2024,11,27.3,239.7,2.7,135.6
Guadeloupe,2024,12,26.0,174.7,3.3,148.4
Guyane,2018,1,26.5,206.5,3.0,120.1
Guyane,2018,2,26.1,225.0,3.0,69.8
Guyane,2018,3,27.0,243.0,3.5,117.3
Guyane,2018,4,26.7,501.7,2.8,90.6
Guyane,2018,5,26.7,487.1,2.9,93.0
Guyane,2018,6,26.6,391.8,1.8,129.0
Guyane,2018,7,26.8,305.6,1.7,152.9
Guyane,2018,8,27.4,99.6,2.0,207.2
Guyane,2018,9,28.0,57.9,2.2,188.9
Guyane,2018,10,28.4,21.9,2.3,243.8
Guyane,2018,11,27.7,212.6,2.6,172.9
Guyane,2018,12,26.5,277.6,3.0,140.7
Guyane,2019,1,26.7,172.3,3.3,132.3
Guyane,2019,2,26.8,96.2,3.6,134.0
Guyane,2019,3,27.3,42.1,3.3,189.9
Guyane,2019,4,27.4,197.8,3.3,138.9
Guyane,2019,5,27.3,489.8,2.8,123.7
Guyane,2019,6,27.2,424.9,1.8,148.2
Guyane,2019,7,27.1,223.5,1.6,182.7
Guyane,2019,8,27.6,135.8,2.0,205.6
Guyane,2019,9,28.4,24.9,2.2,223.6
Guyane,2019,10,28.3,59.2,2.2,252.0
Guyane,2019,11,28.5,93.6,2.3,152.1
Guyane,2019,12,27.3,331.4,3.0,132.0
Guyane,2020,1,27.2,115.6,3.1,158.4
Guyane,2020,2,27.1,64.8,3.4,161.3
Guyane,2020,3,27.6,168.6,3.1,178.4
Guyane,2020,4,27.4,501.8,2.8,123.4
Guyane,2020,5,27.2,608.1,2.4,81.3
Guyane,2020,6,27.2,366.0,1.6,98.4
Guyane,2020,7,27.6,178.9,1.6,211.5
Guyane,2020,8,28.1,132.3,1.9,242.5
Guyane,2020,9,28.3,69.4,2.3,215.6
Guyane,2020,10,28.5,73.3,2.2,251.4
Guyane,2020,11,27.5,284.2,2.0,134.0
Guyane,2020,12,27.2,255.1,2.1,178.0
Guyane,2021,1,26.7,501.6,2.8,96.6
Guyane,2021,2,26.8,216.7,3.6,108.0
Guyane,2021,3,26.9,360.9,2.9,133.7
Guyane,2021,4,26.9,674.6,2.5,86.9
Guyane,2021,5,27.0,663.9,2.1,110.6
Guyane,2021,6,27.2,317.7,1.8,167.3
Guyane,2021,7,27.3,305.8,1.6,166.9
Guyane,2021,8,27.8,170.2,1.9,172.4
Guyane,2021,9,28.1,136.2,1.8,212.8
Guyane,2021,10,28.3,110.8,2.1,215.2
Guyane,2021,11,27.8,219.2,2.1,156.7
Guyane,2021,12,26.9,484.0,2.3,95.2
Guyane,2022,1,26.4,396.8,2.4,109.0
Guyane,2022,2,26.5,627.5,2.7,81.7
Guyane,2022,3,26.6,595.6,2.9,85.8
Guyane,2022,4,26.9,508.1,2.7,93.6
Guyane,2022,5,27.2,468.9,2.5,129.9
Guyane,2022,6,27.0,355.3,1.6,162.9
Guyane,2022,7,27.4,250.6,1.6,179.9
Guyane,2022,8,27.8,151.4,1.9,216.7
Guyane,2022,9,28.3,36.8,2.3,213.4
Guyane,2022,10,28.2,116.5,2.1,192.9
Guyane,2022,11,27.5,255.8,1.9,156.2
Guyane,2022,12,26.7,356.4,2.3,118.9
Guyane,2023,1,26.0,469.6,2.3,99.2
Guyane,2023,2,26.3,566.1,2.7,73.1
Guyane,2023,3,27.1,164.7,3.1,161.0
Guyane,2023,4,27.1,414.0,2.5,119.8
Guyane,2023,5,27.6,397.4,2.2,136.3
Guyane,2023,6,27.7,236.3,1.6,170.5
Guyane,2023,7,27.7,169.7,1.8,189.2
Guyane,2023,8,28.6,53.4,2.1,215.0
Guyane,2023,9,29.0,24.7,2.3,245.1
Guyane,2023,10,29.5,26.4,2.5,226.7
Guyane,2023,11,29.0,97.5,2.6,192.3
Guyane,2023,12,28.0,219.7,2.2,163.5
Guyane,2024,1,27.6,233.8,3.0,150.2
Guyane,2024,2,27.9,103.9,3.0,177.0
Guyane,2024,3,28.3,166.7,2.8,157.2
Guyane,2024,4,28.1,343.1,2.6,124.6
Guyane,2024,5,27.9,653.2,1.8,115.0
Guyane,2024,6,27.8,263.3,1.4,156.8
Guyane,2024,7,28.0,199.7,1.6,197.6
Guyane,2024,8,28.4,83.6,1.9,237.0
Guyane,2024,9,29.0,20.8,2.4,230.9
Guyane,2024,10,29.0,43.2,2.2,216.2
Guyane,2024,11,28.5,111.0,2.4,154.5
Guyane,2024,12,27.2,333.6,2.5,123.6
Haut-Rhin,2018,1,5.3,272.0,3.9,56.5
Haut-Rhin,2018,2,-0.7,40.9,3.2,83.2
Haut-Rhin,2018,3,4.3,79.6,2.9,99.1
Haut-Rhin,2018,4,13.1,49.6,2.8,244.4
Haut-Rhin,2018,5,15.9,117.4,2.7,219.6
Haut-Rhin,2018,6,18.6,77.9,2.5,284.1
Haut-Rhin,2018,7,21.2,50.2,2.0,324.8
Haut-Rhin,2018,8,21.2,57.4,2.4,267.0
Haut-Rhin,2018,9,17.0,42.7,2.4,139.0
Haut-Rhin,2018,10,11.8,31.6,2.8,172.5
Haut-Rhin,2018,11,6.2,38.0,2.4,81.6
Haut-Rhin,2018,12,4.1,177.4,3.7,53.2
Haut-Rhin,2019,1,0.7,91.9,3.4,69.6
Haut-Rhin,2019,2,5.6,48.8,2.9,187.6
Haut-Rhin,2019,3,7.6,132.0,4.5,111.2
Haut-Rhin,2019,4,9.4,76.9,2.9,172.8
Haut-Rhin,2019,5,11.5,76.3,3.1,192.7
Haut-Rhin,2019,6,19.5,73.7,2.5,301.1
Haut-Rhin,2019,7,20.8,64.6,2.9,302.8
Haut-Rhin,2019,8,19.6,91.7,2.3,254.1
Haut-Rhin,2019,9,15.6,55.3,2.9,209.7
Haut-Rhin,2019,10,12.4,144.4,3.0,97.9
Haut-Rhin,2019,11,5.6,115.7,3.0,58.2
Haut-Rhin,2019,12,4.3,151.2,3.7,80.1
Haut-Rhin,2020,1,4.0,53.3,3.2,114.2
Haut-Rhin,2020,2,6.6,190.8,5.0,123.9
Haut-Rhin,2020,3,6.5,88.4,4.2,189.1
Haut-Rhin,2020,4,13.0,17.5,3.0,295.0
Haut-Rhin,2020,5,13.8,76.4,3.3,279.1
Haut-Rhin,2020,6,17.0,109.4,3.0,196.2
Haut-Rhin,2020,7,20.0,20.9,2.7,307.6
Haut-Rhin,2020,8,20.7,77.7,2.4,220.2
Haut-Rhin,2020,9,16.8,69.8,2.6,221.4
Haut-Rhin,2020,10,10.2,130.5,3.4,78.6
Haut-Rhin,2020,11,7.3,28.6,2.6,118.8
Haut-Rhin,2020,12,3.7,122.4,3.2,48.3
Haut-Rhin,2021,1,1.0,189.0,3.6,31.5
Haut-Rhin,2021,2,4.9,61.1,3.5,135.5
Haut-Rhin,2021,3,5.9,87.9,3.3,177.6
Haut-Rhin,2021,4,7.7,32.6,3.5,216.0
Haut-Rhin,2021,5,10.9,189.9,3.8,178.1
Haut-Rhin,2021,6,19.2,137.0,2.6,239.0
Haut-Rhin,2021,7,18.3,140.4,2.9,198.1
Haut-Rhin,2021,8,17.2,54.8,2.5,181.2
Haut-Rhin,2021,9,16.3,29.6,2.3,233.0
Haut-Rhin,2021,10,10.4,67.6,2.7,164.7
Haut-Rhin,2021,11,4.0,49.4,3.0,59.5
Haut-Rhin,2021,12,3.5,116.4,3.5,58.9
Haut-Rhin,2022,1,2.1,63.4,3.4,110.9
Haut-Rhin,2022,2,5.0,94.3,4.6,131.6
Haut-Rhin,2022,3,7.4,25.0,2.9,235.6
Haut-Rhin,2022,4,9.2,103.8,3.8,212.2
Haut-Rhin,2022,5,16.0,28.3,2.9,292.8
Haut-Rhin,2022,6,19.8,104.9,2.7,273.3
Haut-Rhin,2022,7,21.0,23.3,2.6,354.8
Haut-Rhin,2022,8,21.4,62.5,2.6,295.8
Haut-Rhin,2022,9,14.8,112.0,2.7,165.7
Haut-Rhin,2022,10,15.0,101.8,2.7,146.4
Haut-Rhin,2022,11,7.7,97.3,3.0,80.7
Haut-Rhin,2022,12,3.0,93.8,3.3,52.9
Haut-Rhin,2023,1,3.5,95.1,4.3,59.6
Haut-Rhin,2023,2,4.3,16.8,3.5,128.0
Haut-Rhin,2023,3,7.2,142.2,4.0,123.6
Haut-Rhin,2023,4,8.7,75.0,3.5,147.6
Haut-Rhin,2023,5,14.6,49.1,3.6,241.2
Haut-Rhin,2023,6,20.1,57.3,2.7,339.1
Haut-Rhin,2023,7,19.8,95.8,3.1,253.8
Haut-Rhin,2023,8,20.1,99.5,2.9,202.2
Haut-Rhin,2023,9,19.2,34.7,2.3,269.9
Haut-Rhin,2023,10,13.8,121.9,3.0,154.7
Haut-Rhin,2023,11,6.4,243.2,4.4,63.7
Haut-Rhin,2023,12,5.1,138.3,4.2,79.6
Haut-Rhin,2024,1,2.6,134.4,4.0,83.2
Haut-Rhin,2024,2,7.3,87.8,3.8,98.4
Haut-Rhin,2024,3,8.4,89.6,3.1,123.9
Haut-Rhin,2024,4,10.2,82.8,3.5,147.3
Haut-Rhin,2024,5,14.3,139.4,2.9,170.2
Haut-Rhin,2024,6,17.7,93.2,3.0,203.4
Haut-Rhin,2024,7,19.9,97.5,2.5,263.2
Haut-Rhin,2024,8,21.2,70.4,2.3,311.9
Haut-Rhin,2024,9,15.0,150.6,3.1,149.1
Haut-Rhin,2024,10,12.6,105.8,2.7,81.0
Haut-Rhin,2024,11,5.8,77.4,3.1,60.1
Haut-Rhin,2024,12,3.1,93.9,3.5,79.4
Haute-Garonne,2018,1,6.3,116.1,3.4,58.2
Haute-Garonne,2018,2,2.0,112.9,3.1,86.7
Haute-Garonne,2018,3,6.5,80.6,3.7,143.6
Haute-Garonne,2018,4,11.6,90.1,3.2,192.3
Haute-Garonne,2018,5,13.8,136.6,2.9,160.2
Haute-Garonne,2018,6,18.5,93.1,2.6,228.7
Haute-Garonne,2018,7,21.5,117.7,2.3,315.3
Haute-Garonne,2018,8,21.3,28.7,2.6,289.8
Haute-Garonne,2018,9,19.2,41.9,2.2,264.8
Haute-Garonne,2018,10,13.2,89.9,2.6,144.2
Haute-Garonne,2018,11,9.1,42.8,2.6,116.8
Haute-Garonne,2018,12,7.1,52.1,2.2,67.3
Haute-Garonne,2019,1,2.5,103.7,3.3,79.5
Haute-Garonne,2019,2,7.2,30.3,2.9,189.2
Haute-Garonne,2019,3,8.2,14.2,3.3,214.5
Haute-Garonne,2019,4,10.4,75.5,3.4,160.2
Haute-Garonne,2019,5,12.7,98.9,3.2,213.8
Haute-Garonne,2019,6,18.6,50.3,2.9,258.8
Haute-Garonne,2019,7,22.3,42.5,2.9,296.4
Haute-Garonne,2019,8,21.2,68.7,2.3,286.1
Haute-Garonne,2019,9,18.1,28.9,2.6,235.2
Haute-Garonne,2019,10,14.7,88.5,2.6,140.1
Haute-Garonne,2019,11,7.6,148.2,2.8,76.4
Haute-Garonne,2019,12,7.7,103.7,3.2,89.4
Haute-Garonne,2020,1,5.9,49.2,2.4,98.6
Haute-Garonne,2020,2,8.7,29.4,3.0,143.0
Haute-Garonne,2020,3,8.1,79.7,3.3,174.1
Haute-Garonne,2020,4,13.3,92.6,3.0,177.4
Haute-Garonne,2020,5,16.6,80.4,2.9,282.0
Haute-Garonne,2020,6,17.4,92.9,2.6,208.0
Haute-Garonne,2020,7,21.2,19.6,2.7,294.6
Haute-Garonne,2020,8,21.7,39.4,2.7,244.8
Haute-Garonne,2020,9,18.0,73.0,2.6,215.2
Haute-Garonne,2020,10,11.9,99.6,3.1,127.6
Haute-Garonne,2020,11,10.6,28.2,2.5,161.6
Haute-Garonne,2020,12,5.1,144.1,3.2,51.8
Haute-Garonne,2021,1,3.5,101.8,3.0,74.6
Haute-Garonne,2021,2,8.9,36.4,3.9,123.6
Haute-Garonne,2021,3,8.5,24.6,3.3,204.8
Haute-Garonne,2021,4,10.3,37.1,3.0,229.2
Haute-Garonne,2021,5,13.6,60.3,2.9,218.2
Haute-Garonne,2021,6,19.4,74.4,2.8,236.3
Haute-Garonne,2021,7,19.9,64.2,2.8,228.3
Haute-Garonne,2021,8,20.2,17.5,2.5,271.4
Haute-Garonne,2021,9,19.1,94.2,2.3,179.7
Haute-Garonne,2021,10,13.3,49.0,2.2,194.3
Haute-Garonne,2021,11,6.7,77.5,2.7,63.4
Haute-Garonne,2021,12,6.9,121.8,2.9,118.5
Haute-Garonne,2022,1,3.7,101.8,2.3,135.5
Haute-Garonne,2022,2,7.2,30.1,3.3,129.6
Haute-Garonne,2022,3,8.8,66.6,4.0,147.1
Haute-Garonne,2022,4,10.9,62.9,3.5,156.4
Haute-Garonne,2022,5,17.3,27.4,3.0,276.4
Haute-Garonne,2022,6,21.2,60.5,2.8,244.3
Haute-Garonne,2022,7,23.4,10.5,2.7,357.0
Haute-Garonne,2022,8,24.1,32.6,2.5,284.7
Haute-Garonne,2022,9,18.9,71.7,2.7,212.7
Haute-Garonne,2022,10,18.0,19.9,2.8,162.8
Haute-Garonne,2022,11,10.7,98.4,2.8,107.3
Haute-Garonne,2022,12,7.7,25.4,2.2,102.7
Haute-Garonne,2023,1,3.9,76.9,3.1,62.6
Haute-Garonne,2023,2,5.2,16.6,2.6,173.9
Haute-Garonne,2023,3,9.6,43.6,3.4,157.2
Haute-Garonne,2023,4,11.9,65.8,3.1,188.6
Haute-Garonne,2023,5,15.0,102.1,2.8,213.4
Haute-Garonne,2023,6,20.2,100.2,2.4,217.6
Haute-Garonne,2023,7,21.6,38.1,2.7,266.3
Haute-Garonne,2023,8,22.4,47.0,2.8,269.5
Haute-Garonne,2023,9,20.8,30.4,2.6,256.9
Haute-Garonne,2023,10,17.0,46.3,2.5,188.3
Haute-Garonne,2023,11,9.8,104.3,2.9,103.1
Haute-Garonne,2023,12,7.0,60.7,2.7,82.7
Haute-Garonne,2024,1,5.9,38.6,2.5,86.4
Haute-Garonne,2024,2,8.4,81.2,3.1,90.2
Haute-Garonne,2024,3,10.3,63.6,3.3,173.9
Haute-Garonne,2024,4,12.3,56.0,3.7,193.4
Haute-Garonne,2024,5,14.8,103.8,2.9,178.7
Haute-Garonne,2024,6,19.1,76.6,2.9,199.2
Haute-Garonne,2024,7,22.3,41.9,2.8,282.2
Haute-Garonne,2024,8,22.6,70.9,2.6,265.3
Haute-Garonne,2024,9,16.7,75.7,2.8,151.1
Haute-Garonne,2024,10,15.6,115.3,2.7,119.1
Haute-Garonne,2024,11,11.0,42.9,2.6,138.0
Haute-Garonne,2024,12,5.9,76.7,2.9,94.4
Haute-Loire,2018,1,4.4,113.8,4.3,74.4
Haute-Loire,2018,2,-1.5,29.6,3.6,85.7
Haute-Loire,2018,3,4.5,68.1,4.4,130.5
Haute-Loire,2018,4,10.3,71.3,4.0,193.6
Haute-Loire,2018,5,12.2,159.0,2.9,146.1
Haute-Loire,2018,6,15.9,81.7,2.9,238.1
Haute-Loire,2018,7,19.2,75.2,2.5,298.0
Haute-Loire,2018,8,18.6,48.8,2.7,263.1
Haute-Loire,2018,9,15.6,32.2,2.3,250.2
Haute-Loire,2018,10,10.5,96.6,3.4,156.2
Haute-Loire,2018,11,6.2,113.4,3.4,71.6
Haute-Loire,2018,12,4.0,42.4,3.1,92.4
Haute-Loire,2019,1,-0.6,37.1,4.2,65.6
Haute-Loire,2019,2,4.7,35.7,3.0,190.5
Haute-Loire,2019,3,6.0,26.6,4.3,211.7
Haute-Loire,2019,4,7.2,82.8,4.0,172.5
Haute-Loire,2019,5,9.6,56.0,4.1,176.3
Haute-Loire,2019,6,17.2,85.8,2.8,276.7
Haute-Loire,2019,7,19.8,61.4,2.5,300.8
Haute-Loire,2019,8,18.3,111.6,2.3,282.8
Haute-Loire,2019,9,14.3,21.3,2.7,217.1
Haute-Loire,2019,10,11.9,153.8,3.2,121.5
Haute-Loire,2019,11,4.5,156.9,3.3,71.3
Haute-Loire,2019,12,4.9,72.2,4.1,88.8
Haute-Loire,2020,1,3.7,18.1,3.1,86.5
Haute-Loire,2020,2,5.7,17.5,4.1,137.6
Haute-Loire,2020,3,5.7,32.1,3.2,168.5
Haute-Loire,2020,4,10.7,46.8,2.8,218.6
Haute-Loire,2020,5,13.0,64.3,3.2,260.0
Haute-Loire,2020,6,14.9,175.8,2.9,219.6
Haute-Loire,2020,7,18.8,29.8,2.7,300.0
Haute-Loire,2020,8,19.0,69.6,2.7,254.2
Haute-Loire,2020,9,14.8,83.6,2.7,213.9
Haute-Loire,2020,10,8.8,89.1,3.8,86.9
Haute-Loire,2020,11,7.3,19.3,2.8,118.9
Haute-Loire,2020,12,2.7,81.9,3.9,66.8
Haute-Loire,2021,1,0.3,57.5,3.8,70.9
Haute-Loire,2021,2,5.9,35.9,4.1,116.7
Haute-Loire,2021,3,5.3,27.2,3.7,188.6
Haute-Loire,2021,4,6.4,50.7,3.3,197.0
Haute-Loire,2021,5,10.3,120.8,3.5,209.8
Haute-Loire,2021,6,17.0,86.9,3.0,228.1
Haute-Loire,2021,7,17.2,102.7,2.6,209.1
Haute-Loire,2021,8,17.1,41.9,2.6,219.2
Haute-Loire,2021,9,16.1,78.9,2.3,189.3
Haute-Loire,2021,10,9.7,77.8,3.3,166.5
Haute-Loire,2021,11,3.9,36.1,2.9,79.5
Haute-Loire,2021,12,3.3,61.0,3.0,121.3
Haute-Loire,2022,1,1.4,23.2,3.0,134.4
Haute-Loire,2022,2,4.2,23.4,3.6,151.0
Haute-Loire,2022,3,6.1,22.4,3.5,177.1
Haute-Loire,2022,4,8.0,40.2,3.6,180.8
Haute-Loire,2022,5,14.9,33.6,3.0,270.8
Haute-Loire,2022,6,19.0,78.1,3.2,278.9
Haute-Loire,2022,7,20.1,12.0,2.8,372.7
Haute-Loire,2022,8,20.1,97.5,2.5,276.5
Haute-Loire,2022,9,14.2,81.5,2.8,204.4
Haute-Loire,2022,10,14.8,28.5,3.1,167.1
Haute-Loire,2022,11,7.2,72.0,3.1,103.4
Haute-Loire,2022,12,3.3,66.7,2.8,82.9
Haute-Loire,2023,1,1.3,32.3,4.0,50.5
Haute-Loire,2023,2,3.3,11.7,2.8,144.9
Haute-Loire,2023,3,6.7,65.0,3.8,160.0
Haute-Loire,2023,4,8.1,46.9,3.5,149.6
Haute-Loire,2023,5,12.0,104.2,3.0,151.1
Haute-Loire,2023,6,17.3,122.8,2.5,257.0
Haute-Loire,2023,7,19.8,21.1,2.9,293.7
Haute-Loire,2023,8,19.8,48.8,3.1,257.9
Haute-Loire,2023,9,18.1,50.8,2.5,256.6
Haute-Loire,2023,10,13.5,80.2,3.4,172.0
Haute-Loire,2023,11,5.8,92.1,3.9,96.0
Haute-Loire,2023,12,4.2,57.1,3.3,101.6
Haute-Loire,2024,1,2.9,39.8,3.2,102.1
Haute-Loire,2024,2,5.8,57.5,3.4,107.3
Haute-Loire,2024,3,6.8,173.1,4.2,156.5
Haute-Loire,2024,4,8.3,101.1,4.4,151.5
Haute-Loire,2024,5,11.4,134.3,2.8,141.4
Haute-Loire,2024,6,16.0,98.9,3.0,171.2
Haute-Loire,2024,7,19.3,85.7,2.5,266.6
Haute-Loire,2024,8,19.8,43.9,2.4,303.9
Haute-Loire,2024,9,13.0,147.1,3.4,135.4
Haute-Loire,2024,10,12.6,173.2,2.9,110.3
Haute-Loire,2024,11,7.6,48.9,3.0,132.5
Haute-Loire,2024,12,2.9,70.8,3.0,94.9
Haute-Marne,2018,1,6.0,230.7,4.5,27.0
Haute-Marne,2018,2,0.1,55.7,3.7,99.4
Haute-Marne,2018,3,4.9,133.1,3.5,97.6
Haute-Marne,2018,4,12.3,58.5,3.2,199.3
Haute-Marne,2018,5,15.3,126.0,2.6,253.1
Haute-Marne,2018,6,18.2,82.9,2.5,267.5
Haute-Marne,2018,7,21.2,34.9,2.3,324.2
Haute-Marne,2018,8,20.4,78.4,2.5,263.7
Haute-Marne,2018,9,16.0,26.4,2.5,235.0
Haute-Marne,2018,10,11.6,21.6,2.8,175.0
Haute-Marne,2018,11,6.9,70.9,3.1,75.7
Haute-Marne,2018,12,4.6,138.3,4.0,45.4
Haute-Marne,2019,1,1.3,74.0,3.4,40.4
Haute-Marne,2019,2,5.5,28.5,3.0,158.4
Haute-Marne,2019,3,7.4,80.8,4.7,173.8
Haute-Marne,2019,4,9.4,62.1,3.0,173.0
Haute-Marne,2019,5,11.3,80.8,2.9,213.8
Haute-Marne,2019,6,18.9,53.6,2.8,295.6
Haute-Marne,2019,7,20.5,12.8,2.8,314.7
Haute-Marne,2019,8,19.8,43.3,2.5,257.1
Haute-Marne,2019,9,15.4,48.9,3.1,201.8
Haute-Marne,2019,10,12.3,120.6,3.5,86.8
Haute-Marne,2019,11,6.1,104.4,3.5,59.8
Haute-Marne,2019,12,5.3,148.9,4.3,77.1
Haute-Marne,2020,1,4.2,48.8,3.5,92.1
Haute-Marne,2020,2,6.8,141.5,5.5,86.4
Haute-Marne,2020,3,6.9,86.2,4.2,176.8
Haute-Marne,2020,4,12.2,19.3,3.0,279.5
Haute-Marne,2020,5,13.4,77.4,3.0,297.9
Haute-Marne,2020,6,16.5,76.9,2.8,217.9
Haute-Marne,2020,7,19.3,9.3,2.8,291.1
Haute-Marne,2020,8,21.1,32.6,2.8,235.0
Haute-Marne,2020,9,16.8,68.3,2.6,200.3
Haute-Marne,2020,10,10.8,143.6,3.8,60.3
Haute-Marne,2020,11,7.8,29.9,2.9,126.5
Haute-Marne,2020,12,4.5,102.2,3.8,32.3
Haute-Marne,2021,1,2.1,126.8,3.6,43.7
Haute-Marne,2021,2,5.2,60.6,3.9,116.1
Haute-Marne,2021,3,6.0,56.4,3.2,178.6
Haute-Marne,2021,4,7.5,29.7,3.1,240.5
Haute-Marne,2021,5,11.0,118.3,3.9,180.1
Haute-Marne,2021,6,18.5,108.2,2.3,231.8
Haute-Marne,2021,7,17.9,137.5,2.8,193.2
Haute-Marne,2021,8,17.4,47.7,2.6,182.3
Haute-Marne,2021,9,16.3,59.9,2.1,215.9
Haute-Marne,2021,10,10.6,72.7,3.0,168.0
Haute-Marne,2021,11,4.5,48.2,2.8,63.1
Haute-Marne,2021,12,4.3,105.8,3.7,46.8
Haute-Marne,2022,1,2.4,60.9,3.2,81.4
Haute-Marne,2022,2,5.3,61.0,4.6,103.4
Haute-Marne,2022,3,7.6,24.7,3.2,210.6
Haute-Marne,2022,4,9.1,52.5,3.6,200.6
Haute-Marne,2022,5,15.2,38.6,2.6,278.9
Haute-Marne,2022,6,19.1,96.8,2.5,265.0
Haute-Marne,2022,7,20.2,4.5,2.7,350.1
Haute-Marne,2022,8,21.1,72.4,2.7,290.9
Haute-Marne,2022,9,14.8,107.7,2.6,166.4
Haute-Marne,2022,10,14.6,84.2,3.0,136.1
Haute-Marne,2022,11,8.1,75.1,3.5,59.8
Haute-Marne,2022,12,3.7,67.6,3.7,44.5
Haute-Marne,2023,1,4.1,86.7,4.4,37.3
Haute-Marne,2023,2,4.8,13.2,3.3,120.6
Haute-Marne,2023,3,7.4,113.3,4.2,112.4
Haute-Marne,2023,4,8.8,69.2,3.6,138.2
Haute-Marne,2023,5,14.1,37.7,3.4,254.2
Haute-Marne,2023,6,19.7,32.9,2.6,338.6
Haute-Marne,2023,7,19.5,71.9,3.2,223.9
Haute-Marne,2023,8,19.6,104.8,2.9,182.8
Haute-Marne,2023,9,19.1,38.0,2.6,245.5
Haute-Marne,2023,10,13.6,153.9,3.3,151.8
Haute-Marne,2023,11,7.2,143.6,4.5,43.9
Haute-Marne,2023,12,5.4,109.5,4.4,36.9
Haute-Marne,2024,1,2.9,82.3,3.9,66.3
Haute-Marne,2024,2,7.5,105.8,4.1,46.5
Haute-Marne,2024,3,8.6,112.7,3.6,109.0
Haute-Marne,2024,4,10.2,63.4,3.6,138.1
Haute-Marne,2024,5,14.3,166.7,2.8,157.8
Haute-Marne,2024,6,17.0,147.6,2.7,209.6
Haute-Marne,2024,7,19.4,86.4,2.4,221.8
Haute-Marne,2024,8,20.4,85.5,2.2,288.9
Haute-Marne,2024,9,15.1,112.6,3.3,129.0
Haute-Marne,2024,10,13.1,79.0,3.0,105.1
Haute-Marne,2024,11,6.4,73.0,3.6,52.3
Haute-Marne,2024,12,3.2,90.6,3.5,38.6
Haute-Savoie,2018,1,2.5,297.3,2.9,77.2
Haute-Savoie,2018,2,-2.3,74.8,2.4,87.8
Haute-Savoie,2018,3,2.3,152.3,2.7,60.5
Haute-Savoie,2018,4,10.0,49.3,2.6,209.3
Haute-Savoie,2018,5,12.9,106.6,2.0,157.7
Haute-Savoie,2018,6,16.7,86.5,2.1,227.0
Haute-Savoie,2018,7,19.4,56.7,2.2,291.2
Haute-Savoie,2018,8,18.8,106.8,2.1,230.5
Haute-Savoie,2018,9,15.8,46.8,2.0,216.2
Haute-Savoie,2018,10,10.4,58.7,2.1,204.8
Haute-Savoie,2018,11,5.3,54.3,1.8,93.9
Haute-Savoie,2018,12,2.2,187.9,2.6,72.4
Haute-Savoie,2019,1,-2.4,96.0,2.6,91.1
Haute-Savoie,2019,2,2.9,72.5,2.2,179.5
Haute-Savoie,2019,3,4.4,111.4,3.1,201.9
Haute-Savoie,2019,4,6.8,82.2,2.4,189.6
Haute-Savoie,2019,5,9.0,135.1,2.8,177.5
Haute-Savoie,2019,6,17.5,115.7,2.2,262.0
Haute-Savoie,2019,7,19.5,85.6,2.3,245.2
Haute-Savoie,2019,8,18.1,127.0,2.1,250.8
Haute-Savoie,2019,9,14.6,51.1,2.2,185.7
Haute-Savoie,2019,10,11.2,150.1,2.3,121.1
Haute-Savoie,2019,11,3.7,198.1,2.3,75.2
Haute-Savoie,2019,12,2.8,180.8,2.9,77.6
Haute-Savoie,2020,1,1.7,55.4,2.2,106.7
Haute-Savoie,2020,2,3.6,160.8,3.4,118.8
Haute-Savoie,2020,3,3.9,119.1,2.4,187.8
Haute-Savoie,2020,4,10.5,63.8,2.1,236.8
Haute-Savoie,2020,5,12.8,118.1,2.6,244.0
Haute-Savoie,2020,6,15.1,156.7,2.1,163.6
Haute-Savoie,2020,7,19.2,33.6,2.3,271.7
Haute-Savoie,2020,8,18.8,165.0,2.1,233.7
Haute-Savoie,2020,9,15.2,92.8,1.8,195.0
Haute-Savoie,2020,10,8.4,191.5,2.2,92.9
Haute-Savoie,2020,11,6.3,38.1,1.6,126.1
Haute-Savoie,2020,12,1.1,130.8,2.3,52.4
Haute-Savoie,2021,1,-1.7,183.7,2.4,74.4
Haute-Savoie,2021,2,4.3,55.7,2.4,140.8
Haute-Savoie,2021,3,4.3,87.7,2.4,200.4
Haute-Savoie,2021,4,6.6,61.8,2.4,210.2
Haute-Savoie,2021,5,9.6,221.4,2.6,166.0
Haute-Savoie,2021,6,17.0,157.5,2.0,199.8
Haute-Savoie,2021,7,16.9,220.8,2.3,184.3
Haute-Savoie,2021,8,16.3,91.9,2.3,234.6
Haute-Savoie,2021,9,14.9,82.8,1.8,175.0
Haute-Savoie,2021,10,9.0,80.4,2.1,197.8
Haute-Savoie,2021,11,2.9,52.9,2.0,99.1
Haute-Savoie,2021,12,0.7,188.2,2.3,77.2
Haute-Savoie,2022,1,0.2,46.9,2.3,129.7
Haute-Savoie,2022,2,2.0,95.1,2.7,148.6
Haute-Savoie,2022,3,5.0,28.3,2.0,232.8
Haute-Savoie,2022,4,6.6,96.4,2.5,211.1
Haute-Savoie,2022,5,14.5,63.7,2.4,234.5
Haute-Savoie,2022,6,18.2,114.5,2.3,120.9
Haute-Savoie,2022,7,20.2,25.4,2.4,174.7
Haute-Savoie,2022,8,19.5,75.7,2.1,266.5
Haute-Savoie,2022,9,13.4,165.0,2.4,171.2
Haute-Savoie,2022,10,13.4,129.0,2.1,160.8
Haute-Savoie,2022,11,5.7,131.5,2.2,90.2
Haute-Savoie,2022,12,2.2,173.3,2.4,68.1
Haute-Savoie,2023,1,-0.5,105.8,2.6,96.9
Haute-Savoie,2023,2,2.5,4.6,2.1,185.9
Haute-Savoie,2023,3,4.8,197.2,3.0,157.0
Haute-Savoie,2023,4,5.9,115.6,2.6,159.2
Haute-Savoie,2023,5,12.2,74.0,2.2,157.0
Haute-Savoie,2023,6,17.5,79.3,2.1,229.7
Haute-Savoie,2023,7,19.2,81.5,2.6,249.4
Haute-Savoie,2023,8,19.0,103.0,2.5,219.3
Haute-Savoie,2023,9,16.9,106.8,1.8,224.0
Haute-Savoie,2023,10,12.2,215.6,2.4,155.3
Haute-Savoie,2023,11,3.7,339.9,3.2,52.0
Haute-Savoie,2023,12,2.5,208.1,2.5,65.7
Haute-Savoie,2024,1,1.8,162.3,2.7,85.8
Haute-Savoie,2024,2,4.8,83.5,2.4,124.8
Haute-Savoie,2024,3,5.5,92.5,2.8,116.9
Haute-Savoie,2024,4,7.5,71.1,3.0,152.9
Haute-Savoie,2024,5,11.3,184.9,2.1,106.9
Haute-Savoie,2024,6,15.5,136.0,2.4,142.2
Haute-Savoie,2024,7,18.9,104.2,2.1,259.5
Haute-Savoie,2024,8,19.8,84.7,2.0,253.4
Haute-Savoie,2024,9,12.4,198.6,2.4,121.6
Haute-Savoie,2024,10,11.2,154.0,2.0,116.2
Haute-Savoie,2024,11,5.3,96.9,2.1,127.6
Haute-Savoie,2024,12,1.3,121.9,2.2,77.1
Haute-Saône,2018,1,5.9,265.7,4.3,37.8
Haute-Saône,2018,2,0.4,55.5,3.2,96.2
Haute-Saône,2018,3,5.0,146.5,3.2,96.7
Haute-Saône,2018,4,13.0,57.6,2.8,198.0
Haute-Saône,2018,5,15.7,130.4,2.2,214.2
Haute-Saône,2018,6,18.8,70.7,2.3,255.6
Haute-Saône,2018,7,21.9,33.2,2.1,310.4
Haute-Saône,2018,8,21.1,60.8,2.3,257.0
Haute-Saône,2018,9,16.9,27.6,2.2,245.8
Haute-Saône,2018,10,12.2,27.6,2.3,172.6
Haute-Saône,2018,11,7.0,58.8,2.7,89.9
Haute-Saône,2018,12,4.4,173.2,3.6,64.1
Haute-Saône,2019,1,1.0,94.4,2.9,64.6
Haute-Saône,2019,2,5.7,38.8,2.8,169.9
Haute-Saône,2019,3,7.7,105.0,4.1,166.8
Haute-Saône,2019,4,9.6,83.8,2.6,163.4
Haute-Saône,2019,5,11.7,75.5,2.8,207.1
Haute-Saône,2019,6,19.7,83.9,2.4,291.5
Haute-Saône,2019,7,21.2,54.5,2.3,300.3
Haute-Saône,2019,8,20.1,78.7,2.0,262.2
Haute-Saône,2019,9,16.0,57.9,2.7,213.7
Haute-Saône,2019,10,12.6,149.4,3.0,86.3
Haute-Saône,2019,11,6.0,133.1,3.2,55.7
Haute-Saône,2019,12,4.9,159.3,3.8,73.2
Haute-Saône,2020,1,4.1,55.4,3.1,107.5
Haute-Saône,2020,2,6.8,139.2,5.0,94.7
Haute-Saône,2020,3,7.0,101.3,3.7,182.3
Haute-Saône,2020,4,13.0,30.2,2.5,293.8
Haute-Saône,2020,5,14.0,109.6,2.7,270.1
Haute-Saône,2020,6,17.1,116.9,2.5,199.9
Haute-Saône,2020,7,20.0,23.5,2.3,302.4
Haute-Saône,2020,8,21.4,56.3,2.3,234.1
Haute-Saône,2020,9,17.2,86.4,2.3,208.8
Haute-Saône,2020,10,10.5,171.9,3.4,63.6
Haute-Saône,2020,11,8.0,41.7,2.4,131.3
Haute-Saône,2020,12,4.3,146.1,3.3,27.7
Haute-Saône,2021,1,1.8,190.8,3.5,45.7
Haute-Saône,2021,2,5.5,72.8,3.4,124.4
Haute-Saône,2021,3,6.2,72.8,2.8,178.4
Haute-Saône,2021,4,8.1,38.9,3.0,227.2
Haute-Saône,2021,5,11.3,200.5,3.4,169.1
Haute-Saône,2021,6,19.3,125.6,2.2,219.1
Haute-Saône,2021,7,18.5,163.4,2.5,196.4
Haute-Saône,2021,8,17.6,73.0,2.4,178.6
Haute-Saône,2021,9,17.0,50.0,2.1,214.2
Haute-Saône,2021,10,10.7,87.4,2.7,187.5
Haute-Saône,2021,11,4.4,65.2,2.7,63.7
Haute-Saône,2021,12,3.6,137.2,3.4,58.0
Haute-Saône,2022,1,1.7,72.2,2.9,99.6
Haute-Saône,2022,2,4.9,83.2,4.2,107.1
Haute-Saône,2022,3,8.2,29.6,2.7,231.3
Haute-Saône,2022,4,9.6,99.8,3.3,189.4
Haute-Saône,2022,5,16.1,26.1,2.4,251.9
Haute-Saône,2022,6,19.8,135.7,2.5,263.3
Haute-Saône,2022,7,21.2,13.7,2.3,351.9
Haute-Saône,2022,8,21.8,65.2,2.4,291.3
Haute-Saône,2022,9,15.2,124.8,2.5,155.6
Haute-Saône,2022,10,15.1,126.0,2.7,137.5
Haute-Saône,2022,11,8.2,110.5,3.0,55.0
Haute-Saône,2022,12,3.8,97.0,3.4,56.7
Haute-Saône,2023,1,4.0,103.8,4.0,48.2
Haute-Saône,2023,2,4.7,20.2,2.9,127.0
Haute-Saône,2023,3,7.4,131.0,3.8,118.4
Haute-Saône,2023,4,9.1,91.3,3.1,140.2
Haute-Saône,2023,5,14.7,54.8,2.7,212.6
Haute-Saône,2023,6,20.2,55.6,2.2,306.7
Haute-Saône,2023,7,19.9,116.3,2.8,221.0
Haute-Saône,2023,8,20.1,91.5,2.6,179.5
Haute-Saône,2023,9,19.6,55.0,2.3,260.0
Haute-Saône,2023,10,13.8,171.2,3.1,155.3
Haute-Saône,2023,11,6.8,221.2,4.2,36.0
Haute-Saône,2023,12,5.0,148.3,3.9,38.2
Haute-Saône,2024,1,3.0,103.0,3.6,74.6
Haute-Saône,2024,2,7.2,113.2,3.4,50.1
Haute-Saône,2024,3,8.7,118.2,3.0,101.5
Haute-Saône,2024,4,10.1,95.1,3.2,131.4
Haute-Saône,2024,5,14.3,170.2,2.5,144.6
Haute-Saône,2024,6,17.6,139.0,2.6,180.7
Haute-Saône,2024,7,20.1,96.7,2.2,237.0
Haute-Saône,2024,8,21.2,72.9,2.0,301.4
Haute-Saône,2024,9,15.3,158.8,2.9,138.2
Haute-Saône,2024,10,13.2,141.6,2.6,99.6
Haute-Saône,2024,11,6.4,82.8,3.1,81.2
Haute-Saône,2024,12,2.8,108.5,3.0,67.7
Haute-Vienne,2018,1,7.1,231.2,3.6,38.1
Haute-Vienne,2018,2,1.6,80.0,3.1,98.3
Haute-Vienne,2018,3,7.1,141.4,3.7,101.6
Haute-Vienne,2018,4,12.8,110.7,2.9,162.3
Haute-Vienne,2018,5,14.7,96.1,2.2,196.0
Haute-Vienne,2018,6,18.8,76.3,2.6,259.4
Haute-Vienne,2018,7,21.2,55.2,2.1,299.3
Haute-Vienne,2018,8,20.9,28.8,2.2,276.7
Haute-Vienne,2018,9,17.9,22.8,2.4,261.2
Haute-Vienne,2018,10,13.8,44.5,3.2,185.6
Haute-Vienne,2018,11,8.7,83.9,2.7,102.6
Haute-Vienne,2018,12,6.8,161.2,3.0,60.4
Haute-Vienne,2019,1,2.8,88.6,2.9,61.8
Haute-Vienne,2019,2,7.8,37.7,2.5,169.5
Haute-Vienne,2019,3,8.7,79.1,3.7,196.3
Haute-Vienne,2019,4,10.5,75.1,2.8,180.1
Haute-Vienne,2019,5,12.2,86.9,2.8,199.9
Haute-Vienne,2019,6,18.8,133.0,2.4,253.0
Haute-Vienne,2019,7,21.4,46.9,2.4,312.8
Haute-Vienne,2019,8,20.2,18.5,2.1,271.3
Haute-Vienne,2019,9,17.1,65.6,2.7,214.2
Haute-Vienne,2019,10,14.2,148.2,2.8,88.1
Haute-Vienne,2019,11,7.3,236.9,3.1,42.7
Haute-Vienne,2019,12,7.6,168.4,3.6,87.4
Haute-Vienne,2020,1,6.5,95.6,3.3,91.5
Haute-Vienne,2020,2,8.1,87.3,3.6,111.9
Haute-Vienne,2020,3,8.3,109.9,3.2,166.1
Haute-Vienne,2020,4,13.9,90.0,2.6,189.5
Haute-Vienne,2020,5,15.4,72.1,3.1,280.3
Haute-Vienne,2020,6,16.3,117.1,2.3,199.9
Haute-Vienne,2020,7,20.3,7.0,2.2,290.0
Haute-Vienne,2020,8,20.9,58.6,2.2,225.8
Haute-Vienne,2020,9,17.5,94.5,2.3,231.7
Haute-Vienne,2020,10,11.5,196.0,3.2,77.3
Haute-Vienne,2020,11,10.3,34.3,2.6,157.0
Haute-Vienne,2020,12,5.7,200.4,3.6,31.6
Haute-Vienne,2021,1,3.2,146.4,3.1,67.6
Haute-Vienne,2021,2,8.3,96.0,3.7,102.1
Haute-Vienne,2021,3,7.7,46.7,2.9,194.3
Haute-Vienne,2021,4,9.5,36.9,3.1,241.4
Haute-Vienne,2021,5,12.2,147.7,3.1,183.9
Haute-Vienne,2021,6,18.5,129.2,2.2,228.9
Haute-Vienne,2021,7,18.4,122.5,2.5,205.1
Haute-Vienne,2021,8,17.8,26.8,2.5,215.7
Haute-Vienne,2021,9,17.9,110.1,2.0,180.0
Haute-Vienne,2021,10,12.0,60.3,2.7,200.5
Haute-Vienne,2021,11,6.2,56.2,2.4,96.3
Haute-Vienne,2021,12,6.4,148.9,2.9,109.5
Haute-Vienne,2022,1,4.2,44.8,2.7,149.7
Haute-Vienne,2022,2,6.7,68.9,2.9,120.3
Haute-Vienne,2022,3,9.3,60.1,3.3,145.0
Haute-Vienne,2022,4,10.6,94.2,3.0,176.4
Haute-Vienne,2022,5,16.6,21.0,2.4,287.1
Haute-Vienne,2022,6,19.3,148.5,2.3,245.0
Haute-Vienne,2022,7,21.0,21.4,2.6,360.5
Haute-Vienne,2022,8,22.1,30.6,2.4,283.2
Haute-Vienne,2022,9,16.7,85.0,2.6,195.5
Haute-Vienne,2022,10,16.7,50.7,2.8,138.8
Haute-Vienne,2022,11,9.5,107.6,2.7,80.1
Haute-Vienne,2022,12,5.8,69.9,3.2,69.2
Haute-Vienne,2023,1,4.4,96.2,3.4,38.4
Haute-Vienne,2023,2,5.8,22.7,2.7,147.0
Haute-Vienne,2023,3,8.9,151.7,3.5,119.5
Haute-Vienne,2023,4,10.4,68.6,3.0,169.6
Haute-Vienne,2023,5,14.7,78.9,2.9,246.4
Haute-Vienne,2023,6,20.0,99.2,2.1,252.6
Haute-Vienne,2023,7,19.4,40.1,2.4,237.8
Haute-Vienne,2023,8,20.2,69.4,2.2,213.8
Haute-Vienne,2023,9,20.4,65.4,2.1,237.0
Haute-Vienne,2023,10,15.1,208.7,3.0,161.7
Haute-Vienne,2023,11,8.4,225.7,3.3,65.2
Haute-Vienne,2023,12,6.5,150.8,3.0,61.1
Haute-Vienne,2024,1,5.5,65.3,3.0,75.5
Haute-Vienne,2024,2,7.5,129.0,3.0,66.7
Haute-Vienne,2024,3,9.2,165.5,2.9,127.2
Haute-Vienne,2024,4,11.2,98.1,3.1,171.7
Haute-Vienne,2024,5,13.3,211.6,2.4,133.4
Haute-Vienne,2024,6,17.3,109.3,2.4,187.2
Haute-Vienne,2024,7,20.2,46.5,2.1,245.3
Haute-Vienne,2024,8,20.3,18.5,2.0,260.6
Haute-Vienne,2024,9,14.8,168.7,2.8,115.5
Haute-Vienne,2024,10,14.6,163.6,2.5,128.5
Haute-Vienne,2024,11,10.2,72.3,2.7,137.6
Haute-Vienne,2024,12,5.2,82.3,2.4,110.8
Hautes-Alpes,2018,1,0.7,132.4,2.7,138.5
Hautes-Alpes,2018,2,-3.5,47.6,2.4,150.0
Hautes-Alpes,2018,3,0.2,152.8,2.5,162.6
Hautes-Alpes,2018,4,7.1,62.8,2.6,210.1
Hautes-Alpes,2018,5,10.5,104.6,2.0,160.1
Hautes-Alpes,2018,6,14.5,55.2,1.9,248.0
Hautes-Alpes,2018,7,17.7,43.0,2.1,308.7
Hautes-Alpes,2018,8,16.7,101.1,1.9,262.9
Hautes-Alpes,2018,9,14.8,19.7,1.9,272.9
Hautes-Alpes,2018,10,9.6,147.1,2.3,168.6
Hautes-Alpes,2018,11,3.8,105.1,2.2,108.0
Hautes-Alpes,2018,12,1.2,68.1,2.0,164.1
Hautes-Alpes,2019,1,-2.7,37.1,2.4,194.6
Hautes-Alpes,2019,2,2.6,40.2,1.9,204.7
Hautes-Alpes,2019,3,3.4,24.8,2.8,272.3
Hautes-Alpes,2019,4,4.7,89.1,2.7,200.8
Hautes-Alpes,2019,5,8.0,63.8,2.5,232.4
Hautes-Alpes,2019,6,16.0,74.4,2.2,275.2
Hautes-Alpes,2019,7,17.7,59.6,2.1,300.8
Hautes-Alpes,2019,8,17.5,23.3,2.1,251.8
Hautes-Alpes,2019,9,13.8,26.1,2.1,256.5
Hautes-Alpes,2019,10,9.9,208.5,2.1,188.8
Hautes-Alpes,2019,11,1.9,201.5,2.2,99.3
Hautes-Alpes,2019,12,1.3,160.6,2.3,135.6
Hautes-Alpes,2020,1,0.6,37.0,2.0,151.5
Hautes-Alpes,2020,2,2.3,52.6,2.6,180.9
Hautes-Alpes,2020,3,2.7,76.8,2.4,209.3
Hautes-Alpes,2020,4,8.1,37.1,2.1,224.7
Hautes-Alpes,2020,5,11.6,113.2,2.2,248.5
Hautes-Alpes,2020,6,12.9,84.7,2.1,250.2
Hautes-Alpes,2020,7,17.1,43.0,2.3,313.8
Hautes-Alpes,2020,8,17.0,116.3,2.2,286.0
Hautes-Alpes,2020,9,12.9,54.8,1.9,232.8
Hautes-Alpes,2020,10,6.5,170.4,2.0,174.7
Hautes-Alpes,2020,11,5.5,27.4,1.7,189.2
Hautes-Alpes,2020,12,-0.9,87.5,2.0,109.0
Hautes-Alpes,2021,1,-2.9,86.3,2.6,144.3
Hautes-Alpes,2021,2,2.6,50.0,2.2,142.7
Hautes-Alpes,2021,3,3.2,21.0,2.3,253.1
Hautes-Alpes,2021,4,4.6,81.4,2.3,199.0
Hautes-Alpes,2021,5,7.7,170.9,2.6,207.2
Hautes-Alpes,2021,6,15.1,39.4,2.1,250.3
Hautes-Alpes,2021,7,15.9,76.7,2.3,245.7
Hautes-Alpes,2021,8,15.3,47.0,2.2,295.2
Hautes-Alpes,2021,9,13.3,84.5,1.8,189.4
Hautes-Alpes,2021,10,7.8,108.1,2.0,214.1
Hautes-Alpes,2021,11,2.4,47.8,2.4,123.6
Hautes-Alpes,2021,12,0.4,85.9,1.9,140.9
Hautes-Alpes,2022,1,0.2,15.8,2.1,190.3
Hautes-Alpes,2022,2,1.6,25.3,2.6,201.9
Hautes-Alpes,2022,3,2.8,17.5,2.4,190.4
Hautes-Alpes,2022,4,5.2,58.3,2.5,214.1
Hautes-Alpes,2022,5,12.4,50.5,2.1,242.4
Hautes-Alpes,2022,6,16.8,52.5,2.5,270.3
Hautes-Alpes,2022,7,19.6,8.8,2.4,332.4
Hautes-Alpes,2022,8,17.9,84.6,2.1,266.9
Hautes-Alpes,2022,9,12.0,84.1,2.0,206.6
Hautes-Alpes,2022,10,11.7,76.2,1.7,169.3
Hautes-Alpes,2022,11,4.1,100.7,1.8,135.4
Hautes-Alpes,2022,12,0.7,113.1,2.0,104.2
Hautes-Alpes,2023,1,-1.7,46.3,2.3,153.2
Hautes-Alpes,2023,2,1.5,4.5,2.2,189.6
Hautes-Alpes,2023,3,3.4,88.7,2.6,200.2
Hautes-Alpes,2023,4,4.8,44.0,2.4,197.7
Hautes-Alpes,2023,5,10.0,82.2,2.1,204.3
Hautes-Alpes,2023,6,15.0,87.4,1.9,215.6
Hautes-Alpes,2023,7,17.9,29.5,2.6,316.8
Hautes-Alpes,2023,8,17.5,91.3,2.4,273.1
Hautes-Alpes,2023,9,14.8,66.5,1.8,238.5
Hautes-Alpes,2023,10,10.5,225.4,2.0,165.4
Hautes-Alpes,2023,11,2.5,182.4,2.6,126.3
Hautes-Alpes,2023,12,1.5,121.2,2.3,134.3
Hautes-Alpes,2024,1,0.6,92.3,2.3,121.4
Hautes-Alpes,2024,2,3.3,93.7,2.2,161.8
Hautes-Alpes,2024,3,3.7,142.7,2.8,178.4
Hautes-Alpes,2024,4,5.8,51.5,2.8,210.4
Hautes-Alpes,2024,5,9.3,130.2,2.0,181.7
Hautes-Alpes,2024,6,13.6,124.5,2.2,197.6
Hautes-Alpes,2024,7,17.6,36.0,2.1,296.2
Hautes-Alpes,2024,8,18.6,33.1,2.1,277.0
Hautes-Alpes,2024,9,11.1,120.7,2.4,170.4
Hautes-Alpes,2024,10,10.0,215.9,2.0,143.3
Hautes-Alpes,2024,11,4.5,63.7,1.9,157.0
Hautes-Alpes,2024,12,0.2,40.5,2.1,147.8
Hautes-Pyrénées,2018,1,4.0,149.8,3.2,101.0
Hautes-Pyrénées,2018,2,-0.2,191.6,2.7,85.3
Hautes-Pyrénées,2018,3,3.7,119.8,3.8,124.0
Hautes-Pyrénées,2018,4,8.7,135.6,2.9,171.6
Hautes-Pyrénées,2018,5,11.0,124.7,2.5,126.9
Hautes-Pyrénées,2018,6,15.8,150.2,2.2,166.6
Hautes-Pyrénées,2018,7,18.6,99.6,2.3,225.0
Hautes-Pyrénées,2018,8,18.3,44.5,2.3,221.0
Hautes-Pyrénées,2018,9,16.7,48.5,2.1,217.8
Hautes-Pyrénées,2018,10,10.7,95.8,2.4,166.8
Hautes-Pyrénées,2018,11,6.9,50.3,2.5,113.2
Hautes-Pyrénées,2018,12,6.4,52.3,2.5,112.4
Hautes-Pyrénées,2019,1,0.7,152.7,2.9,78.8
Hautes-Pyrénées,2019,2,5.4,46.0,2.5,203.3
Hautes-Pyrénées,2019,3,5.6,29.3,3.0,215.3
Hautes-Pyrénées,2019,4,7.4,113.4,2.9,137.3
Hautes-Pyrénées,2019,5,9.9,130.7,2.9,211.5
Hautes-Pyrénées,2019,6,16.3,80.9,2.8,235.9
Hautes-Pyrénées,2019,7,19.1,74.6,2.5,221.4
Hautes-Pyrénées,2019,8,18.1,85.2,2.2,213.9
Hautes-Pyrénées,2019,9,15.2,41.4,2.3,215.7
Hautes-Pyrénées,2019,10,12.5,134.4,2.6,138.0
Hautes-Pyrénées,2019,11,5.2,204.5,2.8,65.0
Hautes-Pyrénées,2019,12,6.1,174.8,3.2,112.2
Hautes-Pyrénées,2020,1,4.3,50.8,2.4,140.9
Hautes-Pyrénées,2020,2,7.1,30.5,2.9,165.4
Hautes-Pyrénées,2020,3,5.5,126.7,2.7,133.2
Hautes-Pyrénées,2020,4,10.7,125.7,2.3,136.6
Hautes-Pyrénées,2020,5,14.1,113.8,2.6,238.1
Hautes-Pyrénées,2020,6,14.3,123.2,2.5,150.5
Hautes-Pyrénées,2020,7,18.3,40.4,2.3,217.9
Hautes-Pyrénées,2020,8,18.7,57.1,2.5,192.9
Hautes-Pyrénées,2020,9,15.3,111.3,2.5,186.5
Hautes-Pyrénées,2020,10,9.9,146.7,3.2,115.5
Hautes-Pyrénées,2020,11,9.1,44.1,2.1,164.3
Hautes-Pyrénées,2020,12,3.9,182.4,3.3,59.9
Hautes-Pyrénées,2021,1,1.7,125.9,3.0,84.4
Hautes-Pyrénées,2021,2,7.4,48.3,3.4,120.9
Hautes-Pyrénées,2021,3,6.2,27.1,2.7,165.8
Hautes-Pyrénées,2021,4,7.8,60.4,2.4,187.9
Hautes-Pyrénées,2021,5,11.0,58.6,3.0,186.0
Hautes-Pyrénées,2021,6,16.2,103.8,2.5,172.1
Hautes-Pyrénées,2021,7,17.0,66.5,2.6,165.5
Hautes-Pyrénées,2021,8,17.4,18.9,2.4,186.2
Hautes-Pyrénées,2021,9,16.1,75.6,2.2,123.0
Hautes-Pyrénées,2021,10,11.3,60.1,2.2,191.8
Hautes-Pyrénées,2021,11,4.3,86.6,2.4,67.8
Hautes-Pyrénées,2021,12,5.6,179.1,3.0,75.9
Hautes-Pyrénées,2022,1,2.8,135.3,1.8,103.2
Hautes-Pyrénées,2022,2,5.0,37.1,2.8,145.9
Hautes-Pyrénées,2022,3,5.8,79.6,2.7,136.2
Hautes-Pyrénées,2022,4,7.7,85.6,2.9,139.0
Hautes-Pyrénées,2022,5,14.8,47.0,2.5,220.5
Hautes-Pyrénées,2022,6,18.1,90.0,2.7,179.1
Hautes-Pyrénées,2022,7,20.0,34.1,2.3,256.4
Hautes-Pyrénées,2022,8,20.4,55.2,2.3,233.8
Hautes-Pyrénées,2022,9,15.8,69.5,2.6,193.1
Hautes-Pyrénées,2022,10,15.7,52.7,3.1,151.7
Hautes-Pyrénées,2022,11,7.6,150.9,3.0,112.1
Hautes-Pyrénées,2022,12,6.3,39.4,2.5,104.8
Hautes-Pyrénées,2023,1,1.1,108.1,3.0,80.9
Hautes-Pyrénées,2023,2,2.9,33.3,2.2,160.6
Hautes-Pyrénées,2023,3,7.2,53.1,3.3,154.4
Hautes-Pyrénées,2023,4,9.0,82.8,2.9,184.9
Hautes-Pyrénées,2023,5,11.5,182.7,2.6,177.8
Hautes-Pyrénées,2023,6,16.8,142.5,2.4,163.8
Hautes-Pyrénées,2023,7,18.3,50.8,2.9,161.3
Hautes-Pyrénées,2023,8,18.9,98.6,2.7,212.1
Hautes-Pyrénées,2023,9,17.8,61.6,2.3,230.3
Hautes-Pyrénées,2023,10,14.7,82.7,2.8,178.0
Hautes-Pyrénées,2023,11,7.8,142.5,3.4,94.5
Hautes-Pyrénées,2023,12,5.1,84.9,2.9,108.5
Hautes-Pyrénées,2024,1,5.0,47.1,2.7,126.4
Hautes-Pyrénées,2024,2,6.0,120.4,3.1,114.0
Hautes-Pyrénées,2024,3,6.6,130.4,3.4,154.3
Hautes-Pyrénées,2024,4,9.2,56.7,3.2,203.4
Hautes-Pyrénées,2024,5,11.1,113.6,2.8,156.2
Hautes-Pyrénées,2024,6,15.3,101.7,2.7,166.3
Hautes-Pyrénées,2024,7,18.9,40.4,2.6,209.9
Hautes-Pyrénées,2024,8,19.0,88.2,2.2,175.4
Hautes-Pyrénées,2024,9,13.2,148.0,2.6,148.5
Hautes-Pyrénées,2024,10,12.6,196.3,2.8,113.8
Hautes-Pyrénées,2024,11,9.3,60.6,2.7,139.7
Hautes-Pyrénées,2024,12,4.1,112.6,2.7,105.8
Hauts-de-Seine,2018,1,8.2,115.9,,
Hauts-de-Seine,2018,2,2.6,47.3,,
Hauts-de-Seine,2018,3,7.6,90.0,,
Hauts-de-Seine,2018,4,14.1,50.5,,
Hauts-de-Seine,2018,5,17.2,99.9,,
Hauts-de-Seine,2018,6,19.9,91.1,,
Hauts-de-Seine,2018,7,24.4,6.8,,
Hauts-de-Seine,2018,8,21.7,32.4,,
Hauts-de-Seine,2018,9,17.5,12.9,,
Hauts-de-Seine,2018,10,14.2,24.3,,
Hauts-de-Seine,2018,11,8.4,70.7,,
Hauts-de-Seine,2018,12,6.6,71.6,,
Hauts-de-Seine,2019,1,3.8,47.5,,
Hauts-de-Seine,2019,2,7.2,44.7,,
Hauts-de-Seine,2019,3,,49.2,,
Hauts-de-Seine,2019,4,,21.6,,
Hauts-de-Seine,2019,5,,87.2,,
Hauts-de-Seine,2019,6,,0.0,,
Hauts-de-Seine,2019,7,,19.5,,
Hauts-de-Seine,2019,8,,60.3,,
Hauts-de-Seine,2019,9,,24.3,,
Hauts-de-Seine,2019,10,,75.1,,
Hauts-de-Seine,2019,11,,102.3,,
Hauts-de-Seine,2019,12,8.2,82.8,,
Hauts-de-Seine,2020,1,7.1,26.0,,
Hauts-de-Seine,2020,2,9.6,84.8,,
Hauts-de-Seine,2020,3,9.5,44.2,,
Hauts-de-Seine,2020,4,15.1,21.9,,
Hauts-de-Seine,2020,5,16.7,70.4,,
Hauts-de-Seine,2020,6,19.3,26.7,,
Hauts-de-Seine,2020,7,21.1,5.0,,
Hauts-de-Seine,2020,8,22.8,36.6,,
Hauts-de-Seine,2020,9,19.5,41.5,,
Hauts-de-Seine,2020,10,13.3,72.9,,
Hauts-de-Seine,2020,11,10.5,13.2,,
Hauts-de-Seine,2020,12,7.3,103.0,,
Hauts-de-Seine,2021,1,5.3,82.5,,
Hauts-de-Seine,2021,2,7.3,42.9,,
Hauts-de-Seine,2021,3,9.1,34.0,,
Hauts-de-Seine,2021,4,10.1,35.8,,
Hauts-de-Seine,2021,5,13.6,55.7,,
Hauts-de-Seine,2021,6,20.2,123.1,,
Hauts-de-Seine,2021,7,20.5,77.5,,
Hauts-de-Seine,2021,8,19.6,30.0,,
Hauts-de-Seine,2021,9,19.4,48.3,,
Hauts-de-Seine,2021,10,13.2,77.2,,
Hauts-de-Seine,2021,11,7.9,27.0,,
Hauts-de-Seine,2021,12,7.7,67.9,,
Hauts-de-Seine,2022,1,5.8,65.0,,
Hauts-de-Seine,2022,2,8.5,27.3,,
Hauts-de-Seine,2022,3,10.5,17.0,,
Hauts-de-Seine,2022,4,12.2,52.8,,
Hauts-de-Seine,2022,5,17.7,24.1,,
Hauts-de-Seine,2022,6,20.5,69.3,,
Hauts-de-Seine,2022,7,23.0,8.2,,
Hauts-de-Seine,2022,8,23.5,33.0,,
Hauts-de-Seine,2022,9,17.8,44.0,,
Hauts-de-Seine,2022,10,16.5,36.6,,
Hauts-de-Seine,2022,11,10.7,44.0,,
Hauts-de-Seine,2022,12,6.0,43.0,,
Hauts-de-Seine,2023,1,6.8,47.5,,
Hauts-de-Seine,2023,2,7.6,2.8,,
Hauts-de-Seine,2023,3,10.1,51.3,,
Hauts-de-Seine,2023,4,11.5,58.9,,
Hauts-de-Seine,2023,5,16.2,61.7,,
Hauts-de-Seine,2023,6,22.5,48.8,,
Hauts-de-Seine,2023,7,21.2,92.2,,
Hauts-de-Seine,2023,8,20.9,66.5,,
Hauts-de-Seine,2023,9,21.4,58.8,,
Hauts-de-Seine,2023,10,15.8,85.9,,
Hauts-de-Seine,2023,11,10.0,94.4,,
Hauts-de-Seine,2023,12,8.5,53.7,,
Hauts-de-Seine,2024,1,5.4,60.4,,
Hauts-de-Seine,2024,2,9.9,75.7,,
Hauts-de-Seine,2024,3,10.7,87.6,,
Hauts-de-Seine,2024,4,12.6,62.3,,
Hauts-de-Seine,2024,5,16.1,121.7,,
Hauts-de-Seine,2024,6,18.4,35.3,,
Hauts-de-Seine,2024,7,21.0,58.3,,
Hauts-de-Seine,2024,8,21.9,62.5,,
Hauts-de-Seine,2024,9,17.0,107.7,,
Hauts-de-Seine,2024,10,14.5,156.8,,
Hauts-de-Seine,2024,11,9.3,38.1,,
Hauts-de-Seine,2024,12,6.7,53.5,,
Hérault,2018,1,9.5,170.8,5.0,120.4
Hérault,2018,2,4.7,126.7,4.2,155.0
Hérault,2018,3,9.5,175.0,4.8,183.6
Hérault,2018,4,13.7,199.3,4.0,201.8
Hérault,2018,5,16.5,123.3,4.0,224.6
Hérault,2018,6,21.1,44.2,3.4,335.0
Hérault,2018,7,24.6,37.5,3.3,379.3
Hérault,2018,8,24.5,29.1,3.5,326.0
Hérault,2018,9,21.3,4.9,3.0,297.0
Hérault,2018,10,15.7,330.4,4.2,154.0
Hérault,2018,11,11.3,173.5,3.5,100.0
Hérault,2018,12,8.9,34.9,3.7,167.1
Hérault,2019,1,5.3,33.2,5.2,191.8
Hérault,2019,2,8.9,14.0,3.4,201.4
Hérault,2019,3,10.9,10.2,4.5,288.8
Hérault,2019,4,12.0,76.8,4.1,207.6
Hérault,2019,5,15.3,52.3,4.8,287.6
Hérault,2019,6,20.7,21.1,3.4,325.3
Hérault,2019,7,25.0,22.9,3.6,373.0
Hérault,2019,8,23.9,14.6,3.2,314.9
Hérault,2019,9,20.3,75.1,3.4,259.9
Hérault,2019,10,16.3,236.6,3.7,177.4
Hérault,2019,11,9.6,111.3,3.8,145.5
Hérault,2019,12,9.5,97.3,4.3,132.9
Hérault,2020,1,7.9,92.5,3.7,105.2
Hérault,2020,2,10.3,25.2,4.2,174.6
Hérault,2020,3,10.1,43.5,4.0,194.6
Hérault,2020,4,13.3,95.7,2.9,218.9
Hérault,2020,5,18.1,103.6,3.6,296.2
Hérault,2020,6,19.8,61.9,4.0,323.6
Hérault,2020,7,24.0,9.7,3.9,373.2
Hérault,2020,8,23.8,39.7,3.7,321.9
Hérault,2020,9,19.6,74.2,3.4,243.2
Hérault,2020,10,13.6,64.0,4.1,153.4
Hérault,2020,11,11.7,65.4,3.3,146.9
Hérault,2020,12,7.0,102.7,4.0,99.5
Hérault,2021,1,5.4,36.7,4.6,157.4
Hérault,2021,2,9.5,94.7,3.9,104.6
Hérault,2021,3,9.7,40.7,4.0,249.8
Hérault,2021,4,11.2,54.8,3.5,244.3
Hérault,2021,5,15.0,62.3,4.0,274.3
Hérault,2021,6,21.4,42.2,3.6,309.8
Hérault,2021,7,22.5,51.7,3.7,329.6
Hérault,2021,8,22.1,27.2,3.4,346.4
Hérault,2021,9,20.0,62.4,3.0,207.9
Hérault,2021,10,14.3,117.5,3.6,214.8
Hérault,2021,11,9.1,110.2,4.1,161.1
Hérault,2021,12,7.7,47.5,3.5,147.5
Hérault,2022,1,6.1,17.2,3.8,208.4
Hérault,2022,2,9.1,21.1,4.7,188.1
Hérault,2022,3,9.2,283.8,3.6,128.4
Hérault,2022,4,12.6,52.1,4.3,239.0
Hérault,2022,5,18.7,10.4,3.5,320.5
Hérault,2022,6,23.0,31.4,3.6,333.1
Hérault,2022,7,25.6,3.6,3.5,405.9
Hérault,2022,8,25.3,56.4,3.2,331.3
Hérault,2022,9,19.6,96.6,3.4,235.2
Hérault,2022,10,18.0,25.5,2.8,142.2
Hérault,2022,11,11.8,58.8,3.5,157.7
Hérault,2022,12,8.2,60.9,2.8,103.0
Hérault,2023,1,6.2,42.3,4.5,171.5
Hérault,2023,2,7.1,31.3,3.5,179.8
Hérault,2023,3,10.6,42.7,4.2,217.8
Hérault,2023,4,13.2,21.9,4.2,237.4
Hérault,2023,5,17.1,70.8,3.8,282.6
Hérault,2023,6,22.1,50.9,3.4,295.1
Hérault,2023,7,24.1,11.5,3.9,367.0
Hérault,2023,8,23.9,11.9,3.9,327.8
Hérault,2023,9,20.8,112.0,3.0,273.1
Hérault,2023,10,17.3,87.1,3.2,175.0
Hérault,2023,11,10.7,35.8,4.0,154.2
Hérault,2023,12,8.6,24.4,4.0,145.6
Hérault,2024,1,7.6,61.0,3.5,126.4
Hérault,2024,2,10.1,48.3,4.0,148.4
Hérault,2024,3,11.1,174.0,4.4,180.2
Hérault,2024,4,12.8,97.3,4.6,227.1
Hérault,2024,5,15.6,110.0,3.5,260.4
Hérault,2024,6,20.0,25.4,3.7,259.1
Hérault,2024,7,23.6,18.9,3.6,353.9
Hérault,2024,8,24.8,23.4,3.5,337.8
Hérault,2024,9,18.2,74.4,3.9,217.6
Hérault,2024,10,16.2,167.7,3.4,152.6
Hérault,2024,11,11.5,68.3,3.2,163.4
Hérault,2024,12,7.4,28.6,4.0,169.1
Ille-et-Vilaine,2018,1,8.3,101.7,4.4,50.2
Ille-et-Vilaine,2018,2,3.9,54.9,3.8,137.9
Ille-et-Vilaine,2018,3,7.6,112.6,4.0,90.0
Ille-et-Vilaine,2018,4,12.4,63.0,3.0,171.4
Ille-et-Vilaine,2018,5,14.9,37.3,3.0,280.6
Ille-et-Vilaine,2018,6,18.6,110.3,2.7,228.8
Ille-et-Vilaine,2018,7,20.8,28.5,2.6,286.3
Ille-et-Vilaine,2018,8,19.0,53.4,2.4,207.7
Ille-et-Vilaine,2018,9,16.6,12.7,2.8,231.4
Ille-et-Vilaine,2018,10,13.0,63.4,2.9,167.4
Ille-et-Vilaine,2018,11,8.8,84.7,3.4,105.3
Ille-et-Vilaine,2018,12,8.5,81.3,3.7,50.9
Ille-et-Vilaine,2019,1,5.5,64.3,2.9,55.0
Ille-et-Vilaine,2019,2,8.0,50.5,3.2,153.1
Ille-et-Vilaine,2019,3,9.7,48.5,4.1,170.0
Ille-et-Vilaine,2019,4,10.9,49.6,3.1,191.8
Ille-et-Vilaine,2019,5,13.0,44.1,2.9,217.1
Ille-et-Vilaine,2019,6,17.5,80.1,2.9,209.3
Ille-et-Vilaine,2019,7,20.5,17.5,3.0,334.9
Ille-et-Vilaine,2019,8,19.0,46.2,2.8,201.1
Ille-et-Vilaine,2019,9,16.6,54.2,3.4,186.9
Ille-et-Vilaine,2019,10,13.6,179.5,3.5,80.0
Ille-et-Vilaine,2019,11,8.4,168.4,3.5,78.6
Ille-et-Vilaine,2019,12,7.5,118.6,4.0,88.6
Ille-et-Vilaine,2020,1,7.6,85.9,3.9,86.8
Ille-et-Vilaine,2020,2,9.2,89.9,5.3,92.0
Ille-et-Vilaine,2020,3,8.9,57.8,4.2,163.5
Ille-et-Vilaine,2020,4,13.8,56.6,2.9,219.5
Ille-et-Vilaine,2020,5,15.6,38.0,3.2,311.5
Ille-et-Vilaine,2020,6,16.7,103.2,3.0,184.9
Ille-et-Vilaine,2020,7,18.5,13.9,3.0,261.5
Ille-et-Vilaine,2020,8,19.7,68.8,2.8,218.8
Ille-et-Vilaine,2020,9,17.5,69.2,2.7,170.9
Ille-et-Vilaine,2020,10,12.5,127.7,3.6,96.6
Ille-et-Vilaine,2020,11,10.6,32.3,3.1,103.2
Ille-et-Vilaine,2020,12,7.4,168.8,4.1,65.7
Ille-et-Vilaine,2021,1,5.4,72.9,3.3,73.5
Ille-et-Vilaine,2021,2,7.3,41.3,4.1,101.2
Ille-et-Vilaine,2021,3,8.4,25.8,3.5,186.6
Ille-et-Vilaine,2021,4,9.2,29.9,3.2,279.4
Ille-et-Vilaine,2021,5,12.7,88.4,3.7,206.6
Ille-et-Vilaine,2021,6,17.4,110.6,2.4,198.4
Ille-et-Vilaine,2021,7,18.9,77.5,3.0,205.2
Ille-et-Vilaine,2021,8,17.7,35.1,2.8,176.9
Ille-et-Vilaine,2021,9,18.0,39.4,2.6,192.1
Ille-et-Vilaine,2021,10,13.2,118.3,2.9,177.1
Ille-et-Vilaine,2021,11,7.7,45.5,2.5,98.0
Ille-et-Vilaine,2021,12,7.5,89.9,3.7,48.5
Ille-et-Vilaine,2022,1,6.0,57.2,2.7,56.0
Ille-et-Vilaine,2022,2,7.9,42.3,3.8,93.8
Ille-et-Vilaine,2022,3,10.1,32.6,3.4,170.8
Ille-et-Vilaine,2022,4,11.4,40.4,3.2,215.7
Ille-et-Vilaine,2022,5,15.6,41.7,2.6,255.6
Ille-et-Vilaine,2022,6,18.2,67.1,2.8,232.1
Ille-et-Vilaine,2022,7,20.6,2.5,2.8,323.1
Ille-et-Vilaine,2022,8,21.2,52.1,2.7,261.5
Ille-et-Vilaine,2022,9,16.8,83.2,2.7,161.8
Ille-et-Vilaine,2022,10,16.0,60.5,2.9,116.9
Ille-et-Vilaine,2022,11,10.8,112.1,3.7,114.1
Ille-et-Vilaine,2022,12,5.7,90.6,3.6,65.1
Ille-et-Vilaine,2023,1,6.9,74.8,3.9,74.6
Ille-et-Vilaine,2023,2,6.9,12.2,2.7,110.4
Ille-et-Vilaine,2023,3,9.8,111.3,4.6,114.9
Ille-et-Vilaine,2023,4,11.0,73.1,3.2,173.4
Ille-et-Vilaine,2023,5,14.8,45.0,3.4,269.7
Ille-et-Vilaine,2023,6,19.9,29.8,2.6,293.6
Ille-et-Vilaine,2023,7,18.8,90.4,3.2,181.2
Ille-et-Vilaine,2023,8,19.1,56.8,2.9,185.5
Ille-et-Vilaine,2023,9,19.9,62.5,2.4,179.0
Ille-et-Vilaine,2023,10,15.0,117.3,3.0,152.3
Ille-et-Vilaine,2023,11,10.0,108.4,3.8,84.0
Ille-et-Vilaine,2023,12,8.5,82.2,4.0,65.8
Ille-et-Vilaine,2024,1,5.7,89.5,3.5,99.4
Ille-et-Vilaine,2024,2,9.7,93.7,3.9,40.0
Ille-et-Vilaine,2024,3,9.5,71.4,3.4,124.4
Ille-et-Vilaine,2024,4,11.2,66.9,3.6,160.3
Ille-et-Vilaine,2024,5,14.5,86.1,2.9,196.7
Ille-et-Vilaine,2024,6,16.3,56.5,2.8,232.6
Ille-et-Vilaine,2024,7,18.6,46.0,2.6,176.1
Ille-et-Vilaine,2024,8,19.4,53.1,2.6,211.6
Ille-et-Vilaine,2024,9,15.5,99.7,2.8,126.1
Ille-et-Vilaine,2024,10,13.8,122.4,2.5,112.6
Ille-et-Vilaine,2024,11,9.5,57.4,3.0,43.2
Ille-et-Vilaine,2024,12,7.3,47.0,3.6,43.3
Indre,2018,1,7.9,159.0,4.3,31.6
Indre,2018,2,2.1,62.7,3.2,103.0
Indre,2018,3,8.0,95.1,3.7,122.8
Indre,2018,4,13.3,72.1,2.6,169.6
Indre,2018,5,15.6,68.0,2.0,246.6
Indre,2018,6,19.5,46.8,2.3,260.7
Indre,2018,7,22.4,55.4,2.0,299.2
Indre,2018,8,21.7,18.4,2.3,284.8
Indre,2018,9,18.2,11.3,2.2,254.6
Indre,2018,10,13.9,41.5,2.7,178.4
Indre,2018,11,8.7,53.0,2.6,83.2
Indre,2018,12,6.8,77.4,3.8,46.5
Indre,2019,1,3.7,50.9,3.0,61.3
Indre,2019,2,7.7,20.4,2.5,164.1
Indre,2019,3,9.5,47.1,4.1,198.6
Indre,2019,4,11.1,31.7,2.8,197.3
Indre,2019,5,13.1,62.5,2.8,221.3
Indre,2019,6,19.8,84.2,2.5,270.3
Indre,2019,7,22.6,24.9,2.7,344.2
Indre,2019,8,21.2,20.9,2.4,270.2
Indre,2019,9,17.5,45.9,3.0,230.6
Indre,2019,10,14.5,126.1,3.1,87.2
Indre,2019,11,8.3,127.7,3.4,63.3
Indre,2019,12,7.7,96.4,4.0,85.9
Indre,2020,1,7.0,51.7,3.3,96.3
Indre,2020,2,9.1,62.2,5.0,112.0
Indre,2020,3,9.1,57.4,3.7,169.0
Indre,2020,4,14.1,59.1,2.3,238.5
Indre,2020,5,15.7,91.3,2.7,286.1
Indre,2020,6,17.6,72.1,2.8,196.4
Indre,2020,7,20.8,5.7,2.6,306.6
Indre,2020,8,21.8,35.4,2.7,224.0
Indre,2020,9,18.5,48.3,2.2,208.0
Indre,2020,10,12.4,119.1,3.5,71.3
Indre,2020,11,10.0,18.8,2.3,142.2
Indre,2020,12,6.6,124.3,3.8,42.7
Indre,2021,1,4.4,82.2,3.5,58.9
Indre,2021,2,7.8,58.0,3.3,99.5
Indre,2021,3,8.1,34.9,3.1,194.0
Indre,2021,4,9.8,32.9,3.0,242.0
Indre,2021,5,13.1,89.6,3.8,203.4
Indre,2021,6,19.7,117.4,2.0,225.5
Indre,2021,7,19.4,114.6,2.9,210.4
Indre,2021,8,18.7,22.2,2.6,205.6
Indre,2021,9,19.0,70.2,2.0,193.4
Indre,2021,10,12.5,34.0,2.5,194.9
Indre,2021,11,6.1,42.0,2.6,75.8
Indre,2021,12,6.0,98.4,3.7,57.2
Indre,2022,1,3.8,26.5,2.8,65.2
Indre,2022,2,7.3,31.9,3.7,125.2
Indre,2022,3,9.5,31.8,2.6,146.8
Indre,2022,4,11.2,55.9,3.0,189.1
Indre,2022,5,17.2,23.2,2.4,299.4
Indre,2022,6,20.4,131.2,2.5,258.1
Indre,2022,7,21.7,18.9,2.4,350.6
Indre,2022,8,22.6,34.0,2.3,287.8
Indre,2022,9,17.1,89.0,2.5,187.1
Indre,2022,10,16.9,59.1,2.5,134.3
Indre,2022,11,10.2,60.7,3.0,81.5
Indre,2022,12,5.7,64.3,3.4,45.6
Indre,2023,1,5.6,72.1,4.0,41.1
Indre,2023,2,6.2,21.9,2.6,133.0
Indre,2023,3,9.5,98.9,3.9,130.7
Indre,2023,4,10.9,40.1,3.2,174.1
Indre,2023,5,15.2,62.3,2.8,254.1
Indre,2023,6,21.4,90.0,2.1,301.4
Indre,2023,7,20.7,40.3,3.1,252.4
Indre,2023,8,21.2,46.0,2.7,207.7
Indre,2023,9,21.4,58.4,2.1,244.6
Indre,2023,10,15.6,126.0,3.2,171.9
Indre,2023,11,9.5,123.1,4.1,78.2
Indre,2023,12,7.6,72.8,4.0,57.3
Indre,2024,1,5.5,48.8,3.4,74.2
Indre,2024,2,8.6,79.6,3.6,44.6
Indre,2024,3,10.0,125.5,3.3,147.1
Indre,2024,4,12.0,68.9,3.2,168.5
Indre,2024,5,14.6,154.4,2.7,173.6
Indre,2024,6,18.2,118.1,2.5,221.0
Indre,2024,7,21.1,50.5,2.4,246.1
Indre,2024,8,21.1,17.8,2.2,289.5
Indre,2024,9,15.8,143.6,3.1,138.2
Indre,2024,10,14.6,136.5,2.5,86.9
Indre,2024,11,9.7,58.5,3.2,51.8
Indre,2024,12,5.5,56.9,3.2,35.6
Indre-et-Loire,2018,1,8.1,119.3,4.4,32.6
Indre-et-Loire,2018,2,2.6,58.5,3.4,108.8
Indre-et-Loire,2018,3,7.9,90.3,3.8,105.9
Indre-et-Loire,2018,4,13.3,50.9,2.7,175.0
Indre-et-Loire,2018,5,15.9,44.2,2.4,276.3
Indre-et-Loire,2018,6,19.6,80.7,2.5,239.4
Indre-et-Loire,2018,7,22.5,57.5,2.2,293.7
Indre-et-Loire,2018,8,21.2,25.2,2.4,272.3
Indre-et-Loire,2018,9,17.6,15.6,2.5,238.5
Indre-et-Loire,2018,10,13.9,39.7,2.7,181.8
Indre-et-Loire,2018,11,8.3,99.8,2.9,71.7
Indre-et-Loire,2018,12,7.1,85.9,3.7,42.4
Indre-et-Loire,2019,1,4.4,47.5,3.0,70.1
Indre-et-Loire,2019,2,7.7,28.4,2.8,166.9
Indre-et-Loire,2019,3,9.6,50.1,4.1,190.5
Indre-et-Loire,2019,4,11.0,45.0,2.8,203.5
Indre-et-Loire,2019,5,13.3,46.8,2.9,218.0
Indre-et-Loire,2019,6,19.5,61.9,2.9,254.9
Indre-et-Loire,2019,7,22.3,13.3,2.9,341.2
Indre-et-Loire,2019,8,20.7,32.7,2.6,251.2
Indre-et-Loire,2019,9,17.4,33.3,3.3,221.1
Indre-et-Loire,2019,10,14.2,116.3,3.4,76.3
Indre-et-Loire,2019,11,8.3,130.0,3.5,62.2
Indre-et-Loire,2019,12,7.7,91.8,4.0,100.5
Indre-et-Loire,2020,1,7.1,43.2,3.8,94.0
Indre-et-Loire,2020,2,9.3,69.6,5.2,93.7
Indre-et-Loire,2020,3,9.2,71.8,4.0,168.9
Indre-et-Loire,2020,4,14.2,46.2,2.7,231.0
Indre-et-Loire,2020,5,16.0,57.1,3.0,313.0
Indre-et-Loire,2020,6,17.6,73.6,3.0,194.1
Indre-et-Loire,2020,7,20.3,9.0,2.8,302.6
Indre-et-Loire,2020,8,21.3,44.4,2.6,213.2
Indre-et-Loire,2020,9,18.5,47.9,2.6,221.2
Indre-et-Loire,2020,10,12.5,95.9,3.7,82.8
Indre-et-Loire,2020,11,10.0,21.1,2.6,130.6
Indre-et-Loire,2020,12,6.7,116.8,4.0,51.9
Indre-et-Loire,2021,1,4.5,89.7,3.4,72.5
Indre-et-Loire,2021,2,7.5,56.5,3.6,95.4
Indre-et-Loire,2021,3,8.2,19.1,3.2,201.2
Indre-et-Loire,2021,4,10.0,7.3,3.2,262.6
Indre-et-Loire,2021,5,13.1,94.0,3.9,210.0
Indre-et-Loire,2021,6,19.3,122.0,2.1,234.7
Indre-et-Loire,2021,7,19.5,60.8,3.1,222.2
Indre-et-Loire,2021,8,18.7,23.3,2.8,193.5
Indre-et-Loire,2021,9,19.3,33.9,2.3,197.9
Indre-et-Loire,2021,10,12.6,59.0,2.8,201.4
Indre-et-Loire,2021,11,6.5,37.5,2.6,106.2
Indre-et-Loire,2021,12,6.7,89.8,3.8,65.2
Indre-et-Loire,2022,1,4.4,34.2,2.8,60.0
Indre-et-Loire,2022,2,7.5,27.7,3.8,125.7
Indre-et-Loire,2022,3,9.8,18.7,2.9,158.3
Indre-et-Loire,2022,4,11.5,42.4,3.1,197.0
Indre-et-Loire,2022,5,17.0,15.9,2.5,291.0
Indre-et-Loire,2022,6,20.0,75.8,2.6,258.8
Indre-et-Loire,2022,7,22.1,8.0,2.6,363.1
Indre-et-Loire,2022,8,22.9,26.2,2.5,280.8
Indre-et-Loire,2022,9,17.2,64.8,2.6,183.3
Indre-et-Loire,2022,10,16.6,71.4,2.8,132.6
Indre-et-Loire,2022,11,10.2,63.6,3.4,93.8
Indre-et-Loire,2022,12,5.7,57.1,3.7,43.4
Indre-et-Loire,2023,1,6.2,74.8,4.1,54.5
Indre-et-Loire,2023,2,6.4,15.0,2.7,127.1
Indre-et-Loire,2023,3,9.5,90.2,4.2,134.0
Indre-et-Loire,2023,4,11.0,49.0,3.3,167.9
Indre-et-Loire,2023,5,15.5,48.6,3.2,269.8
Indre-et-Loire,2023,6,21.3,45.1,2.4,316.8
Indre-et-Loire,2023,7,20.4,57.9,3.3,250.6
Indre-et-Loire,2023,8,20.4,53.9,2.7,189.7
Indre-et-Loire,2023,9,20.7,58.9,2.2,224.0
Indre-et-Loire,2023,10,15.4,105.5,3.1,168.9
Indre-et-Loire,2023,11,9.8,90.5,4.1,89.1
Indre-et-Loire,2023,12,8.0,59.1,4.0,59.8
Indre-et-Loire,2024,1,5.5,55.5,3.5,70.8
Indre-et-Loire,2024,2,9.1,89.2,3.7,49.6
Indre-et-Loire,2024,3,9.8,91.8,3.2,140.7
Indre-et-Loire,2024,4,12.0,49.8,3.2,169.4
Indre-et-Loire,2024,5,14.8,125.5,2.9,167.0
Indre-et-Loire,2024,6,17.9,77.9,2.6,218.4
Indre-et-Loire,2024,7,20.7,28.6,2.5,221.2
Indre-et-Loire,2024,8,20.6,48.1,2.3,259.9
Indre-et-Loire,2024,9,15.9,93.7,3.0,137.8
Indre-et-Loire,2024,10,14.1,118.9,2.6,86.0
Indre-et-Loire,2024,11,9.1,58.2,3.1,44.1
Indre-et-Loire,2024,12,6.2,36.1,3.4,43.8
Isère,2018,1,2.8,197.3,2.4,90.0
Isère,2018,2,-2.5,57.7,2.1,100.9
Isère,2018,3,2.5,161.0,2.6,92.5
Isère,2018,4,9.6,38.6,2.6,207.7
Isère,2018,5,12.5,132.2,1.9,163.5
Isère,2018,6,16.2,80.6,2.0,260.3
Isère,2018,7,19.7,45.2,1.9,304.1
Isère,2018,8,18.9,86.6,1.9,255.3
Isère,2018,9,16.2,29.3,1.7,253.7
Isère,2018,10,10.8,118.0,2.1,185.1
Isère,2018,11,6.2,107.8,2.3,97.8
Isère,2018,12,2.6,133.1,1.9,98.3
Isère,2019,1,-2.2,77.3,2.7,117.4
Isère,2019,2,3.5,64.0,2.0,198.1
Isère,2019,3,4.4,69.5,2.4,209.9
Isère,2019,4,6.5,96.7,2.5,186.5
Isère,2019,5,9.5,118.4,2.6,203.0
Isère,2019,6,17.5,112.2,2.0,279.4
Isère,2019,7,19.7,72.8,1.9,284.9
Isère,2019,8,18.6,64.3,1.8,216.4
Isère,2019,9,15.4,40.2,1.8,221.6
Isère,2019,10,12.3,184.9,2.2,144.1
Isère,2019,11,4.4,178.9,2.0,90.7
Isère,2019,12,3.7,163.2,2.4,113.2
Isère,2020,1,2.7,46.0,1.9,134.4
Isère,2020,2,4.2,86.1,2.5,139.2
Isère,2020,3,4.6,86.9,2.1,195.6
Isère,2020,4,11.2,49.4,1.8,226.0
Isère,2020,5,13.6,109.1,2.0,255.1
Isère,2020,6,15.4,126.8,1.9,198.7
Isère,2020,7,19.5,29.7,1.9,300.1
Isère,2020,8,19.5,127.3,1.9,246.0
Isère,2020,9,15.3,69.5,1.5,203.0
Isère,2020,10,9.0,166.1,2.4,110.7
Isère,2020,11,7.3,32.0,1.7,157.3
Isère,2020,12,1.5,118.1,2.4,66.3
Isère,2021,1,-0.9,137.2,2.2,84.4
Isère,2021,2,5.2,67.5,2.4,135.9
Isère,2021,3,4.7,58.6,2.1,198.3
Isère,2021,4,6.9,68.5,2.2,198.6
Isère,2021,5,10.2,167.7,2.1,199.3
Isère,2021,6,17.6,103.2,2.0,231.1
Isère,2021,7,17.6,145.0,1.8,218.1
Isère,2021,8,16.9,70.6,1.7,264.4
Isère,2021,9,15.8,75.2,1.5,198.7
Isère,2021,10,10.0,126.9,2.1,199.6
Isère,2021,11,3.1,56.2,1.7,98.8
Isère,2021,12,1.7,181.5,1.8,117.8
Isère,2022,1,0.6,43.4,2.0,156.8
Isère,2022,2,2.8,71.3,2.3,169.3
Isère,2022,3,5.2,20.6,1.9,204.0
Isère,2022,4,6.7,73.2,2.1,211.5
Isère,2022,5,14.9,48.2,2.0,271.4
Isère,2022,6,18.9,77.8,2.2,269.3
Isère,2022,7,20.6,9.4,2.1,354.9
Isère,2022,8,20.1,103.9,1.8,281.7
Isère,2022,9,14.1,116.3,1.8,200.0
Isère,2022,10,14.4,106.7,1.9,168.0
Isère,2022,11,6.4,130.6,1.8,102.3
Isère,2022,12,3.1,115.2,1.9,86.1
Isère,2023,1,0.1,48.3,2.2,91.5
Isère,2023,2,2.9,4.8,1.8,176.4
Isère,2023,3,5.2,141.8,2.2,152.4
Isère,2023,4,6.8,91.9,2.0,152.5
Isère,2023,5,12.5,94.1,2.0,164.2
Isère,2023,6,17.7,118.3,1.8,250.3
Isère,2023,7,19.9,50.4,2.0,311.5
Isère,2023,8,19.7,100.4,2.0,254.6
Isère,2023,9,17.7,81.7,1.7,242.2
Isère,2023,10,13.5,194.0,2.2,167.7
Isère,2023,11,5.0,200.6,2.3,89.9
Isère,2023,12,3.4,165.7,2.1,103.8
Isère,2024,1,2.2,124.0,2.1,103.3
Isère,2024,2,5.1,72.5,2.3,121.5
Isère,2024,3,6.3,112.3,2.8,146.4
Isère,2024,4,8.4,59.2,2.8,173.7
Isère,2024,5,11.9,173.7,1.8,147.3
Isère,2024,6,16.3,131.7,2.2,184.0
Isère,2024,7,19.5,85.6,1.8,286.0
Isère,2024,8,20.4,63.6,1.7,284.9
Isère,2024,9,13.3,167.2,2.1,142.3
Isère,2024,10,12.5,161.1,2.0,131.3
Isère,2024,11,6.6,56.0,1.8,144.2
Isère,2024,12,1.4,124.4,2.0,125.0
Jura,2018,1,5.7,299.5,3.6,54.1
Jura,2018,2,0.1,75.8,2.7,92.9
Jura,2018,3,5.3,210.2,2.9,109.2
Jura,2018,4,12.5,62.6,2.7,188.5
Jura,2018,5,14.8,182.2,2.1,187.2
Jura,2018,6,18.2,75.8,2.5,229.0
Jura,2018,7,21.2,53.9,1.9,302.9
Jura,2018,8,20.6,79.1,2.2,288.2
Jura,2018,9,17.2,37.0,2.2,175.8
Jura,2018,10,11.9,47.5,2.3,159.3
Jura,2018,11,7.0,90.1,2.2,66.7
Jura,2018,12,4.2,235.0,2.7,35.8
Jura,2019,1,0.8,112.5,2.7,51.4
Jura,2019,2,5.0,51.8,2.3,177.4
Jura,2019,3,7.4,145.9,3.7,190.6
Jura,2019,4,9.4,114.1,2.6,202.3
Jura,2019,5,11.3,101.7,2.9,224.2
Jura,2019,6,19.1,119.2,2.2,188.0
Jura,2019,7,21.2,103.6,2.3,219.0
Jura,2019,8,19.5,128.7,2.0,142.2
Jura,2019,9,15.9,51.3,2.4,189.9
Jura,2019,10,12.9,221.2,2.7,73.9
Jura,2019,11,6.1,201.0,2.6,54.0
Jura,2019,12,5.2,198.7,3.2,57.5
Jura,2020,1,4.1,74.1,2.8,89.6
Jura,2020,2,6.7,151.7,4.1,99.0
Jura,2020,3,6.9,109.5,3.0,161.7
Jura,2020,4,12.4,60.6,2.3,249.6
Jura,2020,5,14.4,123.7,3.0,263.0
Jura,2020,6,17.0,115.8,2.2,159.5
Jura,2020,7,20.0,30.6,2.2,272.0
Jura,2020,8,20.9,85.7,2.2,234.2
Jura,2020,9,17.0,107.3,2.3,215.2
Jura,2020,10,10.3,225.3,3.2,48.3
Jura,2020,11,7.8,42.4,2.1,115.2
Jura,2020,12,3.9,201.1,3.2,39.3
Jura,2021,1,1.2,264.3,3.0,57.5
Jura,2021,2,6.2,85.8,3.2,122.4
Jura,2021,3,6.1,83.9,2.8,192.9
Jura,2021,4,8.1,65.2,3.2,223.6
Jura,2021,5,11.2,230.3,3.0,165.0
Jura,2021,6,18.9,147.0,2.2,206.9
Jura,2021,7,18.5,251.2,2.2,195.9
Jura,2021,8,17.5,78.6,2.1,207.5
Jura,2021,9,16.7,73.4,1.9,174.6
Jura,2021,10,10.5,140.3,2.6,179.2
Jura,2021,11,4.2,73.7,2.1,75.2
Jura,2021,12,3.0,212.3,2.6,69.0
Jura,2022,1,1.0,55.8,2.3,113.7
Jura,2022,2,5.0,98.4,3.1,129.3
Jura,2022,3,7.8,37.1,2.5,216.2
Jura,2022,4,9.2,91.5,3.0,211.5
Jura,2022,5,15.9,33.6,2.7,265.0
Jura,2022,6,19.7,142.0,2.5,228.2
Jura,2022,7,20.6,11.4,2.5,359.5
Jura,2022,8,21.2,59.5,2.3,276.1
Jura,2022,9,15.1,161.4,2.5,161.3
Jura,2022,10,15.2,109.4,2.7,148.1
Jura,2022,11,8.0,128.0,2.7,66.9
Jura,2022,12,4.4,120.7,3.1,47.2
Jura,2023,1,3.3,113.8,3.5,58.6
Jura,2023,2,4.2,11.6,2.2,145.6
Jura,2023,3,7.3,128.0,3.5,142.3
Jura,2023,4,8.8,112.1,2.9,147.0
Jura,2023,5,14.1,69.2,2.7,201.8
Jura,2023,6,19.2,100.8,2.1,283.0
Jura,2023,7,20.1,92.1,2.3,249.6
Jura,2023,8,20.1,67.7,2.3,205.4
Jura,2023,9,18.9,80.3,2.1,257.5
Jura,2023,10,13.8,218.6,3.0,162.6
Jura,2023,11,6.6,265.8,3.6,52.0
Jura,2023,12,4.9,180.5,3.0,62.0
Jura,2024,1,3.3,110.2,3.0,81.1
Jura,2024,2,6.9,94.0,3.0,71.2
Jura,2024,3,8.6,120.2,2.7,108.5
Jura,2024,4,9.7,138.5,3.2,137.4
Jura,2024,5,13.6,181.8,2.3,158.3
Jura,2024,6,17.5,123.4,2.5,175.6
Jura,2024,7,20.0,82.4,2.0,256.5
Jura,2024,8,20.8,96.8,1.9,296.8
Jura,2024,9,14.7,173.2,2.8,151.7
Jura,2024,10,13.2,180.4,2.4,119.8
Jura,2024,11,6.6,87.5,2.6,95.7
Jura,2024,12,2.0,133.0,2.2,77.6
La Réunion,2018,1,23.5,1028.5,3.6,125.4
La Réunion,2018,2,23.5,249.3,2.3,124.0
La Réunion,2018,3,23.1,765.4,3.6,126.6
La Réunion,2018,4,21.9,447.3,3.0,132.7
La Réunion,2018,5,20.2,94.1,2.8,177.0
La Réunion,2018,6,18.6,101.6,2.9,157.6
La Réunion,2018,7,17.2,124.1,3.4,175.7
La Réunion,2018,8,18.1,24.8,3.1,176.1
La Réunion,2018,9,18.8,95.5,3.0,172.2
La Réunion,2018,10,19.2,141.0,3.0,163.6
La Réunion,2018,11,21.1,181.2,2.6,157.5
La Réunion,2018,12,22.5,124.0,2.7,219.7
La Réunion,2019,1,24.1,297.6,3.0,197.6
La Réunion,2019,2,23.6,129.4,2.8,174.5
La Réunion,2019,3,23.7,97.6,2.6,200.9
La Réunion,2019,4,23.0,189.8,2.8,154.0
La Réunion,2019,5,20.5,107.8,2.8,147.7
La Réunion,2019,6,18.6,209.2,3.4,124.2
La Réunion,2019,7,18.1,121.9,3.2,167.0
La Réunion,2019,8,17.9,56.1,3.0,177.3
La Réunion,2019,9,18.4,86.7,3.0,149.7
La Réunion,2019,10,20.3,84.2,3.0,192.1
La Réunion,2019,11,21.6,161.6,2.7,174.1
La Réunion,2019,12,23.4,335.5,3.3,217.8
La Réunion,2020,1,22.8,388.6,2.8,137.3
La Réunion,2020,2,23.0,195.4,3.1,162.3
La Réunion,2020,3,23.4,356.3,3.0,144.8
La Réunion,2020,4,21.6,184.0,3.1,157.0
La Réunion,2020,5,19.6,79.6,2.9,161.1
La Réunion,2020,6,17.9,90.1,3.4,153.5
La Réunion,2020,7,17.2,64.8,3.4,149.8
La Réunion,2020,8,17.3,40.8,3.1,177.9
La Réunion,2020,9,17.9,69.7,3.2,165.8
La Réunion,2020,10,19.6,71.4,2.9,172.6
La Réunion,2020,11,19.9,52.2,3.0,181.2
La Réunion,2020,12,22.3,177.6,3.1,182.6
La Réunion,2021,1,23.2,239.4,2.8,193.7
La Réunion,2021,2,23.4,168.9,2.8,157.0
La Réunion,2021,3,23.0,312.2,2.8,164.0
La Réunion,2021,4,22.4,470.2,2.8,93.6
La Réunion,2021,5,20.2,68.9,2.9,174.4
La Réunion,2021,6,18.3,194.6,3.1,138.7
La Réunion,2021,7,17.5,148.5,3.4,145.5
La Réunion,2021,8,17.4,190.3,3.2,149.5
La Réunion,2021,9,18.2,59.3,3.4,187.7
La Réunion,2021,10,19.8,112.6,2.8,167.2
La Réunion,2021,11,21.4,49.8,2.7,198.9
La Réunion,2021,12,22.7,242.1,3.1,189.5
La Réunion,2022,1,23.2,404.6,3.0,159.9
La Réunion,2022,2,23.4,793.6,4.4,127.9
La Réunion,2022,3,23.6,293.9,2.8,149.1
La Réunion,2022,4,22.2,557.4,3.1,132.7
La Réunion,2022,5,20.1,104.6,3.0,169.5
La Réunion,2022,6,17.8,122.4,3.3,147.5
La Réunion,2022,7,17.1,82.2,3.5,138.3
La Réunion,2022,8,17.6,60.5,3.0,154.9
La Réunion,2022,9,18.0,81.0,3.2,150.2
La Réunion,2022,10,18.9,27.8,2.9,179.8
La Réunion,2022,11,20.3,37.6,2.9,190.7
La Réunion,2022,12,22.2,138.1,2.9,181.0
La Réunion,2023,1,22.9,390.7,2.8,153.0
La Réunion,2023,2,23.2,183.8,3.2,172.0
La Réunion,2023,3,22.9,233.3,2.7,165.9
La Réunion,2023,4,22.6,180.6,2.5,131.6
La Réunion,2023,5,21.1,137.0,2.6,150.7
La Réunion,2023,6,19.0,67.2,2.9,144.2
La Réunion,2023,7,18.1,190.2,3.0,154.8
La Réunion,2023,8,18.6,168.4,3.0,125.2
La Réunion,2023,9,19.4,42.0,2.9,171.9
La Réunion,2023,10,20.8,60.2,2.7,181.3
La Réunion,2023,11,21.3,276.1,3.0,161.2
La Réunion,2023,12,22.8,160.9,2.6,171.6
La Réunion,2024,1,23.7,1023.5,3.6,136.8
La Réunion,2024,2,23.0,328.4,3.2,150.6
La Réunion,2024,3,22.7,220.2,2.9,152.6
La Réunion,2024,4,22.3,196.9,2.6,137.8
La Réunion,2024,5,19.8,129.1,3.4,151.2
La Réunion,2024,6,18.1,144.9,3.3,128.6
La Réunion,2024,7,17.5,27.0,2.8,172.2
La Réunion,2024,8,17.4,51.2,3.3,172.4
La Réunion,2024,9,18.5,59.9,2.9,166.1
La Réunion,2024,10,19.3,86.3,3.1,176.3
La Réunion,2024,11,21.6,128.7,3.0,187.8
La Réunion,2024,12,22.5,55.5,2.8,227.0
Landes,2018,1,9.3,190.5,3.7,62.9
Landes,2018,2,5.3,95.0,2.6,101.7
Landes,2018,3,9.7,142.3,4.1,134.8
Landes,2018,4,14.2,81.4,2.8,163.0
Landes,2018,5,16.0,108.1,2.6,173.4
Landes,2018,6,20.3,115.1,2.5,210.4
Landes,2018,7,23.0,80.0,2.2,278.8
Landes,2018,8,22.4,39.8,2.3,287.1
Landes,2018,9,20.4,29.0,2.0,260.2
Landes,2018,10,14.5,65.3,2.1,147.8
Landes,2018,11,10.6,73.3,2.3,102.8
Landes,2018,12,9.6,75.4,2.4,49.4
Landes,2019,1,5.7,140.5,2.6,70.7
Landes,2019,2,9.9,41.8,2.4,189.7
Landes,2019,3,11.0,40.7,3.0,218.5
Landes,2019,4,12.8,128.2,3.1,171.7
Landes,2019,5,14.5,82.7,3.0,211.2
Landes,2019,6,20.2,96.2,2.8,232.5
Landes,2019,7,22.8,69.8,2.4,285.3
Landes,2019,8,21.8,62.8,2.0,255.4
Landes,2019,9,19.4,40.1,2.2,226.8
Landes,2019,10,16.6,121.1,2.5,128.4
Landes,2019,11,10.0,388.4,3.7,50.5
Landes,2019,12,9.7,125.2,3.2,79.6
Landes,2020,1,8.5,55.5,2.3,102.8
Landes,2020,2,11.1,44.5,2.8,137.1
Landes,2020,3,10.4,120.9,2.8,156.7
Landes,2020,4,15.5,100.3,2.5,166.3
Landes,2020,5,18.2,145.9,2.6,262.5
Landes,2020,6,18.7,94.9,2.6,217.0
Landes,2020,7,21.4,13.0,2.3,294.9
Landes,2020,8,22.6,58.0,2.3,247.9
Landes,2020,9,19.6,123.9,2.5,223.2
Landes,2020,10,14.0,281.7,3.1,124.5
Landes,2020,11,11.8,24.1,1.9,158.1
Landes,2020,12,8.5,351.0,3.6,64.2
Landes,2021,1,6.1,176.1,2.9,77.0
Landes,2021,2,11.2,64.8,2.9,89.5
Landes,2021,3,10.5,21.5,2.5,202.3
Landes,2021,4,12.1,34.6,2.7,231.4
Landes,2021,5,14.6,102.9,2.8,217.7
Landes,2021,6,19.9,116.9,2.5,219.9
Landes,2021,7,20.4,47.8,2.3,199.6
Landes,2021,8,20.3,25.1,2.2,237.8
Landes,2021,9,20.2,81.4,2.1,181.6
Landes,2021,10,14.5,56.2,2.1,199.4
Landes,2021,11,8.6,121.8,2.0,88.1
Landes,2021,12,9.0,162.5,2.7,108.7
Landes,2022,1,5.9,58.5,2.0,139.5
Landes,2022,2,9.3,49.6,2.7,133.9
Landes,2022,3,11.3,58.8,2.7,115.5
Landes,2022,4,12.5,63.0,2.9,127.7
Landes,2022,5,18.6,28.2,2.5,242.1
Landes,2022,6,21.4,82.4,2.4,225.3
Landes,2022,7,23.3,4.5,2.4,341.9
Landes,2022,8,24.2,31.8,2.5,259.4
Landes,2022,9,19.6,95.9,2.6,229.4
Landes,2022,10,19.1,23.8,2.3,124.8
Landes,2022,11,12.1,184.1,2.9,113.7
Landes,2022,12,9.5,74.9,2.2,102.1
Landes,2023,1,7.0,140.4,2.6,85.6
Landes,2023,2,7.1,39.2,2.0,176.2
Landes,2023,3,12.3,72.3,3.0,155.3
Landes,2023,4,13.6,88.4,2.9,202.4
Landes,2023,5,16.8,79.0,2.7,243.2
Landes,2023,6,21.5,116.1,2.2,211.3
Landes,2023,7,21.9,26.2,2.4,223.2
Landes,2023,8,22.8,48.1,2.8,259.1
Landes,2023,9,21.8,124.3,2.3,230.7
Landes,2023,10,18.2,175.4,2.9,179.9
Landes,2023,11,12.0,270.5,3.4,93.2
Landes,2023,12,9.1,117.8,2.7,80.6
Landes,2024,1,8.4,48.6,2.3,94.3
Landes,2024,2,10.3,155.1,3.1,77.1
Landes,2024,3,12.0,154.6,3.0,155.9
Landes,2024,4,13.6,61.5,2.9,206.1
Landes,2024,5,15.8,124.5,2.8,187.2
Landes,2024,6,19.2,124.3,2.5,196.8
Landes,2024,7,21.9,29.2,2.5,239.1
Landes,2024,8,22.1,57.1,2.1,242.2
Landes,2024,9,17.5,168.6,2.5,161.8
Landes,2024,10,16.4,144.2,2.3,119.8
Landes,2024,11,12.4,77.9,2.4,141.9
Landes,2024,12,8.0,91.2,2.6,77.9
Loir-et-Cher,2018,1,7.5,127.4,4.5,24.7
Loir-et-Cher,2018,2,1.6,61.6,3.3,114.6
Loir-et-Cher,2018,3,7.5,87.1,3.9,109.1
Loir-et-Cher,2018,4,12.9,64.2,2.8,169.3
Loir-et-Cher,2018,5,15.6,50.6,2.4,275.9
Loir-et-Cher,2018,6,19.2,59.4,2.6,235.9
Loir-et-Cher,2018,7,22.1,65.5,2.2,283.9
Loir-et-Cher,2018,8,20.9,20.8,2.4,267.1
Loir-et-Cher,2018,9,17.1,11.5,2.6,240.8
Loir-et-Cher,2018,10,13.6,38.9,2.9,182.8
Loir-et-Cher,2018,11,7.8,78.1,3.1,70.1
Loir-et-Cher,2018,12,6.4,84.4,3.9,49.0
Loir-et-Cher,2019,1,3.7,52.9,2.9,53.6
Loir-et-Cher,2019,2,7.2,27.9,2.8,159.9
Loir-et-Cher,2019,3,9.0,51.2,4.3,189.6
Loir-et-Cher,2019,4,10.6,35.2,2.9,209.3
Loir-et-Cher,2019,5,12.5,50.4,2.8,207.9
Loir-et-Cher,2019,6,19.1,65.8,2.9,267.7
Loir-et-Cher,2019,7,21.7,7.9,2.8,345.8
Loir-et-Cher,2019,8,20.4,32.5,2.7,252.1
Loir-et-Cher,2019,9,16.8,36.9,3.3,215.4
Loir-et-Cher,2019,10,13.6,116.1,3.6,83.8
Loir-et-Cher,2019,11,7.9,119.9,3.6,59.4
Loir-et-Cher,2019,12,7.0,88.4,4.2,83.4
Loir-et-Cher,2020,1,6.5,39.0,3.9,92.2
Loir-et-Cher,2020,2,8.7,76.7,5.5,99.1
Loir-et-Cher,2020,3,8.5,62.3,4.1,167.4
Loir-et-Cher,2020,4,13.7,34.4,2.6,240.4
Loir-et-Cher,2020,5,15.3,58.5,3.1,317.3
Loir-et-Cher,2020,6,17.4,61.0,3.0,199.7
Loir-et-Cher,2020,7,20.0,10.7,2.9,298.4
Loir-et-Cher,2020,8,21.0,37.8,2.7,223.7
Loir-et-Cher,2020,9,18.1,34.5,2.6,216.2
Loir-et-Cher,2020,10,12.0,101.1,3.8,73.6
Loir-et-Cher,2020,11,9.4,15.1,2.6,127.2
Loir-et-Cher,2020,12,6.3,115.8,4.0,46.3
Loir-et-Cher,2021,1,4.2,83.0,3.5,62.2
Loir-et-Cher,2021,2,6.8,47.5,3.6,107.2
Loir-et-Cher,2021,3,7.7,22.2,3.3,203.5
Loir-et-Cher,2021,4,9.2,17.8,3.2,256.9
Loir-et-Cher,2021,5,12.6,103.0,3.8,207.8
Loir-et-Cher,2021,6,19.2,90.0,2.1,227.3
Loir-et-Cher,2021,7,19.2,92.8,3.0,216.6
Loir-et-Cher,2021,8,18.2,23.3,2.8,186.5
Loir-et-Cher,2021,9,18.1,73.5,2.3,196.0
Loir-et-Cher,2021,10,11.9,52.5,2.9,188.6
Loir-et-Cher,2021,11,6.1,43.8,2.6,98.0
Loir-et-Cher,2021,12,6.3,82.6,3.7,62.8
Loir-et-Cher,2022,1,4.1,33.0,2.9,50.1
Loir-et-Cher,2022,2,6.9,29.9,3.9,126.0
Loir-et-Cher,2022,3,9.3,22.7,2.9,162.7
Loir-et-Cher,2022,4,11.1,41.9,3.2,194.5
Loir-et-Cher,2022,5,16.5,18.1,2.6,292.8
Loir-et-Cher,2022,6,19.5,96.5,2.6,256.4
Loir-et-Cher,2022,7,21.3,15.1,2.5,358.2
Loir-et-Cher,2022,8,22.3,27.9,2.6,285.6
Loir-et-Cher,2022,9,16.6,79.1,2.6,193.6
Loir-et-Cher,2022,10,15.9,86.9,2.8,134.7
Loir-et-Cher,2022,11,9.5,58.9,3.4,83.3
Loir-et-Cher,2022,12,5.0,54.2,3.6,33.4
Loir-et-Cher,2023,1,5.8,75.9,4.3,51.0
Loir-et-Cher,2023,2,6.1,7.3,2.7,121.8
Loir-et-Cher,2023,3,9.1,84.2,4.4,124.9
Loir-et-Cher,2023,4,10.4,47.1,3.4,169.4
Loir-et-Cher,2023,5,15.2,43.5,3.3,267.6
Loir-et-Cher,2023,6,20.9,45.0,2.6,321.7
Loir-et-Cher,2023,7,20.1,74.0,3.3,237.3
Loir-et-Cher,2023,8,20.0,55.4,2.8,179.8
Loir-et-Cher,2023,9,20.3,62.2,2.4,230.7
Loir-et-Cher,2023,10,14.8,91.7,3.3,165.5
Loir-et-Cher,2023,11,9.3,97.3,4.3,75.2
Loir-et-Cher,2023,12,7.6,59.3,4.3,50.7
Loir-et-Cher,2024,1,4.9,54.3,3.7,57.2
Loir-et-Cher,2024,2,8.6,81.3,3.9,41.0
Loir-et-Cher,2024,3,9.5,100.6,3.4,143.2
Loir-et-Cher,2024,4,11.6,57.4,3.3,162.2
Loir-et-Cher,2024,5,14.6,125.8,2.7,148.7
Loir-et-Cher,2024,6,17.5,90.9,2.6,217.2
Loir-et-Cher,2024,7,20.2,41.9,2.5,220.4
Loir-et-Cher,2024,8,20.2,60.5,2.4,265.7
Loir-et-Cher,2024,9,15.6,103.8,3.2,134.4
Loir-et-Cher,2024,10,13.9,124.4,2.7,82.8
Loir-et-Cher,2024,11,8.3,57.8,3.1,27.0
Loir-et-Cher,2024,12,5.7,42.4,3.4,28.4
Loire,2018,1,6.4,124.0,3.7,54.8
Loire,2018,2,0.1,39.8,2.9,65.9
Loire,2018,3,6.3,91.2,3.7,117.1
Loire,2018,4,12.6,42.4,3.4,204.6
Loire,2018,5,14.5,128.6,2.8,152.3
Loire,2018,6,18.0,68.6,2.7,246.0
Loire,2018,7,21.4,73.8,2.6,327.6
Loire,2018,8,21.0,35.5,2.7,281.4
Loire,2018,9,17.7,20.7,2.6,261.4
Loire,2018,10,12.3,73.7,3.3,160.6
Loire,2018,11,7.7,64.9,3.0,73.7
Loire,2018,12,5.0,54.9,3.0,72.8
Loire,2019,1,1.1,42.8,3.5,63.7
Loire,2019,2,6.0,33.6,2.9,192.5
Loire,2019,3,7.8,37.1,3.9,195.3
Loire,2019,4,9.4,80.3,3.5,178.2
Loire,2019,5,11.7,47.2,3.6,198.9
Loire,2019,6,19.3,79.0,2.8,275.1
Loire,2019,7,22.0,71.3,2.8,306.7
Loire,2019,8,20.1,128.1,2.3,288.2
Loire,2019,9,16.4,27.5,2.8,230.6
Loire,2019,10,13.4,140.5,3.0,120.8
Loire,2019,11,6.4,96.6,3.2,81.8
Loire,2019,12,6.2,79.7,3.8,103.2
Loire,2020,1,4.9,21.1,2.8,99.8
Loire,2020,2,7.3,28.8,3.8,142.5
Loire,2020,3,7.2,38.6,3.0,179.0
Loire,2020,4,12.8,42.5,2.7,233.6
Loire,2020,5,14.5,80.2,2.9,266.4
Loire,2020,6,17.0,117.9,2.7,221.2
Loire,2020,7,20.8,27.6,2.7,317.0
Loire,2020,8,21.1,58.6,2.7,245.4
Loire,2020,9,17.1,78.7,2.8,218.2
Loire,2020,10,10.4,95.7,3.4,92.5
Loire,2020,11,8.6,15.8,2.6,131.9
Loire,2020,12,4.5,102.5,3.5,57.2
Loire,2021,1,1.6,76.5,3.5,44.0
Loire,2021,2,7.0,34.0,3.4,119.3
Loire,2021,3,6.5,35.0,3.3,110.4
Loire,2021,4,8.1,53.8,3.1,205.9
Loire,2021,5,11.4,145.2,3.0,205.9
Loire,2021,6,18.4,107.0,2.7,226.5
Loire,2021,7,18.1,132.9,2.5,203.6
Loire,2021,8,17.6,44.5,2.5,219.2
Loire,2021,9,17.0,99.5,2.2,192.8
Loire,2021,10,10.9,89.0,3.2,177.8
Loire,2021,11,4.7,40.4,2.7,55.9
Loire,2021,12,3.9,96.9,2.8,82.7
Loire,2022,1,2.1,29.1,3.0,91.4
Loire,2022,2,5.2,36.8,3.3,147.4
Loire,2022,3,7.7,22.7,3.1,185.2
Loire,2022,4,9.3,34.3,3.4,196.1
Loire,2022,5,16.2,24.5,3.0,269.1
Loire,2022,6,20.1,111.6,2.9,249.4
Loire,2022,7,21.2,5.0,3.0,360.7
Loire,2022,8,21.5,76.4,2.7,277.3
Loire,2022,9,15.4,106.7,2.6,190.1
Loire,2022,10,16.1,39.9,2.9,162.7
Loire,2022,11,8.3,71.0,2.8,84.3
Loire,2022,12,4.4,64.2,2.8,74.1
Loire,2023,1,2.8,37.0,3.6,42.9
Loire,2023,2,4.5,8.0,2.8,126.6
Loire,2023,3,7.7,75.2,3.5,145.4
Loire,2023,4,9.0,69.5,3.2,143.8
Loire,2023,5,13.5,85.0,3.1,182.5
Loire,2023,6,19.2,114.7,2.6,267.8
Loire,2023,7,20.7,52.8,2.6,278.8
Loire,2023,8,21.1,65.2,2.9,256.3
Loire,2023,9,19.7,49.1,2.6,263.6
Loire,2023,10,14.9,97.0,3.4,175.0
Loire,2023,11,7.0,96.3,3.7,87.5
Loire,2023,12,5.2,74.6,3.2,98.2
Loire,2024,1,3.8,46.3,3.0,84.4
Loire,2024,2,6.7,59.8,3.3,78.8
Loire,2024,3,8.3,130.8,3.8,147.6
Loire,2024,4,9.8,98.3,3.9,144.4
Loire,2024,5,12.9,133.6,2.6,150.3
Loire,2024,6,17.4,99.4,2.8,169.3
Loire,2024,7,20.4,69.7,2.4,257.9
Loire,2024,8,21.2,45.5,2.5,309.8
Loire,2024,9,14.4,144.8,3.3,145.0
Loire,2024,10,13.8,142.7,2.8,130.3
Loire,2024,11,8.1,51.9,2.8,128.4
Loire,2024,12,3.5,79.3,2.9,77.7
Loire-Atlantique,2018,1,9.0,109.5,5.6,48.8
Loire-Atlantique,2018,2,4.4,62.7,4.0,137.3
Loire-Atlantique,2018,3,8.4,112.4,4.9,124.9
Loire-Atlantique,2018,4,12.8,59.8,3.4,185.6
Loire-Atlantique,2018,5,15.8,32.8,3.2,274.2
Loire-Atlantique,2018,6,19.6,118.2,3.1,251.7
Loire-Atlantique,2018,7,21.6,54.2,3.0,308.8
Loire-Atlantique,2018,8,20.2,46.4,2.9,277.9
Loire-Atlantique,2018,9,17.5,11.5,3.1,256.3
Loire-Atlantique,2018,10,13.3,30.7,3.2,174.7
Loire-Atlantique,2018,11,9.2,137.6,4.0,113.6
Loire-Atlantique,2018,12,8.8,135.1,4.8,55.4
Loire-Atlantique,2019,1,6.0,36.8,3.3,71.8
Loire-Atlantique,2019,2,8.4,53.8,3.6,138.5
Loire-Atlantique,2019,3,10.0,61.1,5.1,185.4
Loire-Atlantique,2019,4,11.5,53.3,3.9,210.0
Loire-Atlantique,2019,5,13.7,40.8,3.6,239.5
Loire-Atlantique,2019,6,18.4,57.1,3.7,253.3
Loire-Atlantique,2019,7,21.5,16.2,3.6,350.0
Loire-Atlantique,2019,8,19.7,49.4,3.6,244.6
Loire-Atlantique,2019,9,17.6,70.4,4.2,219.4
Loire-Atlantique,2019,10,14.5,133.7,4.4,96.7
Loire-Atlantique,2019,11,8.9,189.5,4.6,84.7
Loire-Atlantique,2019,12,8.3,127.5,5.0,89.1
Loire-Atlantique,2020,1,8.3,115.7,4.4,53.2
Loire-Atlantique,2020,2,9.9,108.3,6.5,89.4
Loire-Atlantique,2020,3,9.8,85.9,4.8,177.4
Loire-Atlantique,2020,4,14.3,63.0,3.5,240.3
Loire-Atlantique,2020,5,16.5,35.7,3.8,307.6
Loire-Atlantique,2020,6,17.3,106.6,3.9,195.5
Loire-Atlantique,2020,7,19.3,8.6,3.6,318.3
Loire-Atlantique,2020,8,20.4,68.7,3.3,238.7
Loire-Atlantique,2020,9,18.1,60.3,3.0,205.0
Loire-Atlantique,2020,10,13.0,139.2,4.7,103.7
Loire-Atlantique,2020,11,10.8,50.4,3.5,156.4
Loire-Atlantique,2020,12,7.9,162.0,4.8,91.8
Loire-Atlantique,2021,1,5.7,100.3,4.1,64.0
Loire-Atlantique,2021,2,8.0,50.5,4.6,97.0
Loire-Atlantique,2021,3,9.0,19.8,3.8,213.4
Loire-Atlantique,2021,4,10.5,13.6,3.6,284.1
Loire-Atlantique,2021,5,13.5,89.7,5.3,214.2
Loire-Atlantique,2021,6,18.7,97.8,2.8,216.0
Loire-Atlantique,2021,7,19.3,62.7,4.0,218.1
Loire-Atlantique,2021,8,18.2,38.5,3.5,201.8
Loire-Atlantique,2021,9,18.9,33.4,3.1,229.1
Loire-Atlantique,2021,10,13.3,143.6,3.5,208.6
Loire-Atlantique,2021,11,7.6,35.2,2.8,120.2
Loire-Atlantique,2021,12,7.9,95.4,4.9,70.4
Loire-Atlantique,2022,1,6.1,54.8,3.1,60.1
Loire-Atlantique,2022,2,8.5,34.9,4.4,96.6
Loire-Atlantique,2022,3,10.6,36.9,3.7,160.5
Loire-Atlantique,2022,4,12.2,46.9,3.6,224.4
Loire-Atlantique,2022,5,16.7,41.7,3.1,282.0
Loire-Atlantique,2022,6,19.3,58.5,3.6,257.4
Loire-Atlantique,2022,7,21.9,7.9,3.3,366.5
Loire-Atlantique,2022,8,22.7,40.5,3.2,262.2
Loire-Atlantique,2022,9,17.7,46.8,3.4,197.9
Loire-Atlantique,2022,10,16.7,62.3,3.8,127.3
Loire-Atlantique,2022,11,11.5,144.6,4.9,120.9
Loire-Atlantique,2022,12,6.2,120.0,4.6,58.3
Loire-Atlantique,2023,1,7.3,99.8,4.5,80.3
Loire-Atlantique,2023,2,7.2,18.1,2.9,135.1
Loire-Atlantique,2023,3,10.2,116.1,5.4,127.3
Loire-Atlantique,2023,4,11.5,55.4,3.9,176.4
Loire-Atlantique,2023,5,16.0,32.5,3.8,275.9
Loire-Atlantique,2023,6,21.1,31.1,3.1,303.0
Loire-Atlantique,2023,7,19.3,49.0,4.2,232.5
Loire-Atlantique,2023,8,19.9,53.6,3.6,217.2
Loire-Atlantique,2023,9,20.7,71.7,2.9,207.6
Loire-Atlantique,2023,10,15.8,170.2,4.2,162.0
Loire-Atlantique,2023,11,10.8,142.1,5.0,88.6
Loire-Atlantique,2023,12,9.2,110.3,4.9,65.9
Loire-Atlantique,2024,1,6.7,100.5,4.2,96.6
Loire-Atlantique,2024,2,10.3,121.3,4.5,65.1
Loire-Atlantique,2024,3,10.2,102.4,4.2,126.3
Loire-Atlantique,2024,4,12.0,83.6,4.2,176.7
Loire-Atlantique,2024,5,15.1,99.1,3.8,166.7
Loire-Atlantique,2024,6,17.4,85.3,3.2,241.8
Loire-Atlantique,2024,7,19.4,59.2,3.3,204.2
Loire-Atlantique,2024,8,19.6,53.4,3.1,229.9
Loire-Atlantique,2024,9,15.8,91.1,3.4,152.8
Loire-Atlantique,2024,10,14.4,140.8,3.1,101.8
Loire-Atlantique,2024,11,10.2,77.1,4.0,50.4
Loire-Atlantique,2024,12,7.6,37.8,3.9,61.8
Loiret,2018,1,7.5,132.3,4.3,25.6
Loiret,2018,2,1.4,66.2,3.5,123.6
Loiret,2018,3,7.5,73.2,3.7,94.6
Loiret,2018,4,13.2,67.9,2.8,167.5
Loiret,2018,5,15.9,67.0,2.5,268.1
Loiret,2018,6,19.2,69.4,2.6,243.4
Loiret,2018,7,22.4,42.9,2.1,279.2
Loiret,2018,8,21.2,13.8,2.3,265.6
Loiret,2018,9,17.1,14.1,2.5,242.0
Loiret,2018,10,13.7,33.0,2.9,183.4
Loiret,2018,11,8.0,62.0,3.0,72.8
Loiret,2018,12,6.3,80.2,3.6,57.5
Loiret,2019,1,3.4,46.1,3.0,47.8
Loiret,2019,2,7.1,28.2,2.7,161.8
Loiret,2019,3,9.0,56.1,4.1,178.6
Loiret,2019,4,10.8,31.7,2.9,216.1
Loiret,2019,5,12.6,54.9,2.8,215.6
Loiret,2019,6,19.4,73.8,2.8,275.8
Loiret,2019,7,21.6,16.5,2.8,350.9
Loiret,2019,8,20.7,35.7,2.5,260.2
Loiret,2019,9,16.7,31.9,3.2,213.5
Loiret,2019,10,13.7,108.0,3.5,84.7
Loiret,2019,11,7.8,125.3,3.5,51.0
Loiret,2019,12,6.8,92.9,4.0,85.6
Loiret,2020,1,6.4,37.7,3.6,95.6
Loiret,2020,2,8.6,80.9,5.2,89.4
Loiret,2020,3,8.5,60.5,4.1,169.2
Loiret,2020,4,13.7,28.2,2.8,266.9
Loiret,2020,5,14.9,80.3,3.0,317.8
Loiret,2020,6,17.5,46.1,2.8,209.0
Loiret,2020,7,20.2,10.4,2.8,299.7
Loiret,2020,8,21.1,46.9,2.7,236.2
Loiret,2020,9,18.1,42.4,2.6,216.2
Loiret,2020,10,12.0,100.2,3.7,65.6
Loiret,2020,11,9.5,16.5,2.6,137.8
Loiret,2020,12,6.2,100.3,3.9,36.4
Loiret,2021,1,3.9,92.8,3.4,57.0
Loiret,2021,2,6.8,42.3,3.7,115.0
Loiret,2021,3,7.6,28.4,3.3,202.4
Loiret,2021,4,8.8,22.4,3.3,259.6
Loiret,2021,5,12.5,102.9,3.7,205.8
Loiret,2021,6,19.3,87.0,2.1,239.6
Loiret,2021,7,19.2,79.5,2.9,212.5
Loiret,2021,8,18.6,20.0,2.8,170.9
Loiret,2021,9,18.2,111.9,2.2,201.2
Loiret,2021,10,11.9,50.8,2.7,181.2
Loiret,2021,11,5.8,41.6,2.6,97.8
Loiret,2021,12,6.1,78.8,3.5,61.4
Loiret,2022,1,3.8,37.4,2.8,48.9
Loiret,2022,2,7.0,31.0,3.8,125.5
Loiret,2022,3,9.2,17.4,2.9,175.9
Loiret,2022,4,10.9,40.0,3.2,202.4
Loiret,2022,5,16.6,22.4,2.5,284.4
Loiret,2022,6,19.7,113.9,2.5,273.1
Loiret,2022,7,21.3,23.7,2.4,357.0
Loiret,2022,8,22.0,21.3,2.5,284.9
Loiret,2022,9,16.6,79.5,2.4,178.9
Loiret,2022,10,16.1,91.0,2.7,142.8
Loiret,2022,11,9.7,47.1,3.3,81.6
Loiret,2022,12,5.3,45.2,3.5,32.9
Loiret,2023,1,5.7,70.5,4.2,40.3
Loiret,2023,2,6.1,6.8,2.9,134.2
Loiret,2023,3,9.1,86.0,4.1,124.0
Loiret,2023,4,10.1,45.7,3.3,173.2
Loiret,2023,5,15.0,36.7,3.4,267.6
Loiret,2023,6,20.8,65.1,2.4,321.5
Loiret,2023,7,20.3,83.8,3.0,236.9
Loiret,2023,8,20.0,62.7,2.6,159.5
Loiret,2023,9,20.5,52.8,2.1,234.7
Loiret,2023,10,14.9,86.8,3.0,159.1
Loiret,2023,11,9.0,96.7,4.2,80.6
Loiret,2023,12,7.4,63.4,4.1,52.5
Loiret,2024,1,4.7,50.0,3.7,75.0
Loiret,2024,2,8.8,64.9,3.9,36.6
Loiret,2024,3,9.8,95.1,3.2,140.7
Loiret,2024,4,11.6,57.6,3.2,163.8
Loiret,2024,5,14.7,116.7,2.6,149.8
Loiret,2024,6,17.6,94.7,2.6,216.4
Loiret,2024,7,20.3,66.0,2.4,217.8
Loiret,2024,8,20.7,40.7,2.3,259.7
Loiret,2024,9,15.9,95.5,3.2,134.7
Loiret,2024,10,14.2,81.9,2.7,86.6
Loiret,2024,11,7.9,57.0,3.0,32.9
Loiret,2024,12,5.4,43.9,3.5,31.1
Lot,2018,1,7.5,196.9,3.0,27.6
Lot,2018,2,2.8,64.8,2.5,99.3
Lot,2018,3,7.9,121.1,3.3,123.5
Lot,2018,4,13.7,76.1,3.2,185.8
Lot,2018,5,15.4,105.1,2.1,169.6
Lot,2018,6,19.9,70.3,2.1,264.2
Lot,2018,7,22.7,56.5,2.0,322.4
Lot,2018,8,22.3,35.6,2.1,285.4
Lot,2018,9,19.5,20.7,2.0,262.7
Lot,2018,10,14.4,66.9,2.7,180.7
Lot,2018,11,9.6,67.3,2.5,111.9
Lot,2018,12,7.2,121.9,2.1,56.9
Lot,2019,1,2.8,95.6,2.6,70.1
Lot,2019,2,8.6,28.2,2.4,179.3
Lot,2019,3,9.6,45.9,3.0,207.4
Lot,2019,4,11.3,94.2,2.9,148.4
Lot,2019,5,13.2,85.0,2.6,199.8
Lot,2019,6,20.0,50.5,2.3,248.2
Lot,2019,7,23.5,40.8,2.2,311.7
Lot,2019,8,21.8,48.8,1.9,285.1
Lot,2019,9,18.7,31.7,2.3,223.9
Lot,2019,10,14.9,148.4,2.4,109.8
Lot,2019,11,7.8,173.8,2.7,59.0
Lot,2019,12,7.9,150.7,3.1,94.9
Lot,2020,1,6.7,60.3,2.6,96.1
Lot,2020,2,8.6,68.1,2.8,126.4
Lot,2020,3,9.1,83.8,2.8,164.8
Lot,2020,4,14.3,78.8,2.6,191.8
Lot,2020,5,17.2,54.6,2.4,277.3
Lot,2020,6,17.6,109.1,2.1,217.7
Lot,2020,7,21.7,9.5,2.2,299.9
Lot,2020,8,22.3,87.3,2.2,252.6
Lot,2020,9,18.3,84.4,2.2,227.0
Lot,2020,10,11.9,164.2,2.8,98.2
Lot,2020,11,11.0,37.6,2.4,171.7
Lot,2020,12,5.9,182.2,3.0,43.1
Lot,2021,1,3.5,143.1,2.5,77.3
Lot,2021,2,9.4,78.8,3.5,118.3
Lot,2021,3,8.8,30.4,2.9,207.7
Lot,2021,4,10.6,35.6,2.7,233.4
Lot,2021,5,13.2,124.3,2.4,205.8
Lot,2021,6,19.5,164.5,2.1,230.3
Lot,2021,7,19.7,97.7,1.9,218.6
Lot,2021,8,19.4,33.1,1.9,237.0
Lot,2021,9,18.8,177.7,1.8,176.0
Lot,2021,10,12.7,58.0,2.1,197.2
Lot,2021,11,7.0,67.3,2.0,82.1
Lot,2021,12,7.0,163.7,2.4,110.7
Lot,2022,1,3.7,49.2,1.9,146.0
Lot,2022,2,7.5,60.7,2.7,120.5
Lot,2022,3,10.2,81.5,3.7,157.9
Lot,2022,4,11.4,91.6,2.9,169.9
Lot,2022,5,17.9,30.3,2.2,289.1
Lot,2022,6,21.4,127.0,2.2,241.0
Lot,2022,7,23.5,2.2,2.3,375.8
Lot,2022,8,24.2,28.4,2.1,292.3
Lot,2022,9,18.5,69.7,2.2,205.1
Lot,2022,10,18.1,32.0,2.5,150.3
Lot,2022,11,10.5,112.3,2.4,103.3
Lot,2022,12,7.3,66.9,2.3,86.2
Lot,2023,1,4.7,82.3,2.8,45.6
Lot,2023,2,6.1,22.0,2.2,177.9
Lot,2023,3,10.0,118.9,3.0,146.5
Lot,2023,4,12.1,81.5,2.7,186.4
Lot,2023,5,16.0,76.3,2.3,205.4
Lot,2023,6,20.8,155.7,2.1,228.3
Lot,2023,7,21.6,42.4,2.1,281.5
Lot,2023,8,22.5,36.4,2.3,255.7
Lot,2023,9,21.5,52.9,2.4,249.5
Lot,2023,10,16.7,119.7,2.6,173.2
Lot,2023,11,9.1,208.9,2.8,84.4
Lot,2023,12,6.7,128.7,2.5,66.3
Lot,2024,1,6.3,46.3,2.3,77.8
Lot,2024,2,8.2,124.3,2.7,74.7
Lot,2024,3,10.4,113.4,2.9,152.9
Lot,2024,4,12.1,91.1,3.0,190.0
Lot,2024,5,14.5,173.0,2.1,152.4
Lot,2024,6,18.9,102.2,2.1,201.2
Lot,2024,7,21.8,51.5,2.0,289.9
Lot,2024,8,22.3,21.1,2.1,281.5
Lot,2024,9,16.0,141.0,2.4,143.5
Lot,2024,10,15.8,140.2,2.4,135.4
Lot,2024,11,10.9,61.7,2.4,143.0
Lot,2024,12,5.7,77.0,2.3,89.7
Lot-et-Garonne,2018,1,8.9,125.3,3.2,42.5
Lot-et-Garonne,2018,2,4.6,61.4,2.5,95.3
Lot-et-Garonne,2018,3,9.4,102.2,3.6,133.1
Lot-et-Garonne,2018,4,14.5,65.6,2.9,176.2
Lot-et-Garonne,2018,5,16.3,108.1,2.2,179.4
Lot-et-Garonne,2018,6,20.8,90.7,2.1,252.0
Lot-et-Garonne,2018,7,23.4,53.5,1.9,322.7
Lot-et-Garonne,2018,8,22.9,46.8,2.0,298.9
Lot-et-Garonne,2018,9,20.5,18.7,1.9,263.5
Lot-et-Garonne,2018,10,15.0,61.7,2.4,163.8
Lot-et-Garonne,2018,11,10.2,50.9,2.3,110.4
Lot-et-Garonne,2018,12,8.6,70.8,2.2,49.8
Lot-et-Garonne,2019,1,4.8,91.1,2.6,77.3
Lot-et-Garonne,2019,2,9.2,29.7,2.5,178.2
Lot-et-Garonne,2019,3,10.9,28.8,3.0,225.0
Lot-et-Garonne,2019,4,12.4,93.3,2.9,174.3
Lot-et-Garonne,2019,5,14.5,65.3,2.7,212.6
Lot-et-Garonne,2019,6,20.1,73.3,2.4,257.0
Lot-et-Garonne,2019,7,23.8,48.7,2.2,321.0
Lot-et-Garonne,2019,8,22.3,52.6,1.8,266.2
Lot-et-Garonne,2019,9,19.5,31.6,2.2,230.9
Lot-et-Garonne,2019,10,16.3,79.7,2.5,107.7
Lot-et-Garonne,2019,11,9.3,192.8,3.0,64.1
Lot-et-Garonne,2019,12,9.1,102.2,3.0,82.8
Lot-et-Garonne,2020,1,7.9,55.6,2.6,96.4
Lot-et-Garonne,2020,2,10.1,40.5,2.9,131.1
Lot-et-Garonne,2020,3,10.2,93.4,2.8,168.5
Lot-et-Garonne,2020,4,15.2,96.2,2.6,189.8
Lot-et-Garonne,2020,5,18.2,90.4,2.4,290.1
Lot-et-Garonne,2020,6,18.7,82.1,2.3,230.6
Lot-et-Garonne,2020,7,22.5,11.7,2.2,303.5
Lot-et-Garonne,2020,8,23.1,56.1,2.1,260.0
Lot-et-Garonne,2020,9,19.6,72.6,2.2,225.2
Lot-et-Garonne,2020,10,13.6,150.4,2.9,121.1
Lot-et-Garonne,2020,11,11.7,25.1,2.2,165.9
Lot-et-Garonne,2020,12,7.4,193.5,3.1,61.6
Lot-et-Garonne,2021,1,5.2,121.5,2.7,85.6
Lot-et-Garonne,2021,2,10.6,51.8,3.3,103.6
Lot-et-Garonne,2021,3,10.1,18.1,2.7,215.3
Lot-et-Garonne,2021,4,11.9,28.2,2.6,234.5
Lot-et-Garonne,2021,5,14.5,104.6,2.6,212.6
Lot-et-Garonne,2021,6,20.4,123.9,2.2,233.5
Lot-et-Garonne,2021,7,20.7,42.7,2.1,223.9
Lot-et-Garonne,2021,8,20.5,31.0,1.9,250.2
Lot-et-Garonne,2021,9,20.1,108.5,1.9,176.6
Lot-et-Garonne,2021,10,14.0,42.3,2.1,190.9
Lot-et-Garonne,2021,11,8.1,54.4,2.0,72.9
Lot-et-Garonne,2021,12,7.9,109.1,2.7,92.1
Lot-et-Garonne,2022,1,4.4,54.6,1.9,99.1
Lot-et-Garonne,2022,2,9.0,32.5,2.7,134.3
Lot-et-Garonne,2022,3,11.1,41.5,3.5,149.6
Lot-et-Garonne,2022,4,12.5,56.1,2.9,169.5
Lot-et-Garonne,2022,5,19.0,28.7,2.2,278.0
Lot-et-Garonne,2022,6,21.7,91.5,2.1,231.8
Lot-et-Garonne,2022,7,23.8,2.3,2.2,371.1
Lot-et-Garonne,2022,8,24.9,29.0,2.0,286.3
Lot-et-Garonne,2022,9,19.8,51.4,2.3,225.6
Lot-et-Garonne,2022,10,19.4,9.1,2.6,145.1
Lot-et-Garonne,2022,11,11.8,109.7,2.5,104.8
Lot-et-Garonne,2022,12,8.5,48.8,2.3,92.1
Lot-et-Garonne,2023,1,6.2,88.9,2.5,59.2
Lot-et-Garonne,2023,2,7.0,17.8,2.1,182.5
Lot-et-Garonne,2023,3,11.4,75.3,3.2,148.8
Lot-et-Garonne,2023,4,13.2,66.8,2.6,199.3
Lot-et-Garonne,2023,5,16.9,52.7,2.3,243.6
Lot-et-Garonne,2023,6,21.8,90.8,2.1,229.3
Lot-et-Garonne,2023,7,22.3,36.7,2.3,269.4
Lot-et-Garonne,2023,8,23.3,28.2,2.5,266.9
Lot-et-Garonne,2023,9,22.4,58.4,2.4,248.5
Lot-et-Garonne,2023,10,17.8,117.2,2.6,180.4
Lot-et-Garonne,2023,11,11.0,210.1,2.9,93.8
Lot-et-Garonne,2023,12,8.1,89.8,2.5,55.2
Lot-et-Garonne,2024,1,7.5,32.6,2.3,69.5
Lot-et-Garonne,2024,2,9.4,114.1,2.8,77.3
Lot-et-Garonne,2024,3,11.5,120.7,2.8,154.8
Lot-et-Garonne,2024,4,13.4,55.0,2.9,211.7
Lot-et-Garonne,2024,5,15.4,122.0,2.4,167.2
Lot-et-Garonne,2024,6,19.6,78.0,2.1,201.1
Lot-et-Garonne,2024,7,22.4,33.8,2.2,277.2
Lot-et-Garonne,2024,8,22.6,29.5,2.0,270.1
Lot-et-Garonne,2024,9,17.1,117.4,2.3,153.3
Lot-et-Garonne,2024,10,16.2,112.7,2.3,109.2
Lot-et-Garonne,2024,11,11.7,55.4,2.3,124.3
Lot-et-Garonne,2024,12,7.0,50.6,2.3,79.7
Lozère,2018,1,4.3,242.1,5.1,61.4
Lozère,2018,2,-1.1,50.7,4.3,99.2
Lozère,2018,3,4.0,150.8,4.6,109.1
Lozère,2018,4,9.9,147.9,4.3,183.1
Lozère,2018,5,12.1,193.8,3.6,140.9
Lozère,2018,6,16.3,79.8,3.6,261.0
Lozère,2018,7,19.7,70.3,3.3,320.3
Lozère,2018,8,19.1,54.0,3.6,273.1
Lozère,2018,9,16.5,9.0,3.3,266.2
Lozère,2018,10,10.6,199.8,4.9,145.8
Lozère,2018,11,6.5,236.7,4.2,73.1
Lozère,2018,12,4.6,60.2,4.4,99.1
Lozère,2019,1,-0.2,49.6,5.9,100.5
Lozère,2019,2,5.2,30.7,3.9,197.0
Lozère,2019,3,6.2,42.7,5.1,223.4
Lozère,2019,4,7.0,157.2,4.8,164.8
Lozère,2019,5,9.9,71.7,5.1,198.0
Lozère,2019,6,17.4,60.0,3.6,293.1
Lozère,2019,7,20.4,44.3,3.4,348.6
Lozère,2019,8,19.5,54.6,3.2,292.0
Lozère,2019,9,15.3,33.9,3.8,215.7
Lozère,2019,10,11.8,227.7,4.3,111.1
Lozère,2019,11,4.4,247.9,4.3,55.7
Lozère,2019,12,5.0,172.3,5.2,98.4
Lozère,2020,1,3.7,66.2,4.1,82.6
Lozère,2020,2,5.5,39.0,5.1,123.2
Lozère,2020,3,5.9,51.7,4.3,171.4
Lozère,2020,4,10.2,75.0,3.4,194.4
Lozère,2020,5,13.8,76.4,4.2,273.0
Lozère,2020,6,15.0,205.0,4.2,239.0
Lozère,2020,7,19.7,16.3,3.8,322.8
Lozère,2020,8,19.5,56.0,3.8,277.5
Lozère,2020,9,15.1,141.0,3.7,203.0
Lozère,2020,10,8.7,142.9,4.7,89.4
Lozère,2020,11,7.8,65.3,3.9,127.4
Lozère,2020,12,2.3,135.9,4.7,35.4
Lozère,2021,1,0.1,71.6,5.4,91.4
Lozère,2021,2,5.5,57.2,4.9,90.1
Lozère,2021,3,5.4,23.6,4.7,196.6
Lozère,2021,4,6.8,46.7,4.2,209.3
Lozère,2021,5,10.2,135.1,4.3,188.5
Lozère,2021,6,16.6,82.6,3.9,229.8
Lozère,2021,7,17.6,76.1,3.6,237.8
Lozère,2021,8,17.5,23.7,3.7,289.4
Lozère,2021,9,15.8,70.4,3.3,187.2
Lozère,2021,10,10.0,195.5,4.3,192.1
Lozère,2021,11,4.8,54.2,4.3,123.5
Lozère,2021,12,4.1,69.2,4.2,125.7
Lozère,2022,1,2.8,20.4,4.5,182.0
Lozère,2022,2,4.9,40.7,4.9,145.9
Lozère,2022,3,5.7,102.0,3.9,138.9
Lozère,2022,4,8.6,60.7,4.2,178.1
Lozère,2022,5,15.0,23.3,3.5,287.1
Lozère,2022,6,19.3,78.6,3.8,293.1
Lozère,2022,7,21.4,6.3,3.4,379.8
Lozère,2022,8,21.0,81.1,3.3,295.1
Lozère,2022,9,14.9,89.2,3.5,188.0
Lozère,2022,10,14.2,54.7,3.1,156.2
Lozère,2022,11,7.3,75.9,3.8,100.3
Lozère,2022,12,4.0,106.8,3.0,79.2
Lozère,2023,1,1.5,49.2,4.7,83.6
Lozère,2023,2,3.8,41.6,3.5,178.4
Lozère,2023,3,6.7,86.7,4.3,167.6
Lozère,2023,4,8.8,50.3,4.3,171.3
Lozère,2023,5,12.6,105.1,3.8,172.8
Lozère,2023,6,17.4,120.6,3.2,244.0
Lozère,2023,7,19.7,17.9,3.7,324.8
Lozère,2023,8,19.9,42.0,3.9,276.3
Lozère,2023,9,17.3,102.5,3.1,240.8
Lozère,2023,10,13.1,148.0,3.4,154.0
Lozère,2023,11,5.8,139.0,4.5,82.0
Lozère,2023,12,4.4,64.8,4.3,99.8
Lozère,2024,1,3.6,49.2,3.7,96.0
Lozère,2024,2,6.0,92.5,4.0,111.3
Lozère,2024,3,6.5,307.3,4.8,149.9
Lozère,2024,4,8.2,137.7,5.0,172.6
Lozère,2024,5,11.1,151.8,3.5,160.6
Lozère,2024,6,15.7,74.6,3.6,197.0
Lozère,2024,7,19.2,60.6,3.3,295.5
Lozère,2024,8,20.0,61.9,3.3,315.5
Lozère,2024,9,12.9,126.3,4.2,140.4
Lozère,2024,10,12.6,350.2,3.4,110.4
Lozère,2024,11,7.9,83.3,3.5,140.0
Lozère,2024,12,3.7,51.4,4.0,113.2
Maine-et-Loire,2018,1,8.6,89.1,4.3,54.6
Maine-et-Loire,2018,2,3.6,53.7,3.6,122.8
Maine-et-Loire,2018,3,8.2,93.4,3.9,102.1
Maine-et-Loire,2018,4,13.1,66.7,2.7,157.1
Maine-et-Loire,2018,5,15.9,51.1,2.6,248.4
Maine-et-Loire,2018,6,19.6,96.4,2.6,235.0
Maine-et-Loire,2018,7,22.3,47.6,2.2,287.2
Maine-et-Loire,2018,8,20.8,41.5,2.2,252.0
Maine-et-Loire,2018,9,17.7,9.2,2.5,250.7
Maine-et-Loire,2018,10,13.6,58.3,2.7,176.8
Maine-et-Loire,2018,11,8.9,118.9,3.0,104.4
Maine-et-Loire,2018,12,8.0,91.5,3.5,44.9
Maine-et-Loire,2019,1,5.2,37.3,2.8,66.6
Maine-et-Loire,2019,2,7.9,40.1,2.8,161.7
Maine-et-Loire,2019,3,9.8,53.0,4.0,190.0
Maine-et-Loire,2019,4,11.3,41.6,2.9,198.5
Maine-et-Loire,2019,5,13.8,34.8,2.9,210.4
Maine-et-Loire,2019,6,19.2,56.3,2.8,256.1
Maine-et-Loire,2019,7,22.2,15.2,2.8,340.7
Maine-et-Loire,2019,8,20.4,42.6,2.5,225.5
Maine-et-Loire,2019,9,17.5,43.2,3.2,208.2
Maine-et-Loire,2019,10,14.4,109.5,3.2,94.8
Maine-et-Loire,2019,11,8.5,135.3,3.2,73.6
Maine-et-Loire,2019,12,7.9,92.9,3.8,81.2
Maine-et-Loire,2020,1,7.6,64.0,3.7,79.9
Maine-et-Loire,2020,2,9.5,64.0,5.0,90.7
Maine-et-Loire,2020,3,9.3,81.8,4.0,168.9
Maine-et-Loire,2020,4,14.4,49.8,2.7,210.4
Maine-et-Loire,2020,5,16.3,54.1,3.2,315.8
Maine-et-Loire,2020,6,17.5,69.1,3.0,196.2
Maine-et-Loire,2020,7,19.9,4.8,2.8,300.3
Maine-et-Loire,2020,8,21.3,59.4,2.5,221.4
Maine-et-Loire,2020,9,18.5,67.4,2.5,209.7
Maine-et-Loire,2020,10,12.7,95.1,3.4,92.8
Maine-et-Loire,2020,11,10.4,30.1,2.7,142.4
Maine-et-Loire,2020,12,7.2,103.5,3.8,77.4
Maine-et-Loire,2021,1,4.9,85.8,3.2,56.0
Maine-et-Loire,2021,2,7.7,48.0,3.8,91.4
Maine-et-Loire,2021,3,8.5,17.5,3.2,206.8
Maine-et-Loire,2021,4,10.2,18.1,3.2,276.3
Maine-et-Loire,2021,5,13.3,81.3,3.8,207.0
Maine-et-Loire,2021,6,18.9,105.3,2.2,213.4
Maine-et-Loire,2021,7,19.5,53.5,3.0,224.2
Maine-et-Loire,2021,8,18.6,27.8,2.8,191.7
Maine-et-Loire,2021,9,18.9,24.7,2.4,217.4
Maine-et-Loire,2021,10,13.2,84.1,2.8,198.5
Maine-et-Loire,2021,11,7.0,40.3,2.5,115.7
Maine-et-Loire,2021,12,7.2,88.5,3.7,65.2
Maine-et-Loire,2022,1,5.1,40.9,2.7,55.4
Maine-et-Loire,2022,2,8.0,26.7,3.5,115.3
Maine-et-Loire,2022,3,10.3,23.7,3.3,159.0
Maine-et-Loire,2022,4,11.9,44.3,3.2,212.9
Maine-et-Loire,2022,5,16.9,24.2,2.6,271.5
Maine-et-Loire,2022,6,19.7,56.3,2.8,250.1
Maine-et-Loire,2022,7,22.2,8.8,2.6,362.8
Maine-et-Loire,2022,8,22.9,41.4,2.7,266.1
Maine-et-Loire,2022,9,17.4,57.2,2.7,182.6
Maine-et-Loire,2022,10,16.7,40.2,2.9,135.0
Maine-et-Loire,2022,11,10.9,87.8,3.4,117.5
Maine-et-Loire,2022,12,5.9,74.5,3.8,58.4
Maine-et-Loire,2023,1,6.6,77.4,3.8,73.0
Maine-et-Loire,2023,2,6.8,22.8,2.8,123.9
Maine-et-Loire,2023,3,9.9,96.6,4.2,137.3
Maine-et-Loire,2023,4,11.3,48.0,3.2,179.0
Maine-et-Loire,2023,5,15.8,45.6,3.4,269.9
Maine-et-Loire,2023,6,21.2,61.5,2.5,289.4
Maine-et-Loire,2023,7,20.0,44.2,3.3,220.5
Maine-et-Loire,2023,8,20.5,47.9,2.7,199.2
Maine-et-Loire,2023,9,20.7,79.0,2.2,210.0
Maine-et-Loire,2023,10,15.7,135.0,2.9,161.0
Maine-et-Loire,2023,11,10.3,102.6,3.7,92.9
Maine-et-Loire,2023,12,8.4,72.3,3.8,67.6
Maine-et-Loire,2024,1,6.0,70.5,3.6,84.5
Maine-et-Loire,2024,2,9.7,89.8,3.6,58.9
Maine-et-Loire,2024,3,9.8,89.7,3.2,128.2
Maine-et-Loire,2024,4,12.0,50.1,3.3,167.9
Maine-et-Loire,2024,5,15.0,93.4,2.9,181.3
Maine-et-Loire,2024,6,17.6,68.5,2.6,225.3
Maine-et-Loire,2024,7,20.1,48.5,2.5,202.8
Maine-et-Loire,2024,8,20.3,43.0,2.4,222.0
Maine-et-Loire,2024,9,16.0,87.6,2.9,145.5
Maine-et-Loire,2024,10,14.2,108.6,2.6,81.2
Maine-et-Loire,2024,11,9.3,64.9,3.2,39.7
Maine-et-Loire,2024,12,6.8,35.0,3.4,51.3
Manche,2018,1,7.9,175.8,7.6,44.4
Manche,2018,2,3.8,55.3,6.8,102.5
Manche,2018,3,7.0,114.1,6.0,79.2
Manche,2018,4,11.6,78.4,5.1,152.6
Manche,2018,5,13.6,39.3,4.2,269.2
Manche,2018,6,16.5,42.5,4.6,229.8
Manche,2018,7,19.4,35.6,4.1,323.1
Manche,2018,8,17.7,59.1,4.3,166.6
Manche,2018,9,15.6,39.1,5.3,190.1
Manche,2018,10,12.8,70.5,4.9,149.2
Manche,2018,11,8.8,78.4,6.4,99.2
Manche,2018,12,8.2,135.2,6.5,48.9
Manche,2019,1,5.4,68.5,5.5,46.5
Manche,2019,2,7.5,65.7,5.3,136.0
Manche,2019,3,9.0,74.0,5.9,128.6
Manche,2019,4,10.2,53.5,5.3,196.7
Manche,2019,5,12.1,52.8,4.5,237.0
Manche,2019,6,16.3,76.9,5.1,202.3
Manche,2019,7,18.7,24.6,4.4,305.1
Manche,2019,8,17.8,53.5,4.8,223.8
Manche,2019,9,15.8,77.9,6.0,146.5
Manche,2019,10,13.0,207.9,6.3,71.0
Manche,2019,11,8.3,183.6,6.6,52.2
Manche,2019,12,7.6,149.6,6.8,64.8
Manche,2020,1,7.3,100.4,6.2,61.1
Manche,2020,2,8.5,160.9,9.0,71.2
Manche,2020,3,8.1,79.2,7.0,145.8
Manche,2020,4,12.4,50.1,4.6,229.0
Manche,2020,5,13.7,27.5,4.9,316.7
Manche,2020,6,16.0,88.9,4.8,203.3
Manche,2020,7,17.2,21.6,4.9,242.8
Manche,2020,8,18.9,88.0,4.8,192.0
Manche,2020,9,16.6,58.0,4.9,178.2
Manche,2020,10,12.3,210.8,6.8,76.4
Manche,2020,11,10.6,57.5,5.9,84.2
Manche,2020,12,7.2,250.3,6.7,53.8
Manche,2021,1,5.4,142.5,5.9,51.8
Manche,2021,2,6.7,42.2,6.6,77.9
Manche,2021,3,8.0,37.7,5.6,158.2
Manche,2021,4,7.9,23.6,5.3,254.2
Manche,2021,5,11.7,104.2,6.5,204.7
Manche,2021,6,16.2,126.9,3.7,210.2
Manche,2021,7,18.0,80.7,4.7,228.1
Manche,2021,8,16.9,39.3,5.0,166.0
Manche,2021,9,17.1,50.8,4.6,179.5
Manche,2021,10,13.1,132.2,5.5,138.7
Manche,2021,11,8.5,63.2,5.2,64.3
Manche,2021,12,7.7,122.5,6.6,37.5
Manche,2022,1,6.2,71.0,5.0,59.7
Manche,2022,2,7.8,75.4,7.3,94.6
Manche,2022,3,9.7,36.0,5.5,168.7
Manche,2022,4,10.2,36.4,5.4,225.8
Manche,2022,5,14.3,39.5,4.3,237.9
Manche,2022,6,17.0,75.3,4.8,242.5
Manche,2022,7,19.4,3.6,4.1,310.4
Manche,2022,8,19.9,48.1,4.4,254.0
Manche,2022,9,16.2,101.0,4.9,143.1
Manche,2022,10,15.3,67.9,5.4,109.8
Manche,2022,11,10.7,175.3,7.2,90.7
Manche,2022,12,5.8,127.0,5.9,47.3
Manche,2023,1,6.8,105.2,6.9,50.7
Manche,2023,2,6.8,14.7,4.8,101.6
Manche,2023,3,9.2,129.2,7.0,75.6
Manche,2023,4,10.1,80.0,5.6,174.8
Manche,2023,5,13.5,36.0,5.4,272.1
Manche,2023,6,18.0,38.6,4.7,260.2
Manche,2023,7,17.8,104.3,5.6,193.4
Manche,2023,8,18.0,122.8,4.9,159.4
Manche,2023,9,18.9,77.8,4.5,174.6
Manche,2023,10,14.5,124.1,5.6,119.4
Manche,2023,11,9.8,198.0,7.4,52.6
Manche,2023,12,8.6,110.8,7.5,39.5
Manche,2024,1,5.5,108.8,6.4,88.6
Manche,2024,2,9.2,141.9,6.8,39.0
Manche,2024,3,9.2,65.4,5.8,123.2
Manche,2024,4,10.7,69.1,6.1,153.5
Manche,2024,5,14.0,85.9,4.6,204.0
Manche,2024,6,15.3,32.6,4.6,260.7
Manche,2024,7,17.7,58.3,4.4,186.2
Manche,2024,8,18.6,67.7,4.6,226.2
Manche,2024,9,15.2,110.3,5.4,113.0
Manche,2024,10,13.5,102.4,4.7,118.8
Manche,2024,11,9.4,100.2,5.3,45.2
Manche,2024,12,7.3,82.0,6.8,26.0
Marne,2018,1,6.6,147.8,4.8,33.7
Marne,2018,2,0.9,44.9,3.6,137.4
Marne,2018,3,6.0,85.2,3.8,90.6
Marne,2018,4,13.1,45.1,3.2,210.1
Marne,2018,5,16.1,54.8,2.8,284.1
Marne,2018,6,19.0,58.5,2.5,258.2
Marne,2018,7,22.5,24.7,2.5,316.6
Marne,2018,8,20.5,32.0,2.7,264.5
Marne,2018,9,16.3,18.4,2.7,239.3
Marne,2018,10,12.8,31.9,3.0,182.6
Marne,2018,11,7.4,64.9,3.5,100.1
Marne,2018,12,5.4,89.2,4.4,51.8
Marne,2019,1,2.7,54.2,3.7,47.1
Marne,2019,2,6.3,39.8,3.3,153.3
Marne,2019,3,8.4,63.8,4.9,155.3
Marne,2019,4,10.6,37.2,3.3,201.9
Marne,2019,5,12.3,92.6,3.0,209.8
Marne,2019,6,19.4,45.1,3.0,228.1
Marne,2019,7,20.7,19.9,2.9,306.9
Marne,2019,8,20.1,47.9,2.6,241.8
Marne,2019,9,16.1,32.3,3.5,190.6
Marne,2019,10,12.8,108.0,3.9,89.4
Marne,2019,11,6.8,97.8,4.0,65.4
Marne,2019,12,5.9,117.7,4.5,74.8
Marne,2020,1,5.3,46.4,4.0,97.0
Marne,2020,2,7.6,132.1,6.1,82.9
Marne,2020,3,7.7,63.3,4.8,179.8
Marne,2020,4,13.4,30.4,3.2,281.9
Marne,2020,5,14.2,47.5,3.2,305.3
Marne,2020,6,17.2,60.5,3.2,209.7
Marne,2020,7,19.4,7.7,3.1,268.6
Marne,2020,8,21.6,22.5,3.1,224.9
Marne,2020,9,17.7,47.2,2.9,195.4
Marne,2020,10,11.9,115.8,4.4,74.1
Marne,2020,11,8.4,25.1,3.1,114.7
Marne,2020,12,5.4,111.6,4.2,40.3
Marne,2021,1,3.2,119.3,3.9,49.2
Marne,2021,2,6.0,43.4,4.2,117.8
Marne,2021,3,7.2,43.0,3.7,181.5
Marne,2021,4,8.3,25.1,3.4,258.6
Marne,2021,5,12.0,74.3,4.1,178.0
Marne,2021,6,19.0,92.7,2.5,233.5
Marne,2021,7,18.8,125.2,3.1,190.2
Marne,2021,8,18.3,41.5,3.1,184.5
Marne,2021,9,17.3,50.0,2.4,212.8
Marne,2021,10,11.4,65.9,3.2,167.0
Marne,2021,11,5.5,44.6,2.9,74.9
Marne,2021,12,5.7,81.8,3.8,59.5
Marne,2022,1,3.6,63.9,3.4,71.8
Marne,2022,2,6.4,40.1,5.0,124.1
Marne,2022,3,8.3,23.8,3.3,223.3
Marne,2022,4,10.3,50.2,3.8,227.8
Marne,2022,5,16.3,15.9,2.8,285.1
Marne,2022,6,18.7,116.3,2.6,264.8
Marne,2022,7,20.5,12.0,2.7,347.8
Marne,2022,8,21.6,27.6,2.8,294.2
Marne,2022,9,15.8,70.5,2.8,190.3
Marne,2022,10,15.1,78.9,3.1,144.8
Marne,2022,11,8.6,51.8,3.9,73.8
Marne,2022,12,4.2,54.4,4.0,41.1
Marne,2023,1,5.1,63.3,5.0,49.2
Marne,2023,2,5.4,5.6,3.5,114.6
Marne,2023,3,8.1,93.3,4.8,109.4
Marne,2023,4,9.3,68.9,3.7,130.2
Marne,2023,5,14.5,37.5,3.6,246.5
Marne,2023,6,20.1,76.1,2.7,319.5
Marne,2023,7,19.5,77.8,3.3,206.8
Marne,2023,8,19.5,84.7,3.0,179.6
Marne,2023,9,19.4,31.2,2.6,215.2
Marne,2023,10,13.8,120.2,3.6,136.5
Marne,2023,11,8.2,117.3,4.9,60.5
Marne,2023,12,6.4,71.5,4.8,31.5
Marne,2024,1,3.5,67.5,4.2,76.2
Marne,2024,2,8.1,90.7,4.6,24.3
Marne,2024,3,9.3,74.1,3.8,119.9
Marne,2024,4,11.1,64.5,3.8,132.0
Marne,2024,5,15.0,83.8,2.8,146.1
Marne,2024,6,17.1,68.7,2.9,209.0
Marne,2024,7,19.5,103.5,2.5,212.9
Marne,2024,8,20.6,68.6,2.4,256.7
Marne,2024,9,16.2,87.0,3.6,144.6
Marne,2024,10,13.5,82.2,2.9,95.3
Marne,2024,11,7.3,50.2,3.6,48.2
Marne,2024,12,4.4,60.4,3.9,48.3
Martinique,2018,1,24.9,204.5,4.7,170.9
Martinique,2018,2,24.0,204.4,5.9,186.0
Martinique,2018,3,25.2,90.6,4.4,198.0
Martinique,2018,4,25.2,310.6,4.8,172.3
Martinique,2018,5,25.7,215.4,5.1,209.8
Martinique,2018,6,26.4,206.0,5.2,187.3
Martinique,2018,7,26.6,152.3,5.2,201.2
Martinique,2018,8,26.9,259.9,4.6,214.4
Martinique,2018,9,27.1,169.5,4.0,181.8
Martinique,2018,10,26.6,259.8,3.6,197.4
Martinique,2018,11,25.9,302.2,4.6,167.6
Martinique,2018,12,24.7,157.8,5.0,196.8
Martinique,2019,1,24.2,122.3,4.5,209.8
Martinique,2019,2,24.5,42.0,5.1,200.9
Martinique,2019,3,25.1,76.7,4.9,227.1
Martinique,2019,4,25.4,101.3,5.1,224.8
Martinique,2019,5,26.5,135.9,4.7,211.9
Martinique,2019,6,26.9,124.4,5.0,183.2
Martinique,2019,7,27.1,240.7,5.0,228.3
Martinique,2019,8,27.3,274.2,4.1,223.3
Martinique,2019,9,27.5,187.6,3.4,218.6
Martinique,2019,10,27.1,303.6,3.4,202.5
Martinique,2019,11,26.5,244.1,3.4,194.7
Martinique,2019,12,26.1,162.6,4.9,202.7
Martinique,2020,1,25.0,163.9,4.5,209.5
Martinique,2020,2,25.2,104.8,4.9,178.8
Martinique,2020,3,25.2,65.2,4.4,236.8
Martinique,2020,4,26.5,32.1,4.6,243.9
Martinique,2020,5,27.2,47.1,5.2,245.2
Martinique,2020,6,27.5,115.3,5.1,226.9
Martinique,2020,7,27.3,232.6,4.7,229.4
Martinique,2020,8,27.8,217.3,4.4,235.7
Martinique,2020,9,27.7,184.4,3.0,201.1
Martinique,2020,10,26.5,495.5,3.7,151.6
Martinique,2020,11,26.1,396.4,4.4,159.3
Martinique,2020,12,25.4,101.4,3.8,217.0
Martinique,2021,1,25.0,95.9,4.9,201.7
Martinique,2021,2,24.6,181.5,5.9,181.1
Martinique,2021,3,25.0,126.2,5.0,226.6
Martinique,2021,4,25.8,81.7,4.3,197.5
Martinique,2021,5,26.7,48.6,5.3,245.2
Martinique,2021,6,26.4,239.2,5.3,176.0
Martinique,2021,7,26.7,198.0,5.3,211.0
Martinique,2021,8,27.0,223.2,4.3,204.1
Martinique,2021,9,27.5,139.8,3.2,223.0
Martinique,2021,10,27.1,209.1,4.5,192.2
Martinique,2021,11,26.3,143.9,3.9,201.1
Martinique,2021,12,25.6,103.8,5.2,203.8
Martinique,2022,1,24.4,100.7,4.5,198.1
Martinique,2022,2,24.6,85.9,4.8,199.3
Martinique,2022,3,25.0,128.3,5.9,221.6
Martinique,2022,4,25.4,82.7,5.1,198.4
Martinique,2022,5,26.4,82.1,5.2,179.9
Martinique,2022,6,26.8,227.8,5.4,195.7
Martinique,2022,7,26.6,244.0,5.4,194.9
Martinique,2022,8,27.0,322.6,4.3,167.0
Martinique,2022,9,27.1,357.0,3.4,140.6
Martinique,2022,10,26.7,307.1,4.0,128.1
Martinique,2022,11,26.1,278.4,4.8,132.2
Martinique,2022,12,25.0,119.2,4.5,210.3
Martinique,2023,1,24.5,159.9,4.7,183.6
Martinique,2023,2,24.2,127.4,5.4,195.0
Martinique,2023,3,24.9,60.4,4.5,237.3
Martinique,2023,4,25.8,128.7,4.5,219.5
Martinique,2023,5,27.0,114.5,4.5,248.3
Martinique,2023,6,27.6,167.8,4.9,168.4
Martinique,2023,7,27.6,312.8,4.9,145.8
Martinique,2023,8,28.2,211.8,3.8,164.3
Martinique,2023,9,28.3,193.0,2.9,204.7
Martinique,2023,10,27.8,354.2,3.1,140.8
Martinique,2023,11,27.0,203.5,4.4,152.1
Martinique,2023,12,26.0,207.8,4.0,145.8
Martinique,2024,1,25.8,168.6,5.1,192.2
Martinique,2024,2,26.2,69.6,3.8,152.1
Martinique,2024,3,26.5,94.6,4.1,157.6
Martinique,2024,4,27.4,70.0,4.1,176.1
Martinique,2024,5,28.3,112.7,4.3,173.1
Martinique,2024,6,28.2,201.7,4.6,226.7
Martinique,2024,7,27.9,288.1,4.7,201.1
Martinique,2024,8,27.8,280.9,3.8,145.5
Martinique,2024,9,28.0,378.2,2.9,136.4
Martinique,2024,10,28.1,212.5,3.3,154.2
Martinique,2024,11,27.3,329.6,3.2,136.9
Martinique,2024,12,26.0,205.0,4.1,182.0
Mayenne,2018,1,7.7,125.8,4.9,40.7
Mayenne,2018,2,2.9,45.6,4.2,129.1
Mayenne,2018,3,7.2,114.4,4.3,83.4
Mayenne,2018,4,12.2,73.0,3.2,167.9
Mayenne,2018,5,15.0,56.0,3.2,264.1
Mayenne,2018,6,18.7,117.2,2.9,233.8
Mayenne,2018,7,21.4,38.5,2.7,279.5
Mayenne,2018,8,19.6,39.3,2.7,243.7
Mayenne,2018,9,16.5,13.3,3.2,238.0
Mayenne,2018,10,12.9,54.5,3.2,166.0
Mayenne,2018,11,8.1,100.8,3.5,99.8
Mayenne,2018,12,7.4,97.1,4.0,51.1
Mayenne,2019,1,4.7,64.2,3.3,61.8
Mayenne,2019,2,7.1,52.6,3.4,150.8
Mayenne,2019,3,9.0,63.1,4.6,157.0
Mayenne,2019,4,10.5,40.1,3.3,191.6
Mayenne,2019,5,12.6,44.8,3.3,219.3
Mayenne,2019,6,17.8,86.4,3.2,238.6
Mayenne,2019,7,20.5,18.1,3.2,328.3
Mayenne,2019,8,19.1,56.1,2.9,227.8
Mayenne,2019,9,16.4,46.5,3.8,192.8
Mayenne,2019,10,13.1,164.2,3.8,78.8
Mayenne,2019,11,7.7,161.9,3.7,62.4
Mayenne,2019,12,6.9,128.5,4.4,84.0
Mayenne,2020,1,6.8,85.9,4.3,84.5
Mayenne,2020,2,8.4,95.5,5.9,86.6
Mayenne,2020,3,8.3,66.8,4.6,161.3
Mayenne,2020,4,13.8,46.4,3.2,224.3
Mayenne,2020,5,15.3,30.4,3.5,302.0
Mayenne,2020,6,16.6,76.0,3.3,184.3
Mayenne,2020,7,18.6,13.7,3.4,276.5
Mayenne,2020,8,20.1,51.3,3.1,214.5
Mayenne,2020,9,17.6,77.2,3.1,201.5
Mayenne,2020,10,11.8,103.1,4.0,86.8
Mayenne,2020,11,9.7,36.4,3.2,117.7
Mayenne,2020,12,6.5,158.5,4.4,62.4
Mayenne,2021,1,4.3,80.3,3.7,66.3
Mayenne,2021,2,6.4,44.0,4.4,95.8
Mayenne,2021,3,7.6,27.2,3.8,199.6
Mayenne,2021,4,8.8,28.4,3.7,265.0
Mayenne,2021,5,11.9,107.1,4.0,194.6
Mayenne,2021,6,17.6,94.7,2.6,198.8
Mayenne,2021,7,18.6,71.7,3.4,207.8
Mayenne,2021,8,17.3,38.9,3.1,173.5
Mayenne,2021,9,17.6,27.2,2.7,199.9
Mayenne,2021,10,12.4,124.4,3.2,174.3
Mayenne,2021,11,6.5,44.6,2.9,122.6
Mayenne,2021,12,6.6,94.9,4.0,49.4
Mayenne,2022,1,5.0,51.2,3.0,49.6
Mayenne,2022,2,7.0,34.5,4.2,104.6
Mayenne,2022,3,9.5,28.8,3.8,167.5
Mayenne,2022,4,10.7,47.7,3.8,213.2
Mayenne,2022,5,15.2,50.7,2.9,239.8
Mayenne,2022,6,18.1,79.7,3.0,239.4
Mayenne,2022,7,20.8,8.6,2.9,345.2
Mayenne,2022,8,21.3,35.3,3.0,267.5
Mayenne,2022,9,16.3,89.6,2.9,169.5
Mayenne,2022,10,15.6,62.9,3.2,123.2
Mayenne,2022,11,9.8,101.4,4.0,116.2
Mayenne,2022,12,5.0,74.6,4.1,65.9
Mayenne,2023,1,5.9,73.0,4.6,70.3
Mayenne,2023,2,6.2,4.2,3.3,120.4
Mayenne,2023,3,9.0,107.7,5.0,118.2
Mayenne,2023,4,10.4,63.9,3.7,176.0
Mayenne,2023,5,14.6,39.2,4.0,275.8
Mayenne,2023,6,19.9,53.2,3.0,295.7
Mayenne,2023,7,18.5,97.4,3.5,199.5
Mayenne,2023,8,19.0,60.2,3.1,186.7
Mayenne,2023,9,19.6,71.3,2.6,196.4
Mayenne,2023,10,14.4,153.1,3.4,151.4
Mayenne,2023,11,9.3,122.0,4.4,101.1
Mayenne,2023,12,7.7,80.6,4.5,57.7
Mayenne,2024,1,4.9,97.5,4.1,92.6
Mayenne,2024,2,8.9,97.7,4.4,44.5
Mayenne,2024,3,8.9,79.0,3.7,129.6
Mayenne,2024,4,10.8,67.0,3.9,157.6
Mayenne,2024,5,14.2,119.8,3.2,176.8
Mayenne,2024,6,16.2,75.2,3.1,224.9
Mayenne,2024,7,18.7,51.0,2.8,192.7
Mayenne,2024,8,19.0,47.6,2.7,226.5
Mayenne,2024,9,15.2,87.4,3.2,133.4
Mayenne,2024,10,13.4,103.9,2.8,84.6
Mayenne,2024,11,8.5,58.7,3.5,32.2
Mayenne,2024,12,6.2,48.7,4.0,47.8
Meurthe-et-Moselle,2018,1,5.7,173.3,4.7,34.8
Meurthe-et-Moselle,2018,2,-0.3,27.1,3.6,91.3
Meurthe-et-Moselle,2018,3,4.6,69.8,3.5,94.6
Meurthe-et-Moselle,2018,4,12.6,42.8,3.1,214.2
Meurthe-et-Moselle,2018,5,15.7,92.7,2.4,247.4
Meurthe-et-Moselle,2018,6,18.4,34.1,2.3,245.6
Meurthe-et-Moselle,2018,7,21.5,27.4,2.3,310.4
Meurthe-et-Moselle,2018,8,20.3,59.4,2.5,264.1
Meurthe-et-Moselle,2018,9,16.1,31.1,2.4,234.1
Meurthe-et-Moselle,2018,10,10.8,16.3,2.8,159.3
Meurthe-et-Moselle,2018,11,6.8,50.9,3.2,85.4
Meurthe-et-Moselle,2018,12,4.4,116.7,4.0,28.5
Meurthe-et-Moselle,2019,1,1.3,65.8,3.5,41.2
Meurthe-et-Moselle,2019,2,5.6,36.7,3.0,151.7
Meurthe-et-Moselle,2019,3,7.6,78.2,4.7,165.4
Meurthe-et-Moselle,2019,4,9.6,54.7,2.9,164.2
Meurthe-et-Moselle,2019,5,11.6,69.1,2.7,210.0
Meurthe-et-Moselle,2019,6,19.5,48.9,2.9,292.8
Meurthe-et-Moselle,2019,7,20.3,20.2,2.7,301.4
Meurthe-et-Moselle,2019,8,19.9,55.2,2.5,253.0
Meurthe-et-Moselle,2019,9,15.3,46.5,3.1,191.8
Meurthe-et-Moselle,2019,10,12.4,107.8,3.7,81.4
Meurthe-et-Moselle,2019,11,5.8,82.4,3.4,48.5
Meurthe-et-Moselle,2019,12,5.0,109.4,4.0,78.9
Meurthe-et-Moselle,2020,1,4.1,43.0,3.7,72.1
Meurthe-et-Moselle,2020,2,6.6,156.2,5.6,87.1
Meurthe-et-Moselle,2020,3,6.8,66.3,4.4,170.4
Meurthe-et-Moselle,2020,4,12.4,20.8,3.1,291.0
Meurthe-et-Moselle,2020,5,13.3,61.4,3.0,279.8
Meurthe-et-Moselle,2020,6,16.8,89.3,2.8,118.4
Meurthe-et-Moselle,2020,7,19.2,10.3,2.8,285.7
Meurthe-et-Moselle,2020,8,21.5,52.2,2.8,228.4
Meurthe-et-Moselle,2020,9,16.8,56.9,2.6,206.8
Meurthe-et-Moselle,2020,10,11.0,97.8,4.1,73.4
Meurthe-et-Moselle,2020,11,7.4,30.3,2.9,108.6
Meurthe-et-Moselle,2020,12,4.7,94.7,3.8,29.8
Meurthe-et-Moselle,2021,1,1.8,125.4,3.6,45.0
Meurthe-et-Moselle,2021,2,5.2,58.8,3.9,123.5
Meurthe-et-Moselle,2021,3,6.2,59.3,3.3,173.5
Meurthe-et-Moselle,2021,4,7.6,30.1,3.1,218.8
Meurthe-et-Moselle,2021,5,11.1,103.9,4.0,167.7
Meurthe-et-Moselle,2021,6,19.1,79.6,2.4,223.0
Meurthe-et-Moselle,2021,7,18.3,165.9,2.7,207.3
Meurthe-et-Moselle,2021,8,17.5,69.1,2.6,168.4
Meurthe-et-Moselle,2021,9,16.4,33.3,2.2,223.4
Meurthe-et-Moselle,2021,10,10.8,57.6,3.0,150.0
Meurthe-et-Moselle,2021,11,4.7,43.4,2.7,48.3
Meurthe-et-Moselle,2021,12,4.6,79.1,3.4,37.6
Meurthe-et-Moselle,2022,1,2.6,66.1,3.2,59.6
Meurthe-et-Moselle,2022,2,5.5,64.4,5.0,97.8
Meurthe-et-Moselle,2022,3,7.6,27.1,3.0,225.3
Meurthe-et-Moselle,2022,4,9.3,62.7,3.6,208.7
Meurthe-et-Moselle,2022,5,15.6,31.0,2.7,290.6
Meurthe-et-Moselle,2022,6,19.1,65.4,2.6,276.1
Meurthe-et-Moselle,2022,7,20.6,8.3,2.7,352.0
Meurthe-et-Moselle,2022,8,21.8,35.2,2.8,308.6
Meurthe-et-Moselle,2022,9,15.1,93.7,2.8,154.5
Meurthe-et-Moselle,2022,10,14.5,91.9,2.9,142.6
Meurthe-et-Moselle,2022,11,8.3,81.0,3.5,58.6
Meurthe-et-Moselle,2022,12,3.5,68.6,3.6,48.2
Meurthe-et-Moselle,2023,1,4.3,85.1,4.6,34.9
Meurthe-et-Moselle,2023,2,4.8,11.7,3.4,112.5
Meurthe-et-Moselle,2023,3,7.4,110.0,4.4,116.0
Meurthe-et-Moselle,2023,4,9.1,64.4,3.6,137.6
Meurthe-et-Moselle,2023,5,14.6,34.5,3.1,259.4
Meurthe-et-Moselle,2023,6,20.2,25.3,2.7,353.2
Meurthe-et-Moselle,2023,7,19.5,94.5,3.3,216.9
Meurthe-et-Moselle,2023,8,19.3,112.9,2.9,180.0
Meurthe-et-Moselle,2023,9,18.9,30.2,2.6,260.0
Meurthe-et-Moselle,2023,10,13.3,131.3,3.4,142.8
Meurthe-et-Moselle,2023,11,7.2,134.1,4.7,42.5
Meurthe-et-Moselle,2023,12,5.5,95.5,4.5,39.6
Meurthe-et-Moselle,2024,1,2.6,90.1,4.0,67.8
Meurthe-et-Moselle,2024,2,7.7,95.9,4.3,40.9
Meurthe-et-Moselle,2024,3,8.9,87.0,3.4,114.6
Meurthe-et-Moselle,2024,4,10.5,66.1,3.6,148.9
Meurthe-et-Moselle,2024,5,14.7,153.3,2.8,164.3
Meurthe-et-Moselle,2024,6,17.1,82.0,2.8,210.1
Meurthe-et-Moselle,2024,7,19.4,82.2,2.5,226.2
Meurthe-et-Moselle,2024,8,20.8,80.7,2.4,288.4
Meurthe-et-Moselle,2024,9,15.9,103.6,3.3,143.0
Meurthe-et-Moselle,2024,10,12.7,79.2,2.8,88.1
Meurthe-et-Moselle,2024,11,6.2,67.3,3.4,51.3
Meurthe-et-Moselle,2024,12,3.3,76.3,3.5,48.7
Meuse,2018,1,6.0,212.4,4.8,24.4
Meuse,2018,2,0.2,39.0,3.9,99.3
Meuse,2018,3,5.0,85.6,3.7,85.4
Meuse,2018,4,12.7,46.8,3.1,199.5
Meuse,2018,5,15.8,89.9,2.7,217.2
Meuse,2018,6,18.2,71.8,2.4,235.4
Meuse,2018,7,21.8,16.0,2.5,303.8
Meuse,2018,8,20.1,68.9,2.5,255.1
Meuse,2018,9,15.9,31.5,2.5,232.6
Meuse,2018,10,12.2,18.5,3.0,168.2
Meuse,2018,11,7.1,68.0,3.4,73.8
Meuse,2018,12,4.6,141.2,4.1,35.4
Meuse,2019,1,1.6,75.7,3.6,41.3
Meuse,2019,2,6.0,43.3,3.0,155.7
Meuse,2019,3,7.6,94.8,4.8,159.6
Meuse,2019,4,9.8,51.3,3.1,168.4
Meuse,2019,5,11.8,86.1,2.8,213.0
Meuse,2019,6,19.1,49.1,2.8,283.1
Meuse,2019,7,20.2,14.1,2.7,294.8
Meuse,2019,8,19.9,53.9,2.5,237.5
Meuse,2019,9,15.3,45.2,3.3,187.2
Meuse,2019,10,12.4,133.5,3.6,82.6
Meuse,2019,11,5.9,105.2,3.5,48.0
Meuse,2019,12,5.4,140.3,4.2,65.8
Meuse,2020,1,4.7,61.1,3.7,77.5
Meuse,2020,2,6.9,180.7,5.8,76.1
Meuse,2020,3,7.1,81.0,4.6,166.3
Meuse,2020,4,12.6,23.0,3.1,285.2
Meuse,2020,5,13.3,66.3,3.0,299.2
Meuse,2020,6,16.6,70.6,2.9,225.3
Meuse,2020,7,19.1,8.3,2.9,287.7
Meuse,2020,8,21.6,15.1,2.9,237.0
Meuse,2020,9,17.0,68.8,2.8,196.3
Meuse,2020,10,11.2,120.6,4.0,56.4
Meuse,2020,11,7.8,33.8,3.0,104.5
Meuse,2020,12,4.8,120.7,3.6,34.0
Meuse,2021,1,2.1,151.1,3.6,47.0
Meuse,2021,2,5.6,61.3,4.1,118.0
Meuse,2021,3,6.4,61.5,3.4,170.1
Meuse,2021,4,7.6,35.6,3.2,229.0
Meuse,2021,5,11.2,103.8,3.9,171.3
Meuse,2021,6,18.8,102.7,2.3,221.4
Meuse,2021,7,18.3,162.0,2.8,192.7
Meuse,2021,8,17.5,56.8,2.7,173.4
Meuse,2021,9,16.5,39.2,2.3,211.0
Meuse,2021,10,11.0,61.8,3.0,146.2
Meuse,2021,11,5.0,57.6,2.8,69.0
Meuse,2021,12,4.9,98.4,3.6,35.3
Meuse,2022,1,2.9,76.5,3.4,66.2
Meuse,2022,2,5.6,71.2,5.0,96.2
Meuse,2022,3,7.8,23.1,3.2,211.3
Meuse,2022,4,9.2,63.1,3.7,203.8
Meuse,2022,5,15.4,36.7,2.7,295.0
Meuse,2022,6,18.7,88.3,2.6,273.9
Meuse,2022,7,20.2,5.7,2.7,350.2
Meuse,2022,8,21.5,33.0,2.8,283.4
Meuse,2022,9,15.2,86.3,2.7,155.2
Meuse,2022,10,14.8,103.6,2.9,141.7
Meuse,2022,11,8.4,77.8,3.5,61.0
Meuse,2022,12,3.8,75.3,3.8,41.9
Meuse,2023,1,4.5,96.7,4.6,28.9
Meuse,2023,2,5.0,10.7,3.5,109.3
Meuse,2023,3,7.4,133.9,4.4,105.4
Meuse,2023,4,8.9,83.5,3.6,138.3
Meuse,2023,5,14.4,32.2,3.3,266.7
Meuse,2023,6,20.0,39.6,2.7,342.4
Meuse,2023,7,19.2,89.0,3.1,213.5
Meuse,2023,8,19.1,124.6,2.9,182.0
Meuse,2023,9,19.0,34.7,2.6,245.6
Meuse,2023,10,13.3,135.0,3.4,144.8
Meuse,2023,11,7.4,143.2,4.8,33.7
Meuse,2023,12,5.7,105.1,4.7,35.3
Meuse,2024,1,2.9,97.9,4.2,69.1
Meuse,2024,2,7.7,127.3,4.4,39.2
Meuse,2024,3,8.9,88.4,3.5,111.9
Meuse,2024,4,10.5,65.6,3.6,141.8
Meuse,2024,5,14.6,135.9,2.7,160.3
Meuse,2024,6,16.8,97.3,2.7,210.4
Meuse,2024,7,19.3,101.3,2.5,219.9
Meuse,2024,8,20.4,89.5,2.4,283.8
Meuse,2024,9,15.8,106.9,3.5,143.3
Meuse,2024,10,13.0,79.5,2.9,102.6
Meuse,2024,11,6.6,76.0,3.6,40.2
Meuse,2024,12,3.6,86.0,3.8,36.9
Morbihan,2018,1,8.6,115.6,5.4,57.4
Morbihan,2018,2,4.5,66.6,4.5,152.5
Morbihan,2018,3,7.7,133.1,4.8,107.1
Morbihan,2018,4,12.1,53.3,3.7,187.4
Morbihan,2018,5,15.0,59.1,3.5,264.2
Morbihan,2018,6,18.8,75.1,3.5,240.6
Morbihan,2018,7,20.4,66.8,3.3,287.8
Morbihan,2018,8,18.9,29.6,2.9,223.4
Morbihan,2018,9,16.7,18.0,3.5,224.0
Morbihan,2018,10,13.2,58.3,3.6,168.8
Morbihan,2018,11,9.3,129.6,4.2,102.5
Morbihan,2018,12,9.0,148.6,4.5,34.9
Morbihan,2019,1,6.2,53.3,3.3,62.7
Morbihan,2019,2,8.4,73.3,3.7,145.5
Morbihan,2019,3,9.9,58.7,4.8,174.8
Morbihan,2019,4,11.2,72.1,3.8,199.5
Morbihan,2019,5,13.1,57.8,3.4,211.4
Morbihan,2019,6,16.9,105.8,3.3,235.6
Morbihan,2019,7,20.0,16.2,3.6,341.2
Morbihan,2019,8,18.5,65.2,3.3,231.7
Morbihan,2019,9,16.7,75.8,4.2,195.4
Morbihan,2019,10,13.7,204.8,4.2,85.9
Morbihan,2019,11,8.8,197.9,4.5,77.1
Morbihan,2019,12,8.0,160.3,5.0,80.6
Morbihan,2020,1,7.9,147.5,4.8,75.4
Morbihan,2020,2,9.3,134.5,6.1,80.1
Morbihan,2020,3,9.2,75.8,5.0,184.3
Morbihan,2020,4,13.4,84.3,3.6,225.4
Morbihan,2020,5,15.8,27.2,4.0,327.6
Morbihan,2020,6,16.5,119.4,3.6,198.3
Morbihan,2020,7,18.1,15.2,3.6,286.1
Morbihan,2020,8,19.3,95.5,3.5,231.1
Morbihan,2020,9,17.4,51.8,3.2,182.6
Morbihan,2020,10,12.5,177.8,4.6,109.7
Morbihan,2020,11,11.0,64.6,4.0,110.8
Morbihan,2020,12,7.9,209.5,5.1,84.9
Morbihan,2021,1,6.2,106.7,4.1,74.3
Morbihan,2021,2,7.5,62.6,4.9,95.1
Morbihan,2021,3,8.8,25.1,4.1,199.2
Morbihan,2021,4,9.9,28.2,4.1,253.3
Morbihan,2021,5,12.5,80.0,4.7,213.9
Morbihan,2021,6,17.2,70.9,3.0,217.9
Morbihan,2021,7,18.5,99.5,3.7,231.9
Morbihan,2021,8,17.5,41.9,3.6,214.7
Morbihan,2021,9,17.8,47.4,3.1,201.1
Morbihan,2021,10,13.7,150.7,3.7,179.1
Morbihan,2021,11,8.5,30.2,3.2,112.4
Morbihan,2021,12,8.0,88.0,4.6,57.4
Morbihan,2022,1,6.6,55.4,3.3,46.8
Morbihan,2022,2,8.4,49.7,4.3,91.8
Morbihan,2022,3,10.2,42.2,4.1,172.5
Morbihan,2022,4,11.4,47.4,3.9,222.7
Morbihan,2022,5,15.2,22.6,3.3,256.0
Morbihan,2022,6,17.9,76.3,3.6,252.9
Morbihan,2022,7,20.4,2.8,3.4,346.5
Morbihan,2022,8,21.2,50.3,3.5,276.2
Morbihan,2022,9,16.9,59.6,3.5,177.5
Morbihan,2022,10,15.7,79.5,3.8,103.5
Morbihan,2022,11,11.6,174.1,5.1,107.1
Morbihan,2022,12,6.2,176.4,4.9,70.5
Morbihan,2023,1,7.3,114.3,4.8,69.4
Morbihan,2023,2,7.3,12.4,3.4,123.9
Morbihan,2023,3,9.8,145.3,5.5,116.4
Morbihan,2023,4,11.2,81.2,4.0,190.5
Morbihan,2023,5,15.0,26.3,4.5,278.2
Morbihan,2023,6,19.4,31.3,3.3,319.3
Morbihan,2023,7,18.1,97.1,3.9,221.2
Morbihan,2023,8,18.5,59.2,3.5,219.0
Morbihan,2023,9,19.5,64.1,3.0,180.7
Morbihan,2023,10,15.1,137.3,4.1,134.3
Morbihan,2023,11,10.6,158.5,5.0,80.2
Morbihan,2023,12,9.6,133.8,5.1,61.1
Morbihan,2024,1,6.5,120.5,4.6,84.8
Morbihan,2024,2,10.1,143.2,4.6,46.4
Morbihan,2024,3,9.8,103.8,4.3,118.6
Morbihan,2024,4,11.2,90.4,4.4,174.7
Morbihan,2024,5,14.5,103.6,3.6,208.3
Morbihan,2024,6,16.3,40.1,3.5,244.6
Morbihan,2024,7,18.0,58.5,3.2,188.7
Morbihan,2024,8,18.6,84.8,3.2,216.4
Morbihan,2024,9,15.5,59.2,3.6,161.2
Morbihan,2024,10,13.7,124.7,3.1,136.5
Morbihan,2024,11,10.4,72.3,4.0,51.5
Morbihan,2024,12,8.1,45.4,4.3,59.4
Moselle,2018,1,5.8,182.2,5.1,27.2
Moselle,2018,2,-0.3,26.2,4.0,110.0
Moselle,2018,3,4.4,65.5,3.9,92.7
Moselle,2018,4,12.8,45.3,3.3,215.9
Moselle,2018,5,15.9,98.5,2.6,266.6
Moselle,2018,6,18.6,55.8,2.4,243.4
Moselle,2018,7,21.5,29.3,2.4,328.3
Moselle,2018,8,20.4,58.6,2.7,258.9
Moselle,2018,9,16.0,36.9,2.6,233.2
Moselle,2018,10,11.7,20.2,3.2,168.8
Moselle,2018,11,6.7,51.3,3.4,80.9
Moselle,2018,12,4.3,133.2,4.4,27.3
Moselle,2019,1,1.3,69.6,4.1,38.8
Moselle,2019,2,5.5,37.0,3.2,156.9
Moselle,2019,3,7.6,83.9,5.1,159.3
Moselle,2019,4,9.7,57.6,3.1,169.4
Moselle,2019,5,11.7,68.4,3.0,213.7
Moselle,2019,6,19.8,43.3,2.9,298.5
Moselle,2019,7,20.3,22.6,2.8,299.7
Moselle,2019,8,20.1,51.9,2.6,244.9
Moselle,2019,9,15.2,57.3,3.3,177.7
Moselle,2019,10,12.4,115.5,4.1,84.3
Moselle,2019,11,5.7,81.6,3.6,47.9
Moselle,2019,12,4.7,121.2,4.4,70.2
Moselle,2020,1,3.9,49.7,4.1,56.7
Moselle,2020,2,6.5,167.3,6.3,77.5
Moselle,2020,3,6.8,74.7,4.8,173.8
Moselle,2020,4,12.2,18.8,3.3,304.2
Moselle,2020,5,13.1,52.2,3.1,294.4
Moselle,2020,6,17.0,82.8,3.1,214.9
Moselle,2020,7,19.2,15.6,3.0,271.1
Moselle,2020,8,21.4,51.9,3.0,219.7
Moselle,2020,9,16.7,57.5,2.8,194.6
Moselle,2020,10,11.0,94.7,4.3,59.6
Moselle,2020,11,6.9,29.0,3.1,109.8
Moselle,2020,12,4.4,102.8,3.9,33.2
Moselle,2021,1,1.6,125.7,4.1,45.2
Moselle,2021,2,4.8,64.5,4.1,122.5
Moselle,2021,3,6.2,51.5,3.6,174.1
Moselle,2021,4,7.4,25.8,3.4,227.8
Moselle,2021,5,11.1,100.9,4.2,175.7
Moselle,2021,6,19.4,77.7,2.5,231.7
Moselle,2021,7,18.3,141.5,2.8,205.5
Moselle,2021,8,17.5,81.0,2.8,179.8
Moselle,2021,9,16.2,25.3,2.4,220.9
Moselle,2021,10,10.6,55.7,3.2,135.9
Moselle,2021,11,4.4,45.2,3.0,49.0
Moselle,2021,12,4.4,74.5,3.9,31.9
Moselle,2022,1,2.5,59.5,3.8,53.5
Moselle,2022,2,5.4,61.3,5.6,95.2
Moselle,2022,3,7.2,21.6,3.1,220.0
Moselle,2022,4,9.2,72.4,3.9,202.0
Moselle,2022,5,15.6,34.2,2.9,285.3
Moselle,2022,6,19.2,65.8,2.8,279.9
Moselle,2022,7,20.5,6.8,2.9,346.8
Moselle,2022,8,21.7,25.2,2.9,299.5
Moselle,2022,9,15.0,100.2,3.1,156.8
Moselle,2022,10,14.2,97.8,3.2,137.9
Moselle,2022,11,8.0,84.3,3.7,54.1
Moselle,2022,12,3.4,63.5,4.1,43.1
Moselle,2023,1,4.1,76.9,5.1,30.1
Moselle,2023,2,4.7,11.4,3.9,110.0
Moselle,2023,3,7.2,116.6,4.8,110.5
Moselle,2023,4,9.0,62.3,3.8,142.2
Moselle,2023,5,14.7,31.1,3.3,272.5
Moselle,2023,6,19.9,15.0,3.0,349.7
Moselle,2023,7,19.6,98.3,3.7,214.9
Moselle,2023,8,19.4,114.2,3.2,193.0
Moselle,2023,9,18.7,26.4,2.8,256.0
Moselle,2023,10,13.1,123.7,3.8,133.3
Moselle,2023,11,7.0,135.7,5.2,35.1
Moselle,2023,12,5.4,93.7,5.1,30.6
Moselle,2024,1,2.5,90.0,4.6,64.2
Moselle,2024,2,7.6,86.1,4.8,43.3
Moselle,2024,3,8.8,86.8,3.6,116.4
Moselle,2024,4,10.6,64.9,3.9,162.8
Moselle,2024,5,14.8,186.6,3.1,168.0
Moselle,2024,6,17.3,69.1,3.1,216.7
Moselle,2024,7,19.6,80.1,2.7,240.3
Moselle,2024,8,20.9,59.4,2.6,279.3
Moselle,2024,9,15.9,110.3,3.5,139.8
Moselle,2024,10,12.4,74.2,3.0,93.8
Moselle,2024,11,6.2,64.7,3.8,32.0
Moselle,2024,12,3.2,62.7,4.1,29.1
Nièvre,2018,1,6.8,213.7,3.5,40.7
Nièvre,2018,2,0.9,69.1,2.8,100.0
Nièvre,2018,3,6.8,102.4,3.1,123.0
Nièvre,2018,4,12.9,67.8,2.6,179.6
Nièvre,2018,5,15.1,80.0,1.9,217.2
Nièvre,2018,6,18.8,58.1,2.0,266.6
Nièvre,2018,7,21.7,53.9,1.8,330.4
Nièvre,2018,8,21.0,34.0,2.0,294.0
Nièvre,2018,9,17.4,16.2,1.9,261.9
Nièvre,2018,10,13.1,48.8,2.5,177.0
Nièvre,2018,11,8.0,79.1,2.6,80.8
Nièvre,2018,12,5.5,124.1,3.1,63.3
Nièvre,2019,1,1.8,78.0,2.6,56.5
Nièvre,2019,2,6.7,21.5,2.3,170.3
Nièvre,2019,3,8.2,72.3,3.6,185.7
Nièvre,2019,4,10.1,70.1,2.6,196.0
Nièvre,2019,5,12.0,60.7,2.5,211.4
Nièvre,2019,6,19.3,42.7,2.2,250.5
Nièvre,2019,7,21.8,27.6,2.2,316.0
Nièvre,2019,8,20.8,20.9,1.9,267.8
Nièvre,2019,9,16.7,44.1,2.5,231.8
Nièvre,2019,10,13.4,143.1,2.7,89.2
Nièvre,2019,11,7.1,137.8,3.0,64.0
Nièvre,2019,12,6.4,140.2,3.6,79.6
Nièvre,2020,1,5.6,61.2,2.7,102.4
Nièvre,2020,2,7.8,89.6,4.0,110.0
Nièvre,2020,3,8.1,59.9,3.2,185.2
Nièvre,2020,4,13.7,33.0,2.2,263.3
Nièvre,2020,5,14.9,71.2,2.4,288.9
Nièvre,2020,6,17.3,70.7,2.4,213.2
Nièvre,2020,7,20.3,23.4,2.2,316.1
Nièvre,2020,8,21.7,41.4,2.2,235.4
Nièvre,2020,9,17.8,82.8,2.1,217.8
Nièvre,2020,10,11.3,137.4,3.0,63.2
Nièvre,2020,11,9.2,24.3,2.1,143.8
Nièvre,2020,12,5.5,131.5,3.4,43.4
Nièvre,2021,1,2.9,129.4,3.0,57.1
Nièvre,2021,2,6.8,52.7,3.3,102.9
Nièvre,2021,3,7.3,44.4,2.7,190.4
Nièvre,2021,4,8.8,37.7,2.6,242.2
Nièvre,2021,5,11.9,113.1,3.1,178.7
Nièvre,2021,6,18.9,126.8,1.9,235.6
Nièvre,2021,7,18.5,81.1,2.2,213.8
Nièvre,2021,8,18.2,29.9,2.1,227.0
Nièvre,2021,9,17.8,110.1,1.8,215.4
Nièvre,2021,10,11.5,77.2,2.2,194.6
Nièvre,2021,11,5.2,55.7,2.2,74.4
Nièvre,2021,12,4.7,132.4,2.9,50.6
Nièvre,2022,1,2.7,44.0,2.3,86.4
Nièvre,2022,2,6.2,52.3,3.3,114.3
Nièvre,2022,3,8.9,39.4,2.7,186.9
Nièvre,2022,4,10.3,57.8,2.9,202.4
Nièvre,2022,5,16.5,28.9,2.1,290.0
Nièvre,2022,6,19.9,156.4,2.1,270.9
Nièvre,2022,7,21.0,3.7,2.0,358.8
Nièvre,2022,8,22.0,53.9,1.9,303.1
Nièvre,2022,9,15.8,125.2,2.0,194.7
Nièvre,2022,10,16.1,68.2,2.4,146.2
Nièvre,2022,11,9.1,85.4,2.8,73.4
Nièvre,2022,12,4.8,92.5,3.0,64.9
Nièvre,2023,1,4.5,77.7,3.5,34.5
Nièvre,2023,2,5.5,16.8,2.4,139.3
Nièvre,2023,3,8.3,95.2,3.4,130.6
Nièvre,2023,4,9.7,62.6,2.9,158.2
Nièvre,2023,5,14.7,42.4,2.7,232.4
Nièvre,2023,6,20.5,61.7,1.9,300.4
Nièvre,2023,7,20.3,58.9,2.6,245.9
Nièvre,2023,8,20.9,53.3,2.5,210.4
Nièvre,2023,9,20.8,44.2,2.1,255.7
Nièvre,2023,10,14.9,135.2,2.8,171.6
Nièvre,2023,11,8.1,136.2,3.6,68.9
Nièvre,2023,12,6.2,109.5,3.4,47.3
Nièvre,2024,1,4.4,62.7,3.0,98.2
Nièvre,2024,2,7.7,91.2,3.0,38.3
Nièvre,2024,3,9.4,169.8,3.0,142.1
Nièvre,2024,4,10.9,61.9,3.1,149.0
Nièvre,2024,5,14.1,154.8,2.2,137.2
Nièvre,2024,6,17.7,141.6,2.3,205.4
Nièvre,2024,7,20.2,70.8,2.0,228.9
Nièvre,2024,8,21.0,36.0,1.8,294.4
Nièvre,2024,9,15.3,141.8,2.7,129.7
Nièvre,2024,10,14.3,121.9,2.4,133.0
Nièvre,2024,11,8.2,79.6,2.7,69.3
Nièvre,2024,12,4.2,81.7,2.6,45.9
Nord,2018,1,6.4,86.2,5.4,31.8
Nord,2018,2,2.0,28.2,5.1,139.1
Nord,2018,3,5.8,68.6,4.6,79.8
Nord,2018,4,12.4,51.4,4.1,166.6
Nord,2018,5,15.3,78.6,3.4,239.7
Nord,2018,6,17.3,18.2,3.9,216.5
Nord,2018,7,21.5,22.2,3.1,287.4
Nord,2018,8,19.1,66.3,3.6,184.7
Nord,2018,9,15.6,47.4,3.6,179.4
Nord,2018,10,12.7,47.5,3.8,177.2
Nord,2018,11,7.6,47.5,4.3,
Nord,2018,12,6.5,90.1,4.8,
Nord,2019,1,3.8,53.3,4.4,
Nord,2019,2,6.9,55.5,4.3,
Nord,2019,3,8.8,79.1,5.5,46.6
Nord,2019,4,10.6,36.9,3.9,195.3
Nord,2019,5,12.6,43.7,3.8,200.7
Nord,2019,6,18.1,70.4,3.8,255.3
Nord,2019,7,19.6,33.6,3.5,257.6
Nord,2019,8,19.2,39.2,3.6,230.6
Nord,2019,9,16.0,59.7,4.2,163.9
Nord,2019,10,12.8,105.7,4.5,86.2
Nord,2019,11,7.2,79.9,4.3,81.1
Nord,2019,12,6.3,101.9,5.1,62.8
Nord,2020,1,6.2,47.5,4.9,49.9
Nord,2020,2,7.7,109.9,7.1,63.4
Nord,2020,3,7.4,75.9,5.5,171.5
Nord,2020,4,12.3,27.3,3.7,287.0
Nord,2020,5,14.1,10.8,4.2,310.4
Nord,2020,6,17.2,58.5,4.0,225.4
Nord,2020,7,18.2,30.0,3.9,215.0
Nord,2020,8,20.6,60.3,3.7,201.2
Nord,2020,9,17.0,66.1,4.0,178.7
Nord,2020,10,12.0,113.0,5.0,64.0
Nord,2020,11,9.4,38.6,4.2,99.8
Nord,2020,12,6.1,96.0,4.9,49.0
Nord,2021,1,3.6,135.3,4.5,22.1
Nord,2021,2,5.4,40.6,4.9,113.7
Nord,2021,3,7.6,39.1,4.7,171.0
Nord,2021,4,7.5,27.5,4.3,227.5
Nord,2021,5,12.0,74.1,4.6,196.7
Nord,2021,6,18.2,120.8,3.2,207.6
Nord,2021,7,18.5,87.7,3.6,183.3
Nord,2021,8,17.6,74.2,3.9,154.8
Nord,2021,9,17.4,28.0,3.2,203.0
Nord,2021,10,11.9,102.5,4.2,134.0
Nord,2021,11,7.2,79.3,3.7,68.0
Nord,2021,12,6.3,77.7,4.5,34.2
Nord,2022,1,4.7,57.9,4.0,67.1
Nord,2022,2,7.1,43.4,6.2,102.1
Nord,2022,3,8.6,16.5,3.9,214.1
Nord,2022,4,10.3,25.7,4.7,221.4
Nord,2022,5,15.1,35.7,3.7,257.6
Nord,2022,6,17.7,68.9,3.7,225.9
Nord,2022,7,19.8,9.9,3.5,288.8
Nord,2022,8,21.4,12.7,3.6,269.0
Nord,2022,9,16.0,113.9,3.6,154.3
Nord,2022,10,14.8,49.4,3.9,148.8
Nord,2022,11,9.3,88.6,5.0,75.1
Nord,2022,12,4.4,89.9,4.4,38.7
Nord,2023,1,5.7,79.7,5.5,41.7
Nord,2023,2,6.3,8.6,4.2,107.7
Nord,2023,3,8.0,110.3,5.4,86.5
Nord,2023,4,9.2,72.1,4.4,153.2
Nord,2023,5,13.7,42.3,4.5,246.5
Nord,2023,6,19.8,33.5,3.8,320.5
Nord,2023,7,18.9,89.8,4.5,201.6
Nord,2023,8,18.7,94.3,3.7,192.6
Nord,2023,9,19.3,48.5,3.4,220.6
Nord,2023,10,14.3,107.7,4.4,136.9
Nord,2023,11,8.5,167.1,5.6,57.7
Nord,2023,12,7.3,74.9,6.1,36.0
Nord,2024,1,4.0,72.2,5.5,86.7
Nord,2024,2,8.8,105.0,5.6,30.1
Nord,2024,3,9.4,86.0,4.4,100.0
Nord,2024,4,11.3,74.6,5.1,140.9
Nord,2024,5,15.1,88.2,3.5,148.0
Nord,2024,6,16.2,61.5,3.7,218.7
Nord,2024,7,19.1,78.3,3.5,209.4
Nord,2024,8,20.2,41.2,3.5,237.2
Nord,2024,9,16.2,94.6,4.1,152.6
Nord,2024,10,13.1,72.1,3.5,123.5
Nord,2024,11,8.1,56.6,4.0,47.3
Nord,2024,12,6.0,56.6,5.2,39.2
Oise,2018,1,6.6,122.1,4.8,28.5
Oise,2018,2,1.1,39.0,4.2,117.9
Oise,2018,3,6.1,83.7,3.9,69.6
Oise,2018,4,12.4,61.8,3.2,177.1
Oise,2018,5,15.1,97.5,2.9,258.0
Oise,2018,6,17.8,44.2,3.1,226.1
Oise,2018,7,21.8,26.2,2.7,270.2
Oise,2018,8,19.5,54.6,3.0,233.9
Oise,2018,9,15.4,24.0,2.9,210.5
Oise,2018,10,12.6,30.8,3.1,167.1
Oise,2018,11,7.3,66.7,3.4,80.7
Oise,2018,12,6.3,97.9,3.8,57.0
Oise,2019,1,3.4,56.0,3.5,35.3
Oise,2019,2,6.4,55.1,3.2,147.4
Oise,2019,3,8.7,67.9,5.1,127.2
Oise,2019,4,10.1,42.6,3.4,196.9
Oise,2019,5,12.0,60.1,3.0,187.8
Oise,2019,6,17.9,52.5,3.2,253.0
Oise,2019,7,19.6,29.8,3.2,306.4
Oise,2019,8,19.1,54.8,2.8,229.3
Oise,2019,9,15.6,31.5,3.7,176.2
Oise,2019,10,12.5,104.0,4.0,72.5
Oise,2019,11,7.3,96.7,3.8,67.2
Oise,2019,12,5.9,112.9,4.4,51.2
Oise,2020,1,5.6,50.9,4.1,49.2
Oise,2020,2,7.7,123.4,6.2,66.9
Oise,2020,3,7.4,58.9,4.8,91.3
Oise,2020,4,12.6,37.2,3.1,134.8
Oise,2020,5,13.9,22.6,3.5,206.6
Oise,2020,6,17.1,37.8,3.3,196.8
Oise,2020,7,18.6,14.3,3.6,229.7
Oise,2020,8,20.9,56.4,3.3,170.5
Oise,2020,9,17.1,43.2,3.2,188.1
Oise,2020,10,11.9,107.0,4.4,79.6
Oise,2020,11,8.8,24.5,3.3,89.4
Oise,2020,12,6.0,120.6,4.2,47.8
Oise,2021,1,3.7,109.8,3.8,41.5
Oise,2021,2,5.5,38.4,4.1,100.2
Oise,2021,3,7.2,42.2,4.0,176.5
Oise,2021,4,7.5,28.3,3.7,244.2
Oise,2021,5,11.7,83.3,4.2,185.9
Oise,2021,6,18.0,127.5,2.6,196.0
Oise,2021,7,18.6,81.5,3.1,170.5
Oise,2021,8,17.6,32.3,3.5,158.6
Oise,2021,9,17.2,51.3,2.6,208.6
Oise,2021,10,11.5,94.8,3.4,156.2
Oise,2021,11,6.4,38.9,3.1,87.1
Oise,2021,12,6.2,80.9,3.9,39.4
Oise,2022,1,4.1,55.2,3.1,63.3
Oise,2022,2,6.6,34.8,5.2,111.2
Oise,2022,3,8.5,16.4,3.5,188.8
Oise,2022,4,9.9,38.9,4.2,219.1
Oise,2022,5,14.9,32.4,3.1,247.7
Oise,2022,6,17.8,58.4,3.0,249.8
Oise,2022,7,19.9,12.1,3.0,323.1
Oise,2022,8,21.1,15.9,3.3,277.5
Oise,2022,9,15.5,63.1,3.0,152.2
Oise,2022,10,14.7,43.6,3.2,132.9
Oise,2022,11,8.9,69.8,4.1,69.6
Oise,2022,12,4.2,64.7,4.0,37.7
Oise,2023,1,5.3,66.9,5.0,44.7
Oise,2023,2,5.7,5.3,3.6,116.6
Oise,2023,3,8.3,80.3,5.0,103.6
Oise,2023,4,9.1,61.6,3.9,139.0
Oise,2023,5,13.7,50.5,4.0,244.2
Oise,2023,6,19.5,38.2,3.2,305.5
Oise,2023,7,18.8,86.2,3.9,212.5
Oise,2023,8,18.9,91.3,3.3,199.4
Oise,2023,9,19.1,56.5,2.7,205.2
Oise,2023,10,13.9,82.6,3.6,142.1
Oise,2023,11,8.3,109.7,4.9,67.7
Oise,2023,12,7.2,59.0,5.0,43.5
Oise,2024,1,3.6,64.7,4.5,80.2
Oise,2024,2,8.6,87.2,4.8,27.5
Oise,2024,3,9.0,95.5,3.6,117.6
Oise,2024,4,10.9,63.4,4.1,144.0
Oise,2024,5,14.5,106.3,2.9,153.5
Oise,2024,6,16.0,47.5,3.2,210.6
Oise,2024,7,19.1,74.6,2.9,200.4
Oise,2024,8,19.9,43.2,3.0,222.4
Oise,2024,9,15.6,96.3,3.8,144.0
Oise,2024,10,12.9,99.0,3.0,96.2
Oise,2024,11,7.6,50.0,3.6,43.6
Oise,2024,12,5.5,56.5,4.3,36.4
Orne,2018,1,7.0,148.2,4.9,28.5
Orne,2018,2,1.9,51.2,4.0,124.0
Orne,2018,3,6.4,101.5,4.3,66.6
Orne,2018,4,11.9,73.5,3.3,166.6
Orne,2018,5,14.5,78.7,2.9,281.6
Orne,2018,6,17.8,89.6,2.8,228.6
Orne,2018,7,21.0,44.2,2.6,250.8
Orne,2018,8,18.9,46.7,2.7,233.3
Orne,2018,9,15.6,22.5,2.9,229.5
Orne,2018,10,12.3,49.0,3.1,167.6
Orne,2018,11,7.5,88.7,3.7,79.1
Orne,2018,12,6.7,104.1,4.0,57.0
Orne,2019,1,3.9,61.5,3.3,50.8
Orne,2019,2,6.9,58.2,3.5,150.6
Orne,2019,3,8.5,66.1,4.7,142.6
Orne,2019,4,9.8,40.5,3.1,200.2
Orne,2019,5,12.0,62.7,3.0,182.7
Orne,2019,6,17.4,78.0,3.0,227.8
Orne,2019,7,19.8,22.1,3.0,331.8
Orne,2019,8,18.7,48.2,2.9,230.1
Orne,2019,9,15.8,43.9,3.7,185.6
Orne,2019,10,12.4,162.7,4.1,67.7
Orne,2019,11,7.3,154.0,4.1,48.2
Orne,2019,12,6.4,119.0,4.8,72.8
Orne,2020,1,6.0,79.5,4.5,75.7
Orne,2020,2,7.7,122.6,6.3,79.8
Orne,2020,3,7.6,59.6,4.5,159.1
Orne,2020,4,13.0,47.3,2.8,232.2
Orne,2020,5,14.1,27.6,3.2,305.4
Orne,2020,6,16.4,57.8,3.4,193.0
Orne,2020,7,18.1,21.6,3.4,274.4
Orne,2020,8,19.9,66.9,3.2,204.6
Orne,2020,9,17.0,48.6,3.0,197.0
Orne,2020,10,11.3,111.6,4.3,70.6
Orne,2020,11,9.2,32.1,3.5,113.8
Orne,2020,12,6.2,178.4,4.6,56.7
Orne,2021,1,3.8,85.6,3.7,67.4
Orne,2021,2,5.7,50.4,4.3,96.2
Orne,2021,3,7.1,36.2,3.8,193.7
Orne,2021,4,7.8,28.8,3.4,259.3
Orne,2021,5,11.5,104.0,4.2,191.9
Orne,2021,6,17.2,118.2,2.4,211.5
Orne,2021,7,18.3,86.0,3.2,200.4
Orne,2021,8,17.0,33.2,3.1,166.7
Orne,2021,9,17.0,34.1,2.6,200.4
Orne,2021,10,11.9,108.1,3.3,160.6
Orne,2021,11,6.4,46.9,2.8,112.3
Orne,2021,12,6.3,91.8,4.0,47.8
Orne,2022,1,4.7,58.5,3.0,60.6
Orne,2022,2,6.6,42.7,4.6,112.2
Orne,2022,3,8.9,33.2,3.5,168.2
Orne,2022,4,10.0,54.4,3.5,196.5
Orne,2022,5,14.6,36.9,2.7,243.8
Orne,2022,6,17.5,71.5,3.0,242.6
Orne,2022,7,20.1,11.9,2.8,341.8
Orne,2022,8,20.6,26.0,2.8,273.7
Orne,2022,9,15.6,93.0,2.8,151.0
Orne,2022,10,14.9,59.6,3.4,122.7
Orne,2022,11,9.2,106.2,4.2,91.2
Orne,2022,12,4.4,72.0,3.9,58.9
Orne,2023,1,5.3,82.7,4.7,55.0
Orne,2023,2,5.8,4.7,3.0,127.8
Orne,2023,3,8.5,102.7,5.0,99.0
Orne,2023,4,9.7,68.4,3.6,163.4
Orne,2023,5,13.8,41.1,3.7,284.3
Orne,2023,6,19.2,58.7,2.7,305.0
Orne,2023,7,18.0,93.7,3.7,206.6
Orne,2023,8,18.5,85.7,3.2,187.9
Orne,2023,9,19.1,62.9,2.6,188.1
Orne,2023,10,13.8,121.7,3.5,134.7
Orne,2023,11,8.8,132.9,4.6,77.8
Orne,2023,12,7.3,81.0,4.7,48.1
Orne,2024,1,4.1,105.5,4.0,88.4
Orne,2024,2,8.5,98.1,4.6,40.3
Orne,2024,3,8.6,75.6,3.7,132.3
Orne,2024,4,10.3,70.0,3.9,145.9
Orne,2024,5,13.8,131.1,3.0,162.7
Orne,2024,6,15.5,50.0,2.9,217.6
Orne,2024,7,18.2,67.8,2.8,200.5
Orne,2024,8,18.7,49.8,2.8,233.0
Orne,2024,9,14.8,86.6,3.4,132.6
Orne,2024,10,12.9,100.1,3.0,93.0
Orne,2024,11,7.9,62.7,3.3,37.9
Orne,2024,12,5.7,68.9,4.0,26.3
Paris,2018,1,7.7,109.5,5.3,36.0
Paris,2018,2,2.1,46.4,4.9,113.5
Paris,2018,3,7.5,82.1,4.5,81.7
Paris,2018,4,14.0,50.4,3.9,179.4
Paris,2018,5,16.9,93.7,3.7,272.5
Paris,2018,6,19.6,86.2,3.7,234.2
Paris,2018,7,23.8,18.5,3.2,266.8
Paris,2018,8,21.4,37.5,3.4,239.7
Paris,2018,9,17.5,13.4,3.6,228.1
Paris,2018,10,14.2,23.1,4.2,166.6
Paris,2018,11,8.3,69.2,4.2,87.7
Paris,2018,12,7.3,61.6,4.7,57.6
Paris,2019,1,4.5,51.8,4.6,35.0
Paris,2019,2,8.2,38.8,3.9,159.1
Paris,2019,3,10.0,43.2,5.5,159.4
Paris,2019,4,11.8,18.5,4.0,187.8
Paris,2019,5,13.9,99.7,3.9,166.1
Paris,2019,6,20.0,52.1,3.8,259.7
Paris,2019,7,22.6,20.1,3.8,328.8
Paris,2019,8,21.2,71.5,3.3,240.1
Paris,2019,9,17.6,26.4,4.3,199.6
Paris,2019,10,13.6,73.6,4.5,88.3
Paris,2019,11,8.5,95.9,4.6,65.6
Paris,2019,12,7.4,86.0,5.2,77.4
Paris,2020,1,6.9,27.7,4.8,85.9
Paris,2020,2,9.2,88.7,6.5,87.6
Paris,2020,3,8.9,51.4,5.2,158.6
Paris,2020,4,15.0,27.8,3.8,263.3
Paris,2020,5,16.2,58.5,4.2,312.5
Paris,2020,6,18.8,40.5,3.8,206.3
Paris,2020,7,20.6,6.8,3.9,275.3
Paris,2020,8,22.5,31.5,3.6,217.4
Paris,2020,9,19.0,48.8,3.8,213.1
Paris,2020,10,12.8,81.6,4.9,86.9
Paris,2020,11,10.2,15.1,3.8,117.7
Paris,2020,12,6.9,106.8,5.0,42.2
Paris,2021,1,5.0,90.0,4.5,48.3
Paris,2021,2,7.0,45.1,4.9,105.7
Paris,2021,3,9.2,33.7,3.1,184.4
Paris,2021,4,10.1,33.7,4.2,247.0
Paris,2021,5,13.3,62.6,4.6,192.4
Paris,2021,6,20.1,115.0,3.1,217.2
Paris,2021,7,20.1,96.3,3.9,193.2
Paris,2021,8,19.2,21.6,3.9,166.3
Paris,2021,9,19.0,72.2,3.1,213.2
Paris,2021,10,13.0,77.2,4.3,168.4
Paris,2021,11,7.6,28.6,3.9,94.3
Paris,2021,12,7.4,76.1,4.7,59.4
Paris,2022,1,5.4,57.7,3.7,73.2
Paris,2022,2,8.2,26.0,5.5,118.2
Paris,2022,3,10.3,21.9,4.0,185.8
Paris,2022,4,11.8,50.5,4.6,220.5
Paris,2022,5,17.2,20.0,3.6,249.2
Paris,2022,6,20.1,77.2,3.4,270.6
Paris,2022,7,22.6,8.3,3.4,332.3
Paris,2022,8,23.0,52.5,3.5,280.2
Paris,2022,9,17.3,49.6,3.5,159.7
Paris,2022,10,16.2,43.4,3.9,145.2
Paris,2022,11,10.3,43.7,4.9,84.1
Paris,2022,12,5.6,46.0,4.7,49.2
Paris,2023,1,6.4,46.6,5.5,42.1
Paris,2023,2,7.4,1.6,4.1,128.0
Paris,2023,3,9.7,52.8,5.4,103.1
Paris,2023,4,11.0,59.8,4.4,152.1
Paris,2023,5,15.5,59.4,4.6,251.4
Paris,2023,6,21.9,48.9,3.7,304.1
Paris,2023,7,20.8,103.3,4.1,224.5
Paris,2023,8,20.5,69.2,3.8,185.9
Paris,2023,9,21.2,47.4,3.3,207.6
Paris,2023,10,15.6,80.4,4.2,150.4
Paris,2023,11,9.7,94.3,5.7,75.9
Paris,2023,12,8.1,56.2,5.5,47.5
Paris,2024,1,5.1,56.7,4.9,91.6
Paris,2024,2,9.6,69.6,4.8,40.9
Paris,2024,3,10.5,87.8,4.2,126.2
Paris,2024,4,12.4,60.6,4.5,143.2
Paris,2024,5,15.5,101.9,3.2,155.7
Paris,2024,6,17.7,33.6,3.7,212.4
Paris,2024,7,20.8,67.8,3.2,199.0
Paris,2024,8,21.6,52.6,3.3,241.0
Paris,2024,9,16.6,103.4,4.3,130.0
Paris,2024,10,14.2,148.3,3.7,96.4
Paris,2024,11,8.8,42.6,4.3,48.6
Paris,2024,12,6.4,55.0,4.5,42.7
Pas-de-Calais,2018,1,6.3,119.1,6.2,51.6
Pas-de-Calais,2018,2,2.0,29.2,5.3,154.6
Pas-de-Calais,2018,3,5.6,70.9,5.0,90.9
Pas-de-Calais,2018,4,12.0,69.2,4.5,179.8
Pas-de-Calais,2018,5,14.3,79.7,3.8,238.5
Pas-de-Calais,2018,6,16.2,6.7,4.4,246.0
Pas-de-Calais,2018,7,20.3,27.0,3.4,317.8
Pas-de-Calais,2018,8,18.5,88.3,4.0,206.7
Pas-de-Calais,2018,9,15.1,50.5,4.1,193.4
Pas-de-Calais,2018,10,12.8,43.3,4.1,176.9
Pas-de-Calais,2018,11,7.6,59.9,4.5,95.1
Pas-de-Calais,2018,12,6.7,105.2,5.4,55.2
Pas-de-Calais,2019,1,3.9,57.6,4.8,59.3
Pas-de-Calais,2019,2,6.9,51.5,4.5,101.4
Pas-de-Calais,2019,3,8.5,82.1,6.3,120.5
Pas-de-Calais,2019,4,9.9,36.4,4.1,203.2
Pas-de-Calais,2019,5,11.8,35.9,4.0,234.2
Pas-de-Calais,2019,6,16.8,77.9,4.1,253.1
Pas-de-Calais,2019,7,18.6,44.9,3.9,262.0
Pas-de-Calais,2019,8,18.7,40.8,4.2,238.5
Pas-de-Calais,2019,9,15.5,88.7,4.8,159.7
Pas-de-Calais,2019,10,12.4,131.3,5.0,78.4
Pas-de-Calais,2019,11,7.2,114.3,4.7,73.8
Pas-de-Calais,2019,12,6.6,123.4,5.8,64.3
Pas-de-Calais,2020,1,6.2,65.6,5.5,63.0
Pas-de-Calais,2020,2,7.4,134.9,8.1,63.6
Pas-de-Calais,2020,3,7.1,81.4,6.0,184.8
Pas-de-Calais,2020,4,11.8,36.0,3.9,286.0
Pas-de-Calais,2020,5,13.3,11.0,4.4,329.1
Pas-de-Calais,2020,6,16.3,69.8,4.0,250.7
Pas-de-Calais,2020,7,17.2,35.1,4.6,245.8
Pas-de-Calais,2020,8,20.3,95.3,4.3,199.1
Pas-de-Calais,2020,9,16.1,67.2,4.5,174.5
Pas-de-Calais,2020,10,11.7,159.5,5.6,67.8
Pas-de-Calais,2020,11,9.4,53.1,4.8,67.9
Pas-de-Calais,2020,12,6.1,120.6,5.4,50.6
Pas-de-Calais,2021,1,3.8,153.2,5.0,38.1
Pas-de-Calais,2021,2,5.4,32.2,5.2,95.1
Pas-de-Calais,2021,3,7.4,36.9,5.1,189.1
Pas-de-Calais,2021,4,6.9,17.4,4.5,245.6
Pas-de-Calais,2021,5,11.3,73.4,5.2,238.1
Pas-de-Calais,2021,6,16.9,103.3,3.4,207.3
Pas-de-Calais,2021,7,18.0,85.1,3.9,224.6
Pas-de-Calais,2021,8,17.1,68.2,4.5,180.2
Pas-de-Calais,2021,9,17.3,28.7,3.6,201.7
Pas-de-Calais,2021,10,12.1,115.6,4.7,112.9
Pas-de-Calais,2021,11,7.8,99.3,4.3,46.6
Pas-de-Calais,2021,12,6.6,93.1,5.2,29.7
Pas-de-Calais,2022,1,5.1,61.8,4.3,84.7
Pas-de-Calais,2022,2,7.1,52.8,7.3,115.3
Pas-de-Calais,2022,3,8.6,24.3,4.0,198.7
Pas-de-Calais,2022,4,9.9,29.6,5.0,225.5
Pas-de-Calais,2022,5,14.1,43.1,3.9,253.5
Pas-de-Calais,2022,6,16.7,49.0,4.0,279.7
Pas-de-Calais,2022,7,19.2,11.1,3.7,304.5
Pas-de-Calais,2022,8,20.5,18.3,3.8,263.0
Pas-de-Calais,2022,9,15.7,120.0,3.9,154.6
Pas-de-Calais,2022,10,14.6,65.8,4.4,134.7
Pas-de-Calais,2022,11,9.6,177.9,5.6,78.1
Pas-de-Calais,2022,12,4.6,110.8,4.9,60.1
Pas-de-Calais,2023,1,5.9,98.7,6.2,61.0
Pas-de-Calais,2023,2,6.3,10.5,4.6,94.9
Pas-de-Calais,2023,3,7.7,126.3,6.0,85.7
Pas-de-Calais,2023,4,8.8,70.8,4.7,160.1
Pas-de-Calais,2023,5,13.0,28.9,4.8,242.4
Pas-de-Calais,2023,6,18.4,35.9,4.2,296.1
Pas-de-Calais,2023,7,17.9,99.3,5.3,222.0
Pas-de-Calais,2023,8,17.9,107.7,4.2,216.8
Pas-de-Calais,2023,9,18.8,52.9,3.8,194.8
Pas-de-Calais,2023,10,14.1,148.4,5.0,125.6
Pas-de-Calais,2023,11,8.6,247.8,6.4,54.2
Pas-de-Calais,2023,12,7.6,111.3,7.1,38.3
Pas-de-Calais,2024,1,4.2,82.2,6.0,89.9
Pas-de-Calais,2024,2,8.5,134.6,6.4,42.1
Pas-de-Calais,2024,3,9.1,62.4,4.7,116.3
Pas-de-Calais,2024,4,10.6,76.2,5.7,152.1
Pas-de-Calais,2024,5,14.3,90.6,3.9,193.3
Pas-de-Calais,2024,6,15.3,44.0,4.1,253.7
Pas-de-Calais,2024,7,18.2,90.7,4.0,198.4
Pas-de-Calais,2024,8,19.3,41.2,4.3,242.5
Pas-de-Calais,2024,9,15.7,140.9,4.7,137.9
Pas-de-Calais,2024,10,12.8,68.7,3.9,110.1
Pas-de-Calais,2024,11,8.2,81.4,4.4,46.4
Pas-de-Calais,2024,12,6.4,66.8,5.9,26.3
Puy-de-Dôme,2018,1,4.7,155.6,4.7,54.1
Puy-de-Dôme,2018,2,-1.4,59.4,3.6,79.3
Puy-de-Dôme,2018,3,4.5,96.4,4.3,119.1
Puy-de-Dôme,2018,4,10.7,58.3,3.8,180.6
Puy-de-Dôme,2018,5,12.4,132.7,2.9,147.4
Puy-de-Dôme,2018,6,16.1,80.4,2.8,228.4
Puy-de-Dôme,2018,7,19.2,79.5,2.4,287.5
Puy-de-Dôme,2018,8,18.4,43.0,2.7,261.7
Puy-de-Dôme,2018,9,15.7,31.6,2.6,245.6
Puy-de-Dôme,2018,10,11.0,49.4,3.8,161.2
Puy-de-Dôme,2018,11,6.8,59.2,3.5,78.9
Puy-de-Dôme,2018,12,4.7,87.1,3.7,77.5
Puy-de-Dôme,2019,1,-0.1,57.3,4.0,67.4
Puy-de-Dôme,2019,2,5.6,31.2,3.3,180.2
Puy-de-Dôme,2019,3,6.2,60.5,4.7,194.0
Puy-de-Dôme,2019,4,7.6,71.0,3.7,160.8
Puy-de-Dôme,2019,5,9.6,60.3,3.9,165.7
Puy-de-Dôme,2019,6,17.5,77.9,2.9,244.8
Puy-de-Dôme,2019,7,20.0,61.1,2.6,287.9
Puy-de-Dôme,2019,8,18.6,58.6,2.6,265.6
Puy-de-Dôme,2019,9,14.9,44.5,3.2,211.4
Puy-de-Dôme,2019,10,12.0,134.0,3.5,101.9
Puy-de-Dôme,2019,11,4.8,152.6,3.9,56.6
Puy-de-Dôme,2019,12,5.5,131.4,4.7,84.6
Puy-de-Dôme,2020,1,4.3,43.1,3.5,95.7
Puy-de-Dôme,2020,2,6.2,56.7,4.8,117.0
Puy-de-Dôme,2020,3,5.8,59.5,3.5,169.7
Puy-de-Dôme,2020,4,11.1,71.9,2.9,203.9
Puy-de-Dôme,2020,5,13.0,94.8,3.3,262.5
Puy-de-Dôme,2020,6,14.8,129.9,2.9,180.5
Puy-de-Dôme,2020,7,18.4,28.7,2.7,287.8
Puy-de-Dôme,2020,8,19.2,73.1,2.8,216.6
Puy-de-Dôme,2020,9,15.0,87.7,2.9,204.5
Puy-de-Dôme,2020,10,9.1,115.1,4.2,65.4
Puy-de-Dôme,2020,11,8.3,26.0,3.1,131.4
Puy-de-Dôme,2020,12,3.2,142.4,4.3,45.4
Puy-de-Dôme,2021,1,0.3,110.4,4.1,56.8
Puy-de-Dôme,2021,2,6.3,62.5,4.1,114.5
Puy-de-Dôme,2021,3,5.3,56.6,3.7,183.6
Puy-de-Dôme,2021,4,6.8,52.1,3.5,206.1
Puy-de-Dôme,2021,5,9.9,120.7,3.9,172.6
Puy-de-Dôme,2021,6,16.6,181.6,2.7,201.0
Puy-de-Dôme,2021,7,16.6,108.4,2.8,175.0
Puy-de-Dôme,2021,8,16.4,37.6,2.9,203.0
Puy-de-Dôme,2021,9,16.0,157.5,2.5,168.4
Puy-de-Dôme,2021,10,10.2,64.4,3.4,168.3
Puy-de-Dôme,2021,11,4.1,64.2,3.2,72.6
Puy-de-Dôme,2021,12,4.0,120.9,3.6,97.6
Puy-de-Dôme,2022,1,2.2,35.9,3.5,129.3
Puy-de-Dôme,2022,2,4.4,57.4,3.9,125.9
Puy-de-Dôme,2022,3,6.8,35.6,3.6,160.5
Puy-de-Dôme,2022,4,8.2,54.5,3.6,165.9
Puy-de-Dôme,2022,5,14.9,30.4,2.9,244.8
Puy-de-Dôme,2022,6,18.2,200.1,2.9,242.5
Puy-de-Dôme,2022,7,19.5,4.1,2.8,350.1
Puy-de-Dôme,2022,8,20.2,72.5,2.6,263.0
Puy-de-Dôme,2022,9,14.5,88.1,3.0,176.6
Puy-de-Dôme,2022,10,15.5,44.1,3.3,133.4
Puy-de-Dôme,2022,11,7.9,93.8,3.6,87.8
Puy-de-Dôme,2022,12,4.0,74.1,3.6,76.8
Puy-de-Dôme,2023,1,2.0,63.0,4.3,50.5
Puy-de-Dôme,2023,2,4.1,13.6,3.0,141.0
Puy-de-Dôme,2023,3,7.1,116.3,4.3,122.9
Puy-de-Dôme,2023,4,8.3,78.4,3.7,151.3
Puy-de-Dôme,2023,5,12.5,95.1,3.2,174.3
Puy-de-Dôme,2023,6,18.1,120.5,2.6,239.6
Puy-de-Dôme,2023,7,19.2,42.8,3.0,246.2
Puy-de-Dôme,2023,8,19.6,68.6,3.1,220.4
Puy-de-Dôme,2023,9,18.9,59.5,2.6,236.5
Puy-de-Dôme,2023,10,14.0,107.6,3.8,147.2
Puy-de-Dôme,2023,11,6.3,176.9,4.5,58.9
Puy-de-Dôme,2023,12,4.9,108.6,3.9,82.6
Puy-de-Dôme,2024,1,3.5,62.7,3.7,92.0
Puy-de-Dôme,2024,2,6.3,69.8,3.6,86.4
Puy-de-Dôme,2024,3,7.5,110.9,4.1,133.3
Puy-de-Dôme,2024,4,9.0,91.4,4.2,138.7
Puy-de-Dôme,2024,5,11.7,163.7,3.0,121.8
Puy-de-Dôme,2024,6,15.9,106.8,2.9,146.3
Puy-de-Dôme,2024,7,19.1,88.0,2.5,243.3
Puy-de-Dôme,2024,8,19.8,50.1,2.4,292.3
Puy-de-Dôme,2024,9,13.1,152.4,3.7,110.4
Puy-de-Dôme,2024,10,13.3,106.1,3.2,118.5
Puy-de-Dôme,2024,11,8.3,68.0,3.2,114.9
Puy-de-Dôme,2024,12,3.7,93.4,3.3,84.3
Pyrénées-Atlantiques,2018,1,7.2,234.2,3.5,79.0
Pyrénées-Atlantiques,2018,2,3.8,199.0,3.0,77.9
Pyrénées-Atlantiques,2018,3,8.0,159.3,4.7,116.6
Pyrénées-Atlantiques,2018,4,12.7,144.2,3.2,144.5
Pyrénées-Atlantiques,2018,5,14.0,134.3,2.5,124.1
Pyrénées-Atlantiques,2018,6,18.4,202.5,2.5,152.4
Pyrénées-Atlantiques,2018,7,21.4,113.9,2.3,210.5
Pyrénées-Atlantiques,2018,8,20.8,48.7,2.3,224.4
Pyrénées-Atlantiques,2018,9,19.5,40.9,2.1,224.9
Pyrénées-Atlantiques,2018,10,13.4,103.1,2.6,143.3
Pyrénées-Atlantiques,2018,11,10.0,88.0,3.2,98.2
Pyrénées-Atlantiques,2018,12,9.1,86.4,2.8,74.1
Pyrénées-Atlantiques,2019,1,4.3,207.6,3.5,34.5
Pyrénées-Atlantiques,2019,2,9.1,51.3,2.9,187.5
Pyrénées-Atlantiques,2019,3,9.5,50.3,3.2,206.2
Pyrénées-Atlantiques,2019,4,10.9,120.7,3.1,103.1
Pyrénées-Atlantiques,2019,5,13.1,167.7,3.2,182.5
Pyrénées-Atlantiques,2019,6,18.5,96.3,3.0,183.2
Pyrénées-Atlantiques,2019,7,21.5,94.4,2.5,223.4
Pyrénées-Atlantiques,2019,8,20.9,87.6,2.2,215.4
Pyrénées-Atlantiques,2019,9,18.3,49.4,2.4,222.5
Pyrénées-Atlantiques,2019,10,15.7,123.3,2.9,131.5
Pyrénées-Atlantiques,2019,11,9.1,370.8,4.4,49.8
Pyrénées-Atlantiques,2019,12,9.1,199.0,3.9,102.9
Pyrénées-Atlantiques,2020,1,7.5,55.9,3.1,119.0
Pyrénées-Atlantiques,2020,2,10.1,59.2,3.3,155.9
Pyrénées-Atlantiques,2020,3,9.1,163.8,3.3,125.3
Pyrénées-Atlantiques,2020,4,14.4,141.3,2.2,137.3
Pyrénées-Atlantiques,2020,5,17.2,122.6,2.6,211.6
Pyrénées-Atlantiques,2020,6,17.5,115.2,2.7,167.5
Pyrénées-Atlantiques,2020,7,20.5,33.2,2.5,246.0
Pyrénées-Atlantiques,2020,8,21.4,58.4,2.6,206.8
Pyrénées-Atlantiques,2020,9,18.5,114.3,2.8,202.8
Pyrénées-Atlantiques,2020,10,13.2,220.4,3.6,104.6
Pyrénées-Atlantiques,2020,11,11.7,40.3,2.6,150.1
Pyrénées-Atlantiques,2020,12,7.3,290.9,4.4,53.9
Pyrénées-Atlantiques,2021,1,4.8,174.6,3.1,74.6
Pyrénées-Atlantiques,2021,2,10.4,72.8,4.1,93.0
Pyrénées-Atlantiques,2021,3,9.1,43.6,2.8,162.6
Pyrénées-Atlantiques,2021,4,11.0,66.5,2.7,190.0
Pyrénées-Atlantiques,2021,5,13.9,81.5,3.0,191.8
Pyrénées-Atlantiques,2021,6,18.8,99.1,2.8,182.4
Pyrénées-Atlantiques,2021,7,19.3,70.7,2.5,158.5
Pyrénées-Atlantiques,2021,8,19.5,24.0,2.3,193.1
Pyrénées-Atlantiques,2021,9,19.1,120.0,2.3,144.5
Pyrénées-Atlantiques,2021,10,14.1,68.1,2.8,181.8
Pyrénées-Atlantiques,2021,11,7.7,167.9,2.5,69.7
Pyrénées-Atlantiques,2021,12,9.0,263.3,3.5,118.8
Pyrénées-Atlantiques,2022,1,5.7,140.1,2.8,161.4
Pyrénées-Atlantiques,2022,2,8.2,58.6,2.8,132.0
Pyrénées-Atlantiques,2022,3,9.7,120.4,3.2,122.8
Pyrénées-Atlantiques,2022,4,10.0,96.7,3.2,129.1
Pyrénées-Atlantiques,2022,5,17.5,30.2,2.9,201.5
Pyrénées-Atlantiques,2022,6,20.2,90.9,2.6,190.6
Pyrénées-Atlantiques,2022,7,22.1,24.2,2.4,279.8
Pyrénées-Atlantiques,2022,8,23.0,67.0,2.5,216.3
Pyrénées-Atlantiques,2022,9,18.6,120.1,2.8,191.4
Pyrénées-Atlantiques,2022,10,18.9,32.6,3.5,131.5
Pyrénées-Atlantiques,2022,11,11.5,232.0,3.8,101.1
Pyrénées-Atlantiques,2022,12,9.8,56.5,3.7,92.7
Pyrénées-Atlantiques,2023,1,4.9,173.8,3.5,84.5
Pyrénées-Atlantiques,2023,2,5.9,40.0,2.5,160.7
Pyrénées-Atlantiques,2023,3,11.0,87.2,3.8,155.4
Pyrénées-Atlantiques,2023,4,11.9,124.0,3.2,186.0
Pyrénées-Atlantiques,2023,5,15.2,127.1,2.9,193.2
Pyrénées-Atlantiques,2023,6,19.9,166.5,2.5,158.5
Pyrénées-Atlantiques,2023,7,20.5,56.4,2.6,171.9
Pyrénées-Atlantiques,2023,8,21.2,106.0,2.8,209.0
Pyrénées-Atlantiques,2023,9,20.4,115.0,2.5,207.6
Pyrénées-Atlantiques,2023,10,17.7,115.5,3.6,177.9
Pyrénées-Atlantiques,2023,11,11.3,237.9,4.0,87.0
Pyrénées-Atlantiques,2023,12,8.5,159.9,3.5,94.2
Pyrénées-Atlantiques,2024,1,8.1,72.0,3.2,119.6
Pyrénées-Atlantiques,2024,2,9.4,204.1,3.9,89.2
Pyrénées-Atlantiques,2024,3,10.6,185.5,3.8,137.9
Pyrénées-Atlantiques,2024,4,12.6,75.6,3.6,183.3
Pyrénées-Atlantiques,2024,5,14.4,146.2,2.9,156.5
Pyrénées-Atlantiques,2024,6,18.1,119.4,2.8,166.7
Pyrénées-Atlantiques,2024,7,20.9,36.0,2.8,207.4
Pyrénées-Atlantiques,2024,8,21.4,98.5,2.3,191.0
Pyrénées-Atlantiques,2024,9,16.4,189.7,2.8,134.9
Pyrénées-Atlantiques,2024,10,15.8,235.5,3.2,112.5
Pyrénées-Atlantiques,2024,11,12.4,103.1,3.0,138.3
Pyrénées-Atlantiques,2024,12,7.4,162.3,3.0,87.7
Pyrénées-Orientales,2018,1,5.8,76.9,4.1,159.3
Pyrénées-Orientales,2018,2,1.4,71.6,4.4,129.9
Pyrénées-Orientales,2018,3,5.4,61.8,4.4,164.9
Pyrénées-Orientales,2018,4,11.3,121.2,3.3,198.9
Pyrénées-Orientales,2018,5,13.7,101.0,3.9,166.9
Pyrénées-Orientales,2018,6,18.2,51.1,3.4,248.8
Pyrénées-Orientales,2018,7,21.9,39.4,3.2,305.9
Pyrénées-Orientales,2018,8,21.7,53.7,3.5,274.6
Pyrénées-Orientales,2018,9,19.0,62.0,2.9,237.9
Pyrénées-Orientales,2018,10,13.5,231.6,3.9,169.3
Pyrénées-Orientales,2018,11,9.0,109.9,3.1,114.2
Pyrénées-Orientales,2018,12,8.2,24.6,3.1,166.8
Pyrénées-Orientales,2019,1,4.0,29.4,5.6,162.5
Pyrénées-Orientales,2019,2,7.1,7.4,3.6,215.5
Pyrénées-Orientales,2019,3,8.8,6.5,4.4,270.6
Pyrénées-Orientales,2019,4,9.9,101.2,3.8,171.9
Pyrénées-Orientales,2019,5,12.6,54.6,4.6,261.2
Pyrénées-Orientales,2019,6,18.9,38.0,3.1,294.0
Pyrénées-Orientales,2019,7,22.5,69.5,3.2,304.8
Pyrénées-Orientales,2019,8,21.6,17.2,3.0,273.7
Pyrénées-Orientales,2019,9,18.1,60.0,3.2,239.8
Pyrénées-Orientales,2019,10,14.9,148.0,3.1,188.3
Pyrénées-Orientales,2019,11,7.9,50.3,3.7,138.0
Pyrénées-Orientales,2019,12,7.9,86.7,3.8,152.0
Pyrénées-Orientales,2020,1,6.1,202.3,3.3,152.5
Pyrénées-Orientales,2020,2,9.3,2.6,3.4,211.4
Pyrénées-Orientales,2020,3,7.3,59.6,3.8,165.9
Pyrénées-Orientales,2020,4,11.5,185.8,2.9,170.1
Pyrénées-Orientales,2020,5,16.4,68.5,3.4,248.4
Pyrénées-Orientales,2020,6,17.2,83.9,3.2,197.1
Pyrénées-Orientales,2020,7,21.6,35.3,3.6,311.2
Pyrénées-Orientales,2020,8,21.8,69.8,3.5,277.6
Pyrénées-Orientales,2020,9,17.6,77.6,3.5,211.3
Pyrénées-Orientales,2020,10,12.4,45.3,3.6,174.3
Pyrénées-Orientales,2020,11,10.5,108.0,3.0,160.1
Pyrénées-Orientales,2020,12,6.1,27.7,3.8,115.9
Pyrénées-Orientales,2021,1,4.9,38.8,4.3,137.9
Pyrénées-Orientales,2021,2,8.8,42.7,3.4,135.4
Pyrénées-Orientales,2021,3,8.6,14.3,4.2,228.2
Pyrénées-Orientales,2021,4,10.0,46.1,3.6,203.7
Pyrénées-Orientales,2021,5,14.0,36.8,3.4,214.0
Pyrénées-Orientales,2021,6,20.0,36.9,3.4,248.8
Pyrénées-Orientales,2021,7,21.3,30.8,3.7,280.3
Pyrénées-Orientales,2021,8,21.1,19.8,3.1,285.3
Pyrénées-Orientales,2021,9,18.9,80.3,2.7,171.1
Pyrénées-Orientales,2021,10,13.8,28.4,3.3,210.4
Pyrénées-Orientales,2021,11,8.2,165.1,4.4,148.2
Pyrénées-Orientales,2021,12,7.7,54.8,3.5,153.7
Pyrénées-Orientales,2022,1,6.2,49.5,4.2,217.0
Pyrénées-Orientales,2022,2,7.9,5.9,4.4,156.6
Pyrénées-Orientales,2022,3,7.6,127.0,3.4,117.0
Pyrénées-Orientales,2022,4,10.1,50.9,4.1,210.3
Pyrénées-Orientales,2022,5,17.1,32.6,3.7,271.8
Pyrénées-Orientales,2022,6,21.6,19.8,3.4,286.9
Pyrénées-Orientales,2022,7,23.9,11.4,3.5,344.1
Pyrénées-Orientales,2022,8,23.6,40.1,3.2,244.0
Pyrénées-Orientales,2022,9,18.5,51.7,3.1,226.3
Pyrénées-Orientales,2022,10,17.4,17.9,2.6,168.4
Pyrénées-Orientales,2022,11,10.7,30.2,3.5,155.1
Pyrénées-Orientales,2022,12,7.8,19.1,2.3,145.4
Pyrénées-Orientales,2023,1,4.7,24.5,4.5,166.9
Pyrénées-Orientales,2023,2,6.3,35.3,3.8,181.6
Pyrénées-Orientales,2023,3,8.9,25.2,3.8,228.3
Pyrénées-Orientales,2023,4,12.7,31.2,4.2,216.8
Pyrénées-Orientales,2023,5,15.0,66.2,4.2,228.9
Pyrénées-Orientales,2023,6,20.2,64.4,3.2,218.0
Pyrénées-Orientales,2023,7,22.7,37.4,3.5,307.9
Pyrénées-Orientales,2023,8,22.6,36.8,3.8,268.1
Pyrénées-Orientales,2023,9,19.8,45.9,2.7,194.8
Pyrénées-Orientales,2023,10,16.9,19.3,2.8,188.0
Pyrénées-Orientales,2023,11,11.0,24.4,3.8,161.8
Pyrénées-Orientales,2023,12,8.6,20.3,3.8,164.0
Pyrénées-Orientales,2024,1,7.1,10.7,3.3,155.9
Pyrénées-Orientales,2024,2,9.0,36.1,3.9,163.1
Pyrénées-Orientales,2024,3,9.6,50.3,4.0,195.6
Pyrénées-Orientales,2024,4,12.0,88.1,4.6,226.2
Pyrénées-Orientales,2024,5,13.9,91.0,3.2,201.6
Pyrénées-Orientales,2024,6,18.7,31.3,3.4,231.2
Pyrénées-Orientales,2024,7,22.5,42.4,3.4,317.5
Pyrénées-Orientales,2024,8,23.4,21.0,3.4,289.0
Pyrénées-Orientales,2024,9,17.1,39.1,4.0,196.7
Pyrénées-Orientales,2024,10,15.0,115.0,3.0,135.4
Pyrénées-Orientales,2024,11,11.3,35.7,3.0,155.4
Pyrénées-Orientales,2024,12,7.0,49.9,4.1,151.2
Rhône,2018,1,7.1,135.0,3.8,52.3
Rhône,2018,2,1.2,35.9,3.4,75.3
Rhône,2018,3,7.4,101.4,3.7,103.5
Rhône,2018,4,13.9,33.0,3.5,198.5
Rhône,2018,5,16.2,101.5,3.1,174.3
Rhône,2018,6,19.8,92.0,3.1,262.6
Rhône,2018,7,23.1,66.2,2.7,330.6
Rhône,2018,8,22.5,43.2,3.0,288.9
Rhône,2018,9,19.1,15.5,2.6,278.9
Rhône,2018,10,13.4,76.9,3.2,174.1
Rhône,2018,11,8.1,83.6,3.0,63.2
Rhône,2018,12,5.3,61.4,2.8,57.2
Rhône,2019,1,2.3,39.9,3.7,69.1
Rhône,2019,2,6.6,30.0,2.8,183.2
Rhône,2019,3,9.1,36.7,3.7,192.0
Rhône,2019,4,10.8,77.6,3.6,174.2
Rhône,2019,5,13.3,42.1,3.9,207.5
Rhône,2019,6,20.3,88.1,3.0,261.2
Rhône,2019,7,23.3,63.9,3.1,310.6
Rhône,2019,8,21.3,110.7,2.5,261.3
Rhône,2019,9,17.7,23.1,2.8,218.2
Rhône,2019,10,14.2,150.2,3.1,103.5
Rhône,2019,11,7.3,106.7,3.0,68.2
Rhône,2019,12,6.5,80.8,3.7,77.4
Rhône,2020,1,5.2,27.3,3.0,91.7
Rhône,2020,2,7.9,35.3,3.9,124.1
Rhône,2020,3,8.3,40.4,3.1,175.0
Rhône,2020,4,13.9,36.0,2.7,238.9
Rhône,2020,5,15.9,66.9,3.3,251.3
Rhône,2020,6,18.5,94.6,3.0,219.5
Rhône,2020,7,22.5,21.5,3.0,317.3
Rhône,2020,8,22.7,53.1,2.9,241.7
Rhône,2020,9,18.6,70.4,2.8,226.6
Rhône,2020,10,11.6,125.6,3.6,83.8
Rhône,2020,11,8.8,17.0,2.7,125.0
Rhône,2020,12,5.2,107.7,3.8,43.6
Rhône,2021,1,2.5,80.5,3.4,43.9
Rhône,2021,2,7.2,33.9,3.9,112.0
Rhône,2021,3,7.7,36.6,3.4,205.6
Rhône,2021,4,9.6,54.1,3.6,222.3
Rhône,2021,5,12.8,155.6,3.0,201.0
Rhône,2021,6,20.1,83.1,3.1,210.6
Rhône,2021,7,19.7,141.2,2.8,202.9
Rhône,2021,8,19.2,49.4,2.6,223.5
Rhône,2021,9,18.5,81.1,2.3,192.9
Rhône,2021,10,11.9,106.8,3.3,185.1
Rhône,2021,11,5.6,36.3,2.7,67.9
Rhône,2021,12,4.4,115.4,2.7,70.8
Rhône,2022,1,2.3,28.6,2.9,89.3
Rhône,2022,2,6.4,39.7,3.3,148.8
Rhône,2022,3,9.0,24.9,3.3,192.1
Rhône,2022,4,10.9,34.4,3.6,203.4
Rhône,2022,5,18.0,21.2,3.3,272.0
Rhône,2022,6,21.6,131.3,3.0,240.5
Rhône,2022,7,23.0,4.4,3.1,313.6
Rhône,2022,8,23.4,55.7,2.8,286.2
Rhône,2022,9,17.1,112.1,2.7,170.6
Rhône,2022,10,16.7,48.5,3.1,163.0
Rhône,2022,11,9.4,68.7,3.0,89.1
Rhône,2022,12,5.1,73.0,3.2,58.1
Rhône,2023,1,4.3,36.4,3.7,45.7
Rhône,2023,2,5.5,5.3,2.8,145.5
Rhône,2023,3,8.9,67.9,3.6,137.2
Rhône,2023,4,10.5,60.3,3.2,141.8
Rhône,2023,5,15.5,51.2,3.3,189.7
Rhône,2023,6,21.2,92.3,2.8,273.0
Rhône,2023,7,22.3,53.0,2.8,272.1
Rhône,2023,8,22.7,50.8,2.9,247.3
Rhône,2023,9,20.9,50.5,2.6,271.8
Rhône,2023,10,15.8,120.5,3.4,176.2
Rhône,2023,11,8.1,102.0,3.5,75.6
Rhône,2023,12,5.9,73.7,3.1,80.7
Rhône,2024,1,4.3,47.1,3.2,80.1
Rhône,2024,2,7.9,57.2,3.6,84.8
Rhône,2024,3,9.7,135.3,3.8,126.6
Rhône,2024,4,11.2,100.2,4.0,141.3
Rhône,2024,5,14.7,130.2,2.7,155.2
Rhône,2024,6,19.0,81.4,2.9,182.9
Rhône,2024,7,21.8,65.8,2.6,260.0
Rhône,2024,8,22.9,39.3,2.8,305.3
Rhône,2024,9,16.1,108.9,3.3,138.4
Rhône,2024,10,14.8,151.6,3.1,124.4
Rhône,2024,11,8.2,43.5,2.9,103.6
Rhône,2024,12,3.6,71.4,2.6,73.2
Saint-Pierre-et-Miquelon,2018,1,-1.4,96.8,10.1,23.5
Saint-Pierre-et-Miquelon,2018,2,-1.7,92.3,8.9,46.4
Saint-Pierre-et-Miquelon,2018,3,1.3,92.3,9.2,98.0
Saint-Pierre-et-Miquelon,2018,4,2.2,131.6,7.9,139.9
Saint-Pierre-et-Miquelon,2018,5,5.5,118.8,7.0,220.2
Saint-Pierre-et-Miquelon,2018,6,8.4,120.1,6.2,142.3
Saint-Pierre-et-Miquelon,2018,7,14.0,122.7,4.6,105.4
Saint-Pierre-et-Miquelon,2018,8,17.8,141.1,4.8,125.8
Saint-Pierre-et-Miquelon,2018,9,13.7,57.6,6.2,169.5
Saint-Pierre-et-Miquelon,2018,10,8.5,200.4,7.6,88.8
Saint-Pierre-et-Miquelon,2018,11,3.7,129.6,10.1,43.3
Saint-Pierre-et-Miquelon,2018,12,-0.7,,8.3,41.3
Saint-Pierre-et-Miquelon,2019,1,-1.4,100.0,8.3,45.1
Saint-Pierre-et-Miquelon,2019,2,-4.9,103.4,10.8,45.6
Saint-Pierre-et-Miquelon,2019,3,-1.6,63.5,7.6,128.9
Saint-Pierre-et-Miquelon,2019,4,1.8,95.0,8.0,113.7
Saint-Pierre-et-Miquelon,2019,5,6.1,,6.0,233.3
Saint-Pierre-et-Miquelon,2019,6,9.8,151.4,4.8,181.8
Saint-Pierre-et-Miquelon,2019,7,14.4,103.6,5.1,196.7
Saint-Pierre-et-Miquelon,2019,8,17.4,109.4,4.8,181.0
Saint-Pierre-et-Miquelon,2019,9,12.8,128.8,6.3,150.7
Saint-Pierre-et-Miquelon,2019,10,8.9,66.4,6.6,125.6
Saint-Pierre-et-Miquelon,2019,11,4.9,138.1,9.5,55.4
Saint-Pierre-et-Miquelon,2019,12,0.7,108.4,8.5,41.6
Saint-Pierre-et-Miquelon,2020,1,-2.8,104.2,7.9,43.2
Saint-Pierre-et-Miquelon,2020,2,-2.3,83.4,9.4,67.2
Saint-Pierre-et-Miquelon,2020,3,-1.0,,9.2,105.0
Saint-Pierre-et-Miquelon,2020,4,2.6,88.9,7.5,167.6
Saint-Pierre-et-Miquelon,2020,5,5.6,123.9,7.4,153.5
Saint-Pierre-et-Miquelon,2020,6,11.1,97.7,4.1,104.7
Saint-Pierre-et-Miquelon,2020,7,15.0,87.6,4.7,116.9
Saint-Pierre-et-Miquelon,2020,8,17.6,105.8,5.8,208.2
Saint-Pierre-et-Miquelon,2020,9,14.4,155.1,5.7,150.4
Saint-Pierre-et-Miquelon,2020,10,9.6,77.5,6.5,112.8
Saint-Pierre-et-Miquelon,2020,11,5.3,110.4,7.8,58.7
Saint-Pierre-et-Miquelon,2020,12,3.4,106.6,7.9,42.0
Saint-Pierre-et-Miquelon,2021,1,0.1,57.3,7.5,32.8
Saint-Pierre-et-Miquelon,2021,2,-1.2,94.8,9.3,27.6
Saint-Pierre-et-Miquelon,2021,3,0.0,123.6,8.2,104.8
Saint-Pierre-et-Miquelon,2021,4,4.4,71.1,7.5,101.5
Saint-Pierre-et-Miquelon,2021,5,6.1,35.1,7.0,176.3
Saint-Pierre-et-Miquelon,2021,6,10.9,44.2,4.8,160.5
Saint-Pierre-et-Miquelon,2021,7,14.4,80.4,5.6,133.9
Saint-Pierre-et-Miquelon,2021,8,17.8,41.3,5.7,194.4
Saint-Pierre-et-Miquelon,2021,9,15.9,86.8,6.6,151.9
Saint-Pierre-et-Miquelon,2021,10,10.6,99.7,7.0,130.1
Saint-Pierre-et-Miquelon,2021,11,7.1,138.1,8.3,79.1
Saint-Pierre-et-Miquelon,2021,12,1.8,125.5,10.1,33.6
Saint-Pierre-et-Miquelon,2022,1,-0.1,162.1,10.0,20.1
Saint-Pierre-et-Miquelon,2022,2,-1.3,171.1,9.4,42.5
Saint-Pierre-et-Miquelon,2022,3,-0.2,122.5,9.3,68.3
Saint-Pierre-et-Miquelon,2022,4,3.9,110.0,7.3,87.6
Saint-Pierre-et-Miquelon,2022,5,7.2,111.9,5.5,205.0
Saint-Pierre-et-Miquelon,2022,6,11.6,102.3,5.3,176.5
Saint-Pierre-et-Miquelon,2022,7,16.1,88.7,5.6,182.8
Saint-Pierre-et-Miquelon,2022,8,18.5,142.6,5.2,114.5
Saint-Pierre-et-Miquelon,2022,9,15.6,87.6,7.9,151.9
Saint-Pierre-et-Miquelon,2022,10,11.9,115.3,6.0,146.4
Saint-Pierre-et-Miquelon,2022,11,5.4,149.6,9.7,54.9
Saint-Pierre-et-Miquelon,2022,12,2.0,84.5,8.7,
Saint-Pierre-et-Miquelon,2023,1,0.9,120.6,8.2,11.8
Saint-Pierre-et-Miquelon,2023,2,-3.9,87.0,9.3,81.0
Saint-Pierre-et-Miquelon,2023,3,0.1,29.7,8.7,161.5
Saint-Pierre-et-Miquelon,2023,4,3.2,46.1,7.8,189.7
Saint-Pierre-et-Miquelon,2023,5,6.0,42.1,6.9,232.3
Saint-Pierre-et-Miquelon,2023,6,10.5,76.9,5.8,129.3
Saint-Pierre-et-Miquelon,2023,7,16.8,129.5,4.1,98.0
Saint-Pierre-et-Miquelon,2023,8,17.7,149.4,5.6,166.4
Saint-Pierre-et-Miquelon,2023,9,16.4,89.1,6.1,159.3
Saint-Pierre-et-Miquelon,2023,10,11.6,171.0,6.8,109.9
Saint-Pierre-et-Miquelon,2023,11,4.2,64.5,7.2,64.4
Saint-Pierre-et-Miquelon,2023,12,2.2,81.5,8.8,73.9
Saint-Pierre-et-Miquelon,2024,1,-1.9,37.4,8.7,65.8
Saint-Pierre-et-Miquelon,2024,2,-0.9,70.8,9.2,60.8
Saint-Pierre-et-Miquelon,2024,3,0.8,118.1,7.8,87.6
Saint-Pierre-et-Miquelon,2024,4,3.4,74.9,7.7,143.0
Saint-Pierre-et-Miquelon,2024,5,7.2,77.8,5.5,183.8
Saint-Pierre-et-Miquelon,2024,6,11.3,199.6,5.7,154.8
Saint-Pierre-et-Miquelon,2024,7,16.5,102.7,4.3,155.6
Saint-Pierre-et-Miquelon,2024,8,18.1,103.3,5.1,167.6
Saint-Pierre-et-Miquelon,2024,9,15.6,77.5,5.9,192.5
Saint-Pierre-et-Miquelon,2024,10,10.6,167.2,7.5,146.9
Saint-Pierre-et-Miquelon,2024,11,7.2,174.0,8.7,42.2
Saint-Pierre-et-Miquelon,2024,12,2.2,102.3,8.3,55.2
Sarthe,2018,1,7.9,114.0,4.4,33.9
Sarthe,2018,2,2.6,54.4,3.8,122.3
Sarthe,2018,3,7.5,101.6,3.9,88.2
Sarthe,2018,4,12.8,59.9,2.8,168.8
Sarthe,2018,5,15.7,47.3,3.0,276.5
Sarthe,2018,6,19.1,114.3,2.9,233.7
Sarthe,2018,7,22.3,33.4,2.5,277.5
Sarthe,2018,8,20.3,46.1,2.5,252.5
Sarthe,2018,9,16.8,11.5,2.9,231.9
Sarthe,2018,10,13.1,41.1,3.0,160.5
Sarthe,2018,11,8.2,114.7,3.2,96.8
Sarthe,2018,12,7.2,95.5,3.6,52.9
Sarthe,2019,1,4.5,58.9,2.9,58.3
Sarthe,2019,2,7.2,46.6,3.0,151.0
Sarthe,2019,3,9.2,65.9,4.3,162.7
Sarthe,2019,4,10.8,38.4,3.2,201.2
Sarthe,2019,5,12.9,43.3,3.0,207.8
Sarthe,2019,6,18.7,60.9,3.2,243.6
Sarthe,2019,7,21.4,19.2,3.1,340.7
Sarthe,2019,8,19.8,56.9,2.8,237.1
Sarthe,2019,9,16.8,33.0,3.5,197.7
Sarthe,2019,10,13.5,142.5,3.5,83.9
Sarthe,2019,11,7.9,132.0,3.3,54.4
Sarthe,2019,12,7.1,109.1,4.0,82.0
Sarthe,2020,1,6.8,70.2,3.9,87.4
Sarthe,2020,2,8.8,83.5,5.4,83.8
Sarthe,2020,3,8.7,76.9,4.4,171.0
Sarthe,2020,4,14.1,29.8,3.1,229.5
Sarthe,2020,5,15.7,32.7,3.6,307.0
Sarthe,2020,6,17.4,59.5,3.1,196.9
Sarthe,2020,7,19.4,7.5,3.1,294.0
Sarthe,2020,8,21.0,31.9,2.8,213.1
Sarthe,2020,9,18.3,40.6,2.8,209.6
Sarthe,2020,10,12.2,86.1,3.7,76.5
Sarthe,2020,11,9.8,30.2,2.8,127.9
Sarthe,2020,12,6.7,154.2,3.8,62.3
Sarthe,2021,1,4.4,85.0,3.4,68.4
Sarthe,2021,2,6.6,41.1,3.8,88.3
Sarthe,2021,3,7.8,27.1,3.5,202.5
Sarthe,2021,4,9.2,25.7,3.7,250.0
Sarthe,2021,5,12.8,105.8,3.8,184.0
Sarthe,2021,6,18.5,111.1,2.4,216.7
Sarthe,2021,7,19.3,69.0,3.2,212.5
Sarthe,2021,8,18.0,25.9,2.9,177.9
Sarthe,2021,9,18.1,45.1,2.4,197.4
Sarthe,2021,10,12.4,104.0,2.9,183.6
Sarthe,2021,11,6.7,45.2,2.6,112.6
Sarthe,2021,12,6.8,82.8,3.7,53.4
Sarthe,2022,1,4.9,38.9,2.8,56.8
Sarthe,2022,2,7.3,27.4,3.8,113.2
Sarthe,2022,3,9.7,28.2,3.3,152.8
Sarthe,2022,4,11.1,42.5,3.5,197.7
Sarthe,2022,5,16.0,33.4,2.8,250.0
Sarthe,2022,6,18.9,95.6,2.9,244.8
Sarthe,2022,7,21.4,10.3,2.8,349.8
Sarthe,2022,8,22.1,28.6,3.0,271.8
Sarthe,2022,9,16.8,69.6,2.8,176.2
Sarthe,2022,10,16.0,48.0,2.9,139.5
Sarthe,2022,11,9.9,82.6,3.5,102.6
Sarthe,2022,12,5.2,70.4,3.9,56.0
Sarthe,2023,1,6.0,68.0,4.2,71.1
Sarthe,2023,2,6.4,4.5,3.2,124.0
Sarthe,2023,3,9.3,85.7,4.4,109.7
Sarthe,2023,4,10.7,53.5,3.5,171.9
Sarthe,2023,5,15.3,44.7,3.9,271.0
Sarthe,2023,6,20.8,53.2,2.9,308.8
Sarthe,2023,7,19.5,68.8,3.3,218.7
Sarthe,2023,8,19.8,51.8,2.9,175.7
Sarthe,2023,9,20.1,87.2,2.4,198.9
Sarthe,2023,10,14.8,117.9,3.0,148.7
Sarthe,2023,11,9.6,99.9,3.9,87.7
Sarthe,2023,12,7.9,72.4,4.0,45.8
Sarthe,2024,1,5.2,78.4,3.7,73.9
Sarthe,2024,2,9.2,101.5,3.8,44.1
Sarthe,2024,3,9.5,85.7,3.3,130.0
Sarthe,2024,4,11.4,60.6,3.4,163.1
Sarthe,2024,5,14.7,127.0,3.0,165.9
Sarthe,2024,6,17.0,57.1,2.8,213.4
Sarthe,2024,7,19.6,59.0,2.6,205.2
Sarthe,2024,8,19.8,45.5,2.5,235.1
Sarthe,2024,9,15.7,83.7,3.2,136.1
Sarthe,2024,10,13.8,112.6,2.7,78.2
Sarthe,2024,11,8.6,58.0,3.2,34.8
Sarthe,2024,12,6.2,39.6,3.5,34.2
Savoie,2018,1,0.6,294.4,3.4,54.8
Savoie,2018,2,-4.0,53.2,2.5,76.8
Savoie,2018,3,0.4,134.9,2.7,106.0
Savoie,2018,4,7.6,37.3,3.1,180.3
Savoie,2018,5,11.0,103.7,2.2,126.8
Savoie,2018,6,15.1,50.5,2.2,227.8
Savoie,2018,7,17.9,65.7,2.1,265.2
Savoie,2018,8,17.3,93.6,2.1,234.1
Savoie,2018,9,14.7,43.4,2.0,220.8
Savoie,2018,10,9.2,78.2,2.8,132.2
Savoie,2018,11,4.0,53.2,2.8,73.6
Savoie,2018,12,0.8,156.1,2.3,79.6
Savoie,2019,1,-4.4,87.0,2.4,102.0
Savoie,2019,2,1.8,59.8,2.2,163.8
Savoie,2019,3,2.6,85.8,2.8,174.9
Savoie,2019,4,4.7,66.7,3.2,166.0
Savoie,2019,5,7.5,103.9,2.5,185.2
Savoie,2019,6,16.3,88.4,2.6,261.1
Savoie,2019,7,18.1,69.4,2.2,279.8
Savoie,2019,8,17.1,70.8,2.1,234.0
Savoie,2019,9,13.5,35.9,2.1,179.5
Savoie,2019,10,10.1,154.8,2.4,113.9
Savoie,2019,11,2.4,159.5,2.6,65.9
Savoie,2019,12,1.2,182.8,3.0,81.3
Savoie,2020,1,0.2,52.2,2.3,115.9
Savoie,2020,2,1.9,147.2,2.9,113.3
Savoie,2020,3,2.2,105.9,2.4,165.9
Savoie,2020,4,8.9,48.2,1.9,226.9
Savoie,2020,5,11.5,116.9,2.3,220.3
Savoie,2020,6,13.4,130.8,2.0,182.2
Savoie,2020,7,17.4,36.0,2.0,278.2
Savoie,2020,8,17.2,123.2,2.1,235.8
Savoie,2020,9,13.2,79.3,2.0,184.3
Savoie,2020,10,6.8,131.5,2.4,85.8
Savoie,2020,11,5.5,26.7,1.8,125.6
Savoie,2020,12,-0.9,89.1,2.3,68.8
Savoie,2021,1,-3.7,157.0,2.6,69.5
Savoie,2021,2,2.6,52.9,2.7,119.7
Savoie,2021,3,2.0,62.6,2.2,177.9
Savoie,2021,4,4.2,51.0,2.3,191.4
Savoie,2021,5,7.3,149.4,2.6,178.7
Savoie,2021,6,15.2,76.8,2.3,220.1
Savoie,2021,7,15.2,137.9,2.1,167.8
Savoie,2021,8,14.5,66.4,2.1,248.4
Savoie,2021,9,13.1,71.2,1.9,176.7
Savoie,2021,10,7.6,61.0,2.4,175.8
Savoie,2021,11,0.9,46.7,2.2,90.4
Savoie,2021,12,-0.5,196.6,2.2,91.9
Savoie,2022,1,-1.4,40.4,2.2,142.6
Savoie,2022,2,0.1,73.8,2.6,146.1
Savoie,2022,3,2.8,13.8,2.6,196.8
Savoie,2022,4,4.3,82.9,2.5,204.2
Savoie,2022,5,12.2,64.9,2.1,245.1
Savoie,2022,6,16.4,70.6,2.5,239.1
Savoie,2022,7,18.7,15.4,2.4,337.0
Savoie,2022,8,17.6,71.6,2.2,261.4
Savoie,2022,9,11.7,112.3,2.2,175.9
Savoie,2022,10,12.0,95.0,2.1,151.2
Savoie,2022,11,3.7,92.7,2.1,104.1
Savoie,2022,12,0.8,124.1,2.4,85.9
Savoie,2023,1,-2.3,71.6,2.4,103.1
Savoie,2023,2,0.9,3.7,2.2,165.6
Savoie,2023,3,3.0,190.2,2.7,146.2
Savoie,2023,4,4.0,85.0,2.2,148.6
Savoie,2023,5,9.8,82.7,2.1,179.9
Savoie,2023,6,15.3,83.2,2.1,228.5
Savoie,2023,7,17.5,61.8,2.4,282.5
Savoie,2023,8,17.3,111.4,2.4,232.7
Savoie,2023,9,15.3,65.4,2.0,212.6
Savoie,2023,10,11.1,163.3,2.4,143.9
Savoie,2023,11,1.5,222.2,2.8,66.5
Savoie,2023,12,0.9,159.7,2.6,89.5
Savoie,2024,1,0.2,129.9,2.5,97.8
Savoie,2024,2,3.0,62.8,2.4,118.2
Savoie,2024,3,3.8,82.4,3.3,95.0
Savoie,2024,4,5.6,60.1,3.0,111.4
Savoie,2024,5,9.6,139.0,2.1,144.0
Savoie,2024,6,14.3,121.1,2.4,168.1
Savoie,2024,7,17.6,89.5,2.1,272.7
Savoie,2024,8,18.4,64.1,2.0,260.1
Savoie,2024,9,11.1,171.9,2.5,117.8
Savoie,2024,10,10.3,138.6,2.4,101.8
Savoie,2024,11,4.2,73.7,2.2,131.2
Savoie,2024,12,-0.5,105.1,2.3,96.9
Saône-et-Loire,2018,1,7.1,174.9,3.5,42.8
Saône-et-Loire,2018,2,1.3,50.0,3.0,84.0
Saône-et-Loire,2018,3,7.0,130.7,3.0,104.9
Saône-et-Loire,2018,4,13.4,52.6,2.7,193.6
Saône-et-Loire,2018,5,15.9,100.4,2.2,209.3
Saône-et-Loire,2018,6,19.4,62.8,2.4,272.4
Saône-et-Loire,2018,7,22.5,50.9,2.1,323.3
Saône-et-Loire,2018,8,21.9,49.2,2.2,281.3
Saône-et-Loire,2018,9,18.3,23.0,2.1,258.9
Saône-et-Loire,2018,10,13.0,60.0,2.3,152.7
Saône-et-Loire,2018,11,7.8,72.0,2.2,55.4
Saône-et-Loire,2018,12,5.4,96.8,3.0,39.0
Saône-et-Loire,2019,1,2.2,55.0,2.9,64.8
Saône-et-Loire,2019,2,6.2,25.1,2.4,181.5
Saône-et-Loire,2019,3,8.7,57.5,3.8,199.8
Saône-et-Loire,2019,4,10.5,79.5,2.8,191.5
Saône-et-Loire,2019,5,12.5,48.5,2.8,210.3
Saône-et-Loire,2019,6,19.8,67.4,2.4,279.1
Saône-et-Loire,2019,7,22.6,46.2,2.4,331.2
Saône-et-Loire,2019,8,21.0,57.8,2.0,268.4
Saône-et-Loire,2019,9,17.3,36.7,2.4,230.8
Saône-et-Loire,2019,10,13.8,142.0,2.5,98.3
Saône-et-Loire,2019,11,7.2,126.3,2.5,60.7
Saône-et-Loire,2019,12,6.5,104.8,3.5,61.0
Saône-et-Loire,2020,1,5.0,38.6,2.6,99.7
Saône-et-Loire,2020,2,8.0,66.5,4.0,120.9
Saône-et-Loire,2020,3,8.0,54.6,3.2,185.1
Saône-et-Loire,2020,4,13.6,38.8,2.2,262.0
Saône-et-Loire,2020,5,15.3,69.5,2.7,270.6
Saône-et-Loire,2020,6,18.0,88.6,2.3,222.4
Saône-et-Loire,2020,7,21.3,14.7,2.3,315.8
Saône-et-Loire,2020,8,22.3,40.6,2.3,236.8
Saône-et-Loire,2020,9,18.3,85.1,2.3,218.0
Saône-et-Loire,2020,10,11.5,150.3,3.0,61.9
Saône-et-Loire,2020,11,8.6,22.9,2.0,117.4
Saône-et-Loire,2020,12,5.3,121.4,3.0,38.7
Saône-et-Loire,2021,1,3.0,98.8,3.6,48.0
Saône-et-Loire,2021,2,6.9,42.6,3.4,110.8
Saône-et-Loire,2021,3,7.2,38.2,3.1,187.3
Saône-et-Loire,2021,4,9.2,43.1,3.2,235.6
Saône-et-Loire,2021,5,12.3,129.4,3.4,191.3
Saône-et-Loire,2021,6,19.6,117.7,2.4,216.5
Saône-et-Loire,2021,7,19.1,120.7,2.6,210.4
Saône-et-Loire,2021,8,18.7,35.6,2.4,206.8
Saône-et-Loire,2021,9,18.0,104.5,2.0,203.0
Saône-et-Loire,2021,10,11.5,93.0,2.7,180.9
Saône-et-Loire,2021,11,5.3,36.9,2.6,60.3
Saône-et-Loire,2021,12,4.4,112.1,3.1,43.6
Saône-et-Loire,2022,1,2.2,35.8,2.9,81.7
Saône-et-Loire,2022,2,6.2,46.7,3.7,131.6
Saône-et-Loire,2022,3,8.6,35.7,2.8,205.0
Saône-et-Loire,2022,4,10.6,49.6,3.3,207.4
Saône-et-Loire,2022,5,17.1,26.6,2.6,283.3
Saône-et-Loire,2022,6,20.7,158.1,2.5,266.0
Saône-et-Loire,2022,7,21.7,8.1,2.5,362.0
Saône-et-Loire,2022,8,22.5,38.4,2.5,282.4
Saône-et-Loire,2022,9,16.6,97.0,2.6,191.4
Saône-et-Loire,2022,10,16.3,75.0,2.6,146.9
Saône-et-Loire,2022,11,9.1,78.3,2.9,68.5
Saône-et-Loire,2022,12,4.8,70.0,3.1,37.7
Saône-et-Loire,2023,1,4.8,52.8,3.8,40.8
Saône-et-Loire,2023,2,5.2,8.0,2.8,126.9
Saône-et-Loire,2023,3,8.5,73.5,3.6,133.3
Saône-et-Loire,2023,4,10.2,58.9,3.2,153.8
Saône-et-Loire,2023,5,15.4,49.3,2.9,210.2
Saône-et-Loire,2023,6,20.9,80.1,2.3,280.7
Saône-et-Loire,2023,7,21.5,61.5,2.7,240.0
Saône-et-Loire,2023,8,21.8,63.7,2.6,214.4
Saône-et-Loire,2023,9,20.3,74.9,2.3,246.8
Saône-et-Loire,2023,10,14.8,147.3,3.0,163.7
Saône-et-Loire,2023,11,8.1,136.7,3.8,60.5
Saône-et-Loire,2023,12,6.0,88.8,3.5,54.6
Saône-et-Loire,2024,1,4.2,55.2,3.2,73.0
Saône-et-Loire,2024,2,8.0,74.8,3.4,58.9
Saône-et-Loire,2024,3,9.9,149.0,3.4,115.6
Saône-et-Loire,2024,4,10.9,75.5,3.5,139.2
Saône-et-Loire,2024,5,14.7,118.7,2.6,162.8
Saône-et-Loire,2024,6,18.6,105.1,2.6,179.0
Saône-et-Loire,2024,7,20.8,84.5,2.3,256.4
Saône-et-Loire,2024,8,21.8,54.0,2.2,308.8
Saône-et-Loire,2024,9,15.7,117.2,3.1,142.0
Saône-et-Loire,2024,10,14.4,139.4,2.6,112.0
Saône-et-Loire,2024,11,7.8,64.4,3.0,67.3
Saône-et-Loire,2024,12,3.5,65.0,2.9,51.0
Seine-Maritime,2018,1,7.0,162.9,5.5,18.2
Seine-Maritime,2018,2,2.7,45.3,4.9,117.9
Seine-Maritime,2018,3,6.5,86.2,4.7,58.9
Seine-Maritime,2018,4,12.3,97.9,4.0,147.7
Seine-Maritime,2018,5,14.7,64.7,3.4,204.2
Seine-Maritime,2018,6,17.4,19.9,3.6,196.1
Seine-Maritime,2018,7,20.7,28.7,3.0,254.4
Seine-Maritime,2018,8,18.8,83.2,3.4,197.4
Seine-Maritime,2018,9,15.7,41.6,3.5,215.3
Seine-Maritime,2018,10,13.1,49.5,4.0,159.2
Seine-Maritime,2018,11,8.0,57.8,4.4,52.0
Seine-Maritime,2018,12,7.1,128.8,4.9,42.4
Seine-Maritime,2019,1,4.7,57.9,4.2,18.4
Seine-Maritime,2019,2,7.3,57.2,4.0,128.4
Seine-Maritime,2019,3,9.0,72.8,5.4,103.3
Seine-Maritime,2019,4,10.4,35.4,3.7,200.8
Seine-Maritime,2019,5,12.2,38.5,3.7,140.1
Seine-Maritime,2019,6,17.2,81.2,3.6,
Seine-Maritime,2019,7,19.2,27.6,3.4,
Seine-Maritime,2019,8,18.7,46.3,3.2,
Seine-Maritime,2019,9,15.9,52.0,4.2,
Seine-Maritime,2019,10,13.0,166.6,4.5,
Seine-Maritime,2019,11,7.9,164.7,4.4,
Seine-Maritime,2019,12,6.9,147.0,5.2,
Seine-Maritime,2020,1,6.5,76.9,4.6,
Seine-Maritime,2020,2,8.1,148.1,6.9,
Seine-Maritime,2020,3,7.8,74.4,5.3,
Seine-Maritime,2020,4,12.7,35.7,3.5,
Seine-Maritime,2020,5,13.7,27.5,4.0,
Seine-Maritime,2020,6,16.6,58.0,3.7,
Seine-Maritime,2020,7,17.8,24.5,4.0,
Seine-Maritime,2020,8,20.2,94.3,3.8,
Seine-Maritime,2020,9,16.8,49.7,4.0,
Seine-Maritime,2020,10,12.2,161.4,5.1,
Seine-Maritime,2020,11,9.8,44.9,4.5,
Seine-Maritime,2020,12,6.8,164.7,5.1,
Seine-Maritime,2021,1,4.6,143.8,4.6,
Seine-Maritime,2021,2,6.4,37.8,5.0,
Seine-Maritime,2021,3,7.7,43.9,4.5,
Seine-Maritime,2021,4,7.5,22.2,4.1,
Seine-Maritime,2021,5,11.8,94.1,4.9,
Seine-Maritime,2021,6,17.0,129.0,2.9,
Seine-Maritime,2021,7,18.4,78.7,3.5,
Seine-Maritime,2021,8,17.3,47.2,3.8,
Seine-Maritime,2021,9,17.6,42.4,3.4,
Seine-Maritime,2021,10,12.6,105.4,4.3,
Seine-Maritime,2021,11,7.9,68.6,4.1,
Seine-Maritime,2021,12,7.2,104.0,5.0,
Seine-Maritime,2022,1,5.3,64.3,4.1,51.8
Seine-Maritime,2022,2,7.5,45.4,6.3,93.4
Seine-Maritime,2022,3,9.4,26.5,4.3,166.1
Seine-Maritime,2022,4,10.1,44.4,4.6,207.4
Seine-Maritime,2022,5,14.3,37.0,3.6,241.6
Seine-Maritime,2022,6,17.2,62.9,3.5,230.9
Seine-Maritime,2022,7,19.7,11.0,3.3,279.4
Seine-Maritime,2022,8,20.4,10.9,3.6,265.6
Seine-Maritime,2022,9,15.9,108.8,3.6,137.7
Seine-Maritime,2022,10,14.9,59.0,4.1,121.3
Seine-Maritime,2022,11,9.9,153.0,5.4,60.0
Seine-Maritime,2022,12,4.8,96.2,4.5,50.5
Seine-Maritime,2023,1,6.1,91.9,5.5,44.7
Seine-Maritime,2023,2,6.4,8.5,4.0,120.6
Seine-Maritime,2023,3,8.7,112.6,5.7,82.6
Seine-Maritime,2023,4,9.6,75.8,4.5,159.2
Seine-Maritime,2023,5,13.4,39.1,4.5,253.9
Seine-Maritime,2023,6,18.6,51.6,3.8,307.2
Seine-Maritime,2023,7,18.1,109.4,4.3,195.2
Seine-Maritime,2023,8,18.4,99.1,3.9,179.2
Seine-Maritime,2023,9,19.2,59.6,3.4,201.8
Seine-Maritime,2023,10,14.3,89.5,4.3,145.0
Seine-Maritime,2023,11,9.2,176.5,5.9,54.2
Seine-Maritime,2023,12,8.0,79.8,6.0,47.6
Seine-Maritime,2024,1,4.6,72.3,5.2,84.3
Seine-Maritime,2024,2,9.0,100.4,5.6,33.6
Seine-Maritime,2024,3,9.2,64.6,4.5,123.6
Seine-Maritime,2024,4,11.0,60.8,5.0,143.3
Seine-Maritime,2024,5,14.2,93.5,3.6,184.0
Seine-Maritime,2024,6,15.3,35.4,3.6,230.8
Seine-Maritime,2024,7,18.4,71.0,3.5,201.0
Seine-Maritime,2024,8,19.2,44.4,3.6,219.4
Seine-Maritime,2024,9,15.6,128.0,4.3,139.6
Seine-Maritime,2024,10,13.2,84.8,3.7,114.7
Seine-Maritime,2024,11,8.6,86.4,4.4,46.7
Seine-Maritime,2024,12,6.6,67.6,5.3,29.4
Seine-Saint-Denis,2018,1,7.7,134.6,,
Seine-Saint-Denis,2018,2,1.8,57.2,,
Seine-Saint-Denis,2018,3,7.4,92.6,,
Seine-Saint-Denis,2018,4,13.9,59.0,,
Seine-Saint-Denis,2018,5,16.6,88.3,,
Seine-Saint-Denis,2018,6,19.6,102.5,,
Seine-Saint-Denis,2018,7,23.8,46.3,,
Seine-Saint-Denis,2018,8,21.2,36.3,,
Seine-Saint-Denis,2018,9,17.0,15.8,,
Seine-Saint-Denis,2018,10,14.0,22.5,,
Seine-Saint-Denis,2018,11,8.0,77.3,,
Seine-Saint-Denis,2018,12,6.8,79.6,,
Seine-Saint-Denis,2019,1,4.0,48.3,,
Seine-Saint-Denis,2019,2,7.3,39.5,,
Seine-Saint-Denis,2019,3,9.6,53.7,,
Seine-Saint-Denis,2019,4,11.4,19.2,,
Seine-Saint-Denis,2019,5,13.4,102.2,,
Seine-Saint-Denis,2019,6,19.8,63.3,,
Seine-Saint-Denis,2019,7,22.0,29.8,,
Seine-Saint-Denis,2019,8,20.8,75.6,,
Seine-Saint-Denis,2019,9,17.1,35.2,,
Seine-Saint-Denis,2019,10,13.5,83.9,,
Seine-Saint-Denis,2019,11,8.0,102.0,,
Seine-Saint-Denis,2019,12,6.8,95.8,,
Seine-Saint-Denis,2020,1,6.2,34.4,,
Seine-Saint-Denis,2020,2,9.0,109.2,,
Seine-Saint-Denis,2020,3,8.4,55.9,,
Seine-Saint-Denis,2020,4,13.7,25.1,,
Seine-Saint-Denis,2020,5,15.2,57.8,,
Seine-Saint-Denis,2020,6,18.8,48.2,,
Seine-Saint-Denis,2020,7,20.3,11.0,,
Seine-Saint-Denis,2020,8,22.4,25.2,,
Seine-Saint-Denis,2020,9,18.8,46.8,,
Seine-Saint-Denis,2020,10,12.7,84.1,,
Seine-Saint-Denis,2020,11,9.5,19.1,,
Seine-Saint-Denis,2020,12,6.6,115.3,,
Seine-Saint-Denis,2021,1,4.5,106.7,,
Seine-Saint-Denis,2021,2,6.6,48.6,,
Seine-Saint-Denis,2021,3,8.2,40.5,,
Seine-Saint-Denis,2021,4,9.2,36.6,,
Seine-Saint-Denis,2021,5,13.0,73.6,,
Seine-Saint-Denis,2021,6,20.0,121.4,,
Seine-Saint-Denis,2021,7,20.3,106.7,,
Seine-Saint-Denis,2021,8,19.2,21.8,,
Seine-Saint-Denis,2021,9,18.4,75.0,,
Seine-Saint-Denis,2021,10,12.0,74.4,,
Seine-Saint-Denis,2021,11,6.3,34.8,,
Seine-Saint-Denis,2021,12,6.7,85.0,,
Seine-Saint-Denis,2022,1,5.0,60.2,,
Seine-Saint-Denis,2022,2,8.0,30.5,,
Seine-Saint-Denis,2022,3,9.6,22.9,,
Seine-Saint-Denis,2022,4,11.4,51.8,,
Seine-Saint-Denis,2022,5,17.1,22.0,,
Seine-Saint-Denis,2022,6,20.0,88.1,,
Seine-Saint-Denis,2022,7,21.8,8.6,,
Seine-Saint-Denis,2022,8,22.5,40.6,,
Seine-Saint-Denis,2022,9,17.0,50.8,,
Seine-Saint-Denis,2022,10,15.8,45.5,,
Seine-Saint-Denis,2022,11,10.0,51.9,,
Seine-Saint-Denis,2022,12,5.5,54.0,,
Seine-Saint-Denis,2023,1,6.4,51.7,,
Seine-Saint-Denis,2023,2,6.7,0.6,,
Seine-Saint-Denis,2023,3,9.7,66.9,,
Seine-Saint-Denis,2023,4,10.6,67.8,,
Seine-Saint-Denis,2023,5,15.4,55.1,,
Seine-Saint-Denis,2023,6,21.5,40.8,,
Seine-Saint-Denis,2023,7,20.9,103.7,,
Seine-Saint-Denis,2023,8,20.3,68.5,,
Seine-Saint-Denis,2023,9,20.6,40.8,,
Seine-Saint-Denis,2023,10,15.0,90.7,,
Seine-Saint-Denis,2023,11,9.6,105.4,,
Seine-Saint-Denis,2023,12,8.0,62.7,,
Seine-Saint-Denis,2024,1,4.7,54.4,,
Seine-Saint-Denis,2024,2,9.4,89.0,,
Seine-Saint-Denis,2024,3,10.4,94.2,,
Seine-Saint-Denis,2024,4,12.3,63.8,,
Seine-Saint-Denis,2024,5,15.7,145.8,,
Seine-Saint-Denis,2024,6,17.8,35.0,,
Seine-Saint-Denis,2024,7,20.5,71.3,,
Seine-Saint-Denis,2024,8,21.5,75.5,,
Seine-Saint-Denis,2024,9,16.5,118.9,,
Seine-Saint-Denis,2024,10,14.0,107.7,,
Seine-Saint-Denis,2024,11,8.5,56.4,,
Seine-Saint-Denis,2024,12,6.1,64.7,,
Seine-et-Marne,2018,1,7.3,142.4,4.7,26.7
Seine-et-Marne,2018,2,1.3,51.0,3.6,119.3
Seine-et-Marne,2018,3,6.9,76.9,3.8,89.7
Seine-et-Marne,2018,4,13.0,62.2,2.9,184.3
Seine-et-Marne,2018,5,15.7,65.4,2.6,273.2
Seine-et-Marne,2018,6,19.0,84.3,2.3,238.2
Seine-et-Marne,2018,7,22.5,34.6,2.2,291.8
Seine-et-Marne,2018,8,20.6,25.6,2.4,260.9
Seine-et-Marne,2018,9,16.4,19.1,2.4,237.7
Seine-et-Marne,2018,10,13.0,25.1,2.8,182.8
Seine-et-Marne,2018,11,7.8,74.1,3.1,80.0
Seine-et-Marne,2018,12,6.2,87.3,3.9,40.5
Seine-et-Marne,2019,1,3.5,54.9,3.2,42.8
Seine-et-Marne,2019,2,6.8,37.6,2.9,113.3
Seine-et-Marne,2019,3,8.8,66.2,4.4,169.6
Seine-et-Marne,2019,4,10.7,27.5,2.9,223.3
Seine-et-Marne,2019,5,12.6,94.2,2.6,197.4
Seine-et-Marne,2019,6,19.1,72.5,2.7,263.4
Seine-et-Marne,2019,7,21.0,24.8,2.6,331.5
Seine-et-Marne,2019,8,20.1,56.6,2.5,246.4
Seine-et-Marne,2019,9,16.4,32.7,3.0,200.2
Seine-et-Marne,2019,10,13.3,96.2,3.6,82.2
Seine-et-Marne,2019,11,7.6,107.4,3.6,62.1
Seine-et-Marne,2019,12,6.5,109.2,4.0,73.5
Seine-et-Marne,2020,1,6.0,44.4,3.7,90.6
Seine-et-Marne,2020,2,8.4,109.3,5.5,90.0
Seine-et-Marne,2020,3,8.2,59.9,4.2,171.9
Seine-et-Marne,2020,4,13.4,25.4,2.6,276.1
Seine-et-Marne,2020,5,14.7,52.9,2.7,305.9
Seine-et-Marne,2020,6,17.7,57.9,3.0,206.1
Seine-et-Marne,2020,7,19.8,5.5,2.8,276.3
Seine-et-Marne,2020,8,21.8,47.4,2.8,228.9
Seine-et-Marne,2020,9,18.1,50.1,2.6,214.6
Seine-et-Marne,2020,10,12.2,113.5,3.9,75.5
Seine-et-Marne,2020,11,9.0,22.2,2.8,119.2
Seine-et-Marne,2020,12,6.0,122.7,4.1,41.7
Seine-et-Marne,2021,1,4.0,103.6,3.5,53.0
Seine-et-Marne,2021,2,6.4,40.6,3.8,109.3
Seine-et-Marne,2021,3,7.6,37.0,3.4,188.0
Seine-et-Marne,2021,4,8.5,22.9,3.1,255.9
Seine-et-Marne,2021,5,12.4,87.2,3.7,182.5
Seine-et-Marne,2021,6,19.2,89.5,2.1,217.5
Seine-et-Marne,2021,7,19.2,103.3,2.7,194.4
Seine-et-Marne,2021,8,18.5,38.5,2.6,169.1
Seine-et-Marne,2021,9,17.9,76.3,2.1,213.4
Seine-et-Marne,2021,10,12.0,66.3,2.9,175.6
Seine-et-Marne,2021,11,5.9,43.5,2.6,67.6
Seine-et-Marne,2021,12,6.4,91.8,3.5,60.2
Seine-et-Marne,2022,1,3.9,56.4,2.9,64.6
Seine-et-Marne,2022,2,7.0,41.2,4.3,111.6
Seine-et-Marne,2022,3,8.7,21.2,2.8,194.7
Seine-et-Marne,2022,4,10.6,53.8,3.2,221.6
Seine-et-Marne,2022,5,16.2,20.6,2.4,268.3
Seine-et-Marne,2022,6,19.0,108.6,2.3,271.6
Seine-et-Marne,2022,7,20.9,20.2,2.2,327.6
Seine-et-Marne,2022,8,21.8,26.6,2.3,285.2
Seine-et-Marne,2022,9,16.3,62.2,2.4,167.3
Seine-et-Marne,2022,10,15.6,79.6,2.8,144.8
Seine-et-Marne,2022,11,9.3,44.0,3.6,76.8
Seine-et-Marne,2022,12,4.8,52.4,3.6,38.9
Seine-et-Marne,2023,1,5.6,57.1,4.4,43.0
Seine-et-Marne,2023,2,6.0,3.3,2.9,126.6
Seine-et-Marne,2023,3,8.9,76.7,4.4,119.0
Seine-et-Marne,2023,4,9.8,65.4,3.3,160.1
Seine-et-Marne,2023,5,14.7,51.2,3.0,257.1
Seine-et-Marne,2023,6,20.6,61.4,2.3,301.3
Seine-et-Marne,2023,7,20.0,100.1,3.1,223.9
Seine-et-Marne,2023,8,19.8,88.0,2.7,178.8
Seine-et-Marne,2023,9,20.0,46.8,2.3,224.0
Seine-et-Marne,2023,10,14.5,101.7,3.2,148.4
Seine-et-Marne,2023,11,8.8,105.6,4.4,64.0
Seine-et-Marne,2023,12,7.0,77.7,4.3,35.6
Seine-et-Marne,2024,1,4.2,61.8,3.7,64.0
Seine-et-Marne,2024,2,8.6,93.3,4.2,29.4
Seine-et-Marne,2024,3,9.7,81.6,3.3,128.2
Seine-et-Marne,2024,4,11.4,60.4,3.4,151.9
Seine-et-Marne,2024,5,15.0,105.2,2.5,146.6
Seine-et-Marne,2024,6,17.4,62.0,2.4,208.4
Seine-et-Marne,2024,7,20.0,104.7,2.2,207.8
Seine-et-Marne,2024,8,20.7,76.7,2.3,252.6
Seine-et-Marne,2024,9,16.1,125.4,3.1,135.6
Seine-et-Marne,2024,10,13.8,90.1,2.6,109.0
Seine-et-Marne,2024,11,7.8,59.6,3.1,39.2
Seine-et-Marne,2024,12,5.3,59.8,3.5,39.0
Somme,2018,1,6.4,122.1,5.3,25.2
Somme,2018,2,1.7,32.7,4.8,130.5
Somme,2018,3,5.9,71.3,4.7,72.8
Somme,2018,4,12.4,63.5,3.9,165.6
Somme,2018,5,14.9,81.8,3.4,251.9
Somme,2018,6,17.3,13.0,3.6,237.8
Somme,2018,7,21.1,23.5,3.0,288.2
Somme,2018,8,19.1,84.7,3.6,170.9
Somme,2018,9,15.4,45.4,3.4,185.8
Somme,2018,10,12.5,36.2,3.6,165.6
Somme,2018,11,7.4,55.2,4.0,85.6
Somme,2018,12,6.4,115.8,4.6,50.7
Somme,2019,1,3.6,50.1,4.2,40.2
Somme,2019,2,6.7,51.4,3.9,143.8
Somme,2019,3,8.7,80.8,5.6,119.2
Somme,2019,4,10.3,33.7,3.8,197.0
Somme,2019,5,12.1,38.1,3.7,203.5
Somme,2019,6,17.7,63.3,3.7,249.2
Somme,2019,7,19.0,39.8,3.5,275.7
Somme,2019,8,19.0,49.8,3.3,229.9
Somme,2019,9,15.7,53.0,4.1,165.3
Somme,2019,10,12.6,121.6,4.3,86.2
Somme,2019,11,6.9,106.1,4.2,65.2
Somme,2019,12,6.1,116.0,5.0,53.4
Somme,2020,1,5.9,53.4,4.6,42.4
Somme,2020,2,7.6,136.3,7.0,60.4
Somme,2020,3,7.4,70.8,5.3,165.5
Somme,2020,4,12.4,33.8,3.5,271.9
Somme,2020,5,13.8,24.3,3.9,300.6
Somme,2020,6,16.9,51.8,3.7,218.1
Somme,2020,7,18.0,27.1,4.1,229.3
Somme,2020,8,20.6,78.1,3.7,177.2
Somme,2020,9,16.6,48.4,3.8,165.5
Somme,2020,10,11.9,121.8,4.8,75.5
Somme,2020,11,9.1,43.1,3.9,68.2
Somme,2020,12,6.0,112.3,4.6,37.4
Somme,2021,1,3.5,149.0,4.2,23.9
Somme,2021,2,5.3,35.6,4.7,106.0
Somme,2021,3,7.3,47.3,4.5,174.1
Somme,2021,4,7.3,20.8,3.9,242.3
Somme,2021,5,11.7,78.2,4.6,208.1
Somme,2021,6,17.4,131.7,3.1,184.9
Somme,2021,7,18.4,72.9,3.4,188.4
Somme,2021,8,17.3,54.0,3.7,153.5
Somme,2021,9,17.2,29.7,3.1,178.8
Somme,2021,10,11.7,95.0,3.8,139.6
Somme,2021,11,7.0,64.4,3.4,71.6
Somme,2021,12,6.4,83.5,4.4,33.5
Somme,2022,1,4.5,66.7,3.6,72.4
Somme,2022,2,7.0,46.5,6.1,113.5
Somme,2022,3,8.6,18.1,3.9,196.5
Somme,2022,4,10.0,24.3,4.5,217.9
Somme,2022,5,14.5,33.5,3.5,251.4
Somme,2022,6,17.2,71.2,3.3,228.8
Somme,2022,7,19.4,12.7,3.2,313.3
Somme,2022,8,20.8,15.9,3.5,272.3
Somme,2022,9,15.6,86.6,3.3,159.6
Somme,2022,10,14.5,47.6,3.6,128.4
Somme,2022,11,9.1,111.8,4.6,76.0
Somme,2022,12,4.1,79.3,4.1,45.4
Somme,2023,1,5.6,77.7,5.2,52.2
Somme,2023,2,5.9,7.9,4.0,105.1
Somme,2023,3,8.2,107.5,5.1,105.3
Somme,2023,4,9.0,71.5,4.2,137.1
Somme,2023,5,13.4,48.8,4.1,240.2
Somme,2023,6,19.1,43.9,3.6,320.0
Somme,2023,7,18.4,104.6,4.3,193.4
Somme,2023,8,18.4,90.2,3.8,204.3
Somme,2023,9,19.0,51.2,3.1,193.0
Somme,2023,10,14.0,92.7,3.9,148.0
Somme,2023,11,8.5,168.0,5.2,63.7
Somme,2023,12,7.4,59.8,5.7,41.1
Somme,2024,1,3.8,67.2,5.0,92.0
Somme,2024,2,8.8,103.8,5.3,36.1
Somme,2024,3,9.1,80.3,4.1,105.3
Somme,2024,4,11.0,71.0,4.6,139.9
Somme,2024,5,14.6,94.8,3.4,142.3
Somme,2024,6,15.7,50.3,3.4,205.7
Somme,2024,7,18.8,80.4,3.2,192.0
Somme,2024,8,19.7,41.9,3.5,226.5
Somme,2024,9,15.7,99.6,4.0,142.5
Somme,2024,10,12.7,74.9,3.3,98.5
Somme,2024,11,7.8,69.4,3.7,40.4
Somme,2024,12,6.0,67.0,4.7,28.6
Tarn,2018,1,7.5,222.2,3.9,35.9
Tarn,2018,2,3.1,77.7,3.1,89.1
Tarn,2018,3,7.9,125.1,4.0,146.4
Tarn,2018,4,13.2,106.5,3.8,195.5
Tarn,2018,5,14.7,164.2,2.9,152.0
Tarn,2018,6,19.7,74.6,2.5,178.2
Tarn,2018,7,22.7,76.8,2.3,313.4
Tarn,2018,8,22.5,21.8,2.7,305.3
Tarn,2018,9,20.1,14.3,2.4,280.4
Tarn,2018,10,13.8,229.3,3.4,140.7
Tarn,2018,11,10.0,69.8,3.2,104.3
Tarn,2018,12,7.3,76.9,2.7,64.0
Tarn,2019,1,2.9,111.3,3.6,65.8
Tarn,2019,2,8.3,35.8,2.7,191.5
Tarn,2019,3,9.1,29.0,3.5,207.8
Tarn,2019,4,10.7,104.9,3.6,173.5
Tarn,2019,5,13.2,104.8,3.3,200.5
Tarn,2019,6,19.6,37.1,3.0,272.2
Tarn,2019,7,23.0,52.6,2.7,304.0
Tarn,2019,8,22.0,53.2,2.3,301.3
Tarn,2019,9,18.8,47.0,2.7,226.9
Tarn,2019,10,15.0,117.4,2.9,126.5
Tarn,2019,11,8.1,186.5,3.1,72.1
Tarn,2019,12,8.1,167.7,3.6,81.9
Tarn,2020,1,6.7,67.8,3.0,101.0
Tarn,2020,2,8.8,62.2,3.2,134.2
Tarn,2020,3,9.1,92.6,3.6,170.6
Tarn,2020,4,13.7,85.1,3.2,200.3
Tarn,2020,5,17.0,150.8,2.9,273.7
Tarn,2020,6,18.1,79.1,2.8,234.7
Tarn,2020,7,22.2,9.1,2.8,325.5
Tarn,2020,8,22.7,35.8,2.8,261.9
Tarn,2020,9,18.6,91.8,2.8,220.1
Tarn,2020,10,12.1,120.8,3.5,102.8
Tarn,2020,11,11.1,38.1,3.0,164.3
Tarn,2020,12,6.1,185.6,3.6,43.8
Tarn,2021,1,3.7,147.6,3.2,57.7
Tarn,2021,2,9.1,97.3,4.4,128.1
Tarn,2021,3,8.6,31.0,3.4,197.9
Tarn,2021,4,10.3,36.4,3.2,225.0
Tarn,2021,5,13.3,97.6,3.0,202.7
Tarn,2021,6,19.5,101.4,2.8,230.3
Tarn,2021,7,20.0,92.3,2.6,228.1
Tarn,2021,8,20.0,24.0,2.4,264.2
Tarn,2021,9,19.3,107.8,2.5,183.6
Tarn,2021,10,13.1,42.0,2.6,192.9
Tarn,2021,11,6.9,114.3,2.7,48.9
Tarn,2021,12,7.1,150.5,3.0,99.5
Tarn,2022,1,3.3,81.4,2.4,108.0
Tarn,2022,2,7.3,67.4,3.5,124.0
Tarn,2022,3,9.2,129.7,4.6,144.9
Tarn,2022,4,10.7,93.6,3.6,162.1
Tarn,2022,5,17.7,13.5,2.7,286.0
Tarn,2022,6,21.6,64.0,2.8,255.9
Tarn,2022,7,23.6,4.9,2.7,373.2
Tarn,2022,8,24.2,15.4,2.6,296.1
Tarn,2022,9,18.7,96.8,2.8,217.5
Tarn,2022,10,17.7,23.1,2.9,177.4
Tarn,2022,11,10.5,130.3,2.9,107.0
Tarn,2022,12,7.5,33.0,2.5,96.8
Tarn,2023,1,4.0,99.1,3.2,50.0
Tarn,2023,2,5.4,20.3,2.7,176.0
Tarn,2023,3,9.6,132.5,3.5,156.7
Tarn,2023,4,11.5,98.0,3.2,184.9
Tarn,2023,5,15.2,112.0,2.8,208.4
Tarn,2023,6,20.3,93.7,2.7,232.8
Tarn,2023,7,21.8,34.9,2.9,295.5
Tarn,2023,8,22.4,40.7,2.9,272.0
Tarn,2023,9,20.8,27.5,3.0,259.1
Tarn,2023,10,16.7,59.2,2.7,186.9
Tarn,2023,11,9.0,155.4,3.0,99.2
Tarn,2023,12,6.9,128.9,3.1,74.0
Tarn,2024,1,6.2,47.4,2.7,92.6
Tarn,2024,2,8.1,118.4,3.3,83.0
Tarn,2024,3,10.2,94.6,3.6,167.6
Tarn,2024,4,11.5,93.2,3.6,195.6
Tarn,2024,5,14.3,133.6,2.8,180.8
Tarn,2024,6,18.8,90.0,2.7,222.6
Tarn,2024,7,21.6,61.5,2.7,299.0
Tarn,2024,8,22.0,52.1,2.7,306.8
Tarn,2024,9,16.0,89.2,3.0,153.7
Tarn,2024,10,15.5,129.2,3.1,135.2
Tarn,2024,11,10.8,61.3,2.9,146.2
Tarn,2024,12,5.8,86.6,3.0,87.2
Tarn-et-Garonne,2018,1,8.6,112.7,3.2,41.7
Tarn-et-Garonne,2018,2,4.4,48.9,2.7,92.2
Tarn-et-Garonne,2018,3,9.0,86.2,3.5,135.5
Tarn-et-Garonne,2018,4,14.2,79.9,3.1,193.8
Tarn-et-Garonne,2018,5,16.2,75.1,2.4,165.4
Tarn-et-Garonne,2018,6,20.9,81.5,2.2,248.6
Tarn-et-Garonne,2018,7,23.7,69.1,2.2,332.6
Tarn-et-Garonne,2018,8,23.2,20.9,2.4,294.0
Tarn-et-Garonne,2018,9,20.6,16.5,2.1,275.5
Tarn-et-Garonne,2018,10,14.9,88.6,2.7,159.7
Tarn-et-Garonne,2018,11,10.2,44.8,2.2,99.4
Tarn-et-Garonne,2018,12,8.2,64.0,2.0,62.2
Tarn-et-Garonne,2019,1,4.3,86.0,2.9,66.1
Tarn-et-Garonne,2019,2,8.5,26.1,2.2,193.1
Tarn-et-Garonne,2019,3,10.3,17.5,3.0,216.5
Tarn-et-Garonne,2019,4,12.2,76.2,3.1,175.1
Tarn-et-Garonne,2019,5,14.6,77.1,3.0,213.4
Tarn-et-Garonne,2019,6,20.5,44.6,2.5,252.9
Tarn-et-Garonne,2019,7,24.3,34.4,2.6,311.2
Tarn-et-Garonne,2019,8,22.7,60.4,2.0,298.9
Tarn-et-Garonne,2019,9,19.8,23.1,2.4,236.5
Tarn-et-Garonne,2019,10,16.0,89.2,2.4,121.0
Tarn-et-Garonne,2019,11,9.1,154.1,2.8,69.8
Tarn-et-Garonne,2019,12,8.7,100.7,3.0,73.0
Tarn-et-Garonne,2020,1,7.3,46.2,2.2,103.0
Tarn-et-Garonne,2020,2,9.5,42.2,2.7,136.5
Tarn-et-Garonne,2020,3,10.1,80.3,3.0,177.4
Tarn-et-Garonne,2020,4,15.0,60.8,2.7,193.0
Tarn-et-Garonne,2020,5,18.3,83.0,2.7,284.8
Tarn-et-Garonne,2020,6,19.2,87.8,2.5,236.0
Tarn-et-Garonne,2020,7,22.8,6.0,2.5,317.4
Tarn-et-Garonne,2020,8,23.5,52.6,2.4,268.6
Tarn-et-Garonne,2020,9,19.4,62.8,2.4,221.2
Tarn-et-Garonne,2020,10,13.2,127.9,2.9,110.5
Tarn-et-Garonne,2020,11,11.2,26.1,2.1,167.4
Tarn-et-Garonne,2020,12,6.6,144.6,3.2,35.7
Tarn-et-Garonne,2021,1,4.8,105.6,2.7,71.1
Tarn-et-Garonne,2021,2,10.2,45.2,3.5,126.0
Tarn-et-Garonne,2021,3,9.8,18.0,2.9,197.4
Tarn-et-Garonne,2021,4,11.6,22.1,2.7,230.2
Tarn-et-Garonne,2021,5,14.5,90.8,2.6,206.4
Tarn-et-Garonne,2021,6,20.8,99.0,2.4,233.4
Tarn-et-Garonne,2021,7,21.0,87.5,2.3,237.6
Tarn-et-Garonne,2021,8,20.7,19.6,2.1,263.8
Tarn-et-Garonne,2021,9,20.4,138.4,2.0,181.6
Tarn-et-Garonne,2021,10,13.8,39.4,1.9,169.4
Tarn-et-Garonne,2021,11,7.8,52.2,2.3,
Tarn-et-Garonne,2021,12,7.3,105.0,2.4,7.1
Tarn-et-Garonne,2022,1,3.7,53.2,1.8,113.9
Tarn-et-Garonne,2022,2,8.6,27.9,2.9,126.2
Tarn-et-Garonne,2022,3,10.9,48.8,3.8,157.0
Tarn-et-Garonne,2022,4,12.2,61.3,3.2,155.5
Tarn-et-Garonne,2022,5,19.1,23.7,2.4,285.0
Tarn-et-Garonne,2022,6,22.6,74.9,2.6,250.6
Tarn-et-Garonne,2022,7,24.6,5.9,2.7,381.7
Tarn-et-Garonne,2022,8,25.4,23.5,2.7,286.0
Tarn-et-Garonne,2022,9,20.0,54.9,2.5,220.7
Tarn-et-Garonne,2022,10,19.1,10.3,2.3,166.9
Tarn-et-Garonne,2022,11,11.6,105.3,2.4,109.0
Tarn-et-Garonne,2022,12,8.3,37.0,1.9,87.8
Tarn-et-Garonne,2023,1,5.6,88.3,2.7,50.9
Tarn-et-Garonne,2023,2,6.6,16.0,2.2,178.9
Tarn-et-Garonne,2023,3,10.9,71.4,3.2,152.3
Tarn-et-Garonne,2023,4,13.0,56.8,2.9,183.0
Tarn-et-Garonne,2023,5,17.0,70.9,2.6,218.3
Tarn-et-Garonne,2023,6,21.8,107.2,2.3,228.5
Tarn-et-Garonne,2023,7,22.9,29.7,2.5,287.6
Tarn-et-Garonne,2023,8,24.0,20.2,2.8,272.7
Tarn-et-Garonne,2023,9,22.4,45.0,2.6,257.3
Tarn-et-Garonne,2023,10,17.7,84.7,2.4,182.7
Tarn-et-Garonne,2023,11,10.4,162.4,2.9,102.7
Tarn-et-Garonne,2023,12,7.5,76.5,2.4,61.2
Tarn-et-Garonne,2024,1,7.0,23.8,2.1,77.8
Tarn-et-Garonne,2024,2,9.1,90.8,2.9,77.6
Tarn-et-Garonne,2024,3,11.5,80.4,2.9,160.0
Tarn-et-Garonne,2024,4,13.1,52.0,3.1,205.1
Tarn-et-Garonne,2024,5,15.4,121.4,2.6,166.3
Tarn-et-Garonne,2024,6,19.9,85.5,2.4,219.4
Tarn-et-Garonne,2024,7,23.0,33.8,2.4,290.7
Tarn-et-Garonne,2024,8,23.2,32.7,2.4,287.7
Tarn-et-Garonne,2024,9,17.1,93.0,2.5,151.1
Tarn-et-Garonne,2024,10,16.4,98.5,2.4,128.2
Tarn-et-Garonne,2024,11,11.5,40.8,2.3,137.9
Tarn-et-Garonne,2024,12,6.7,43.5,2.4,89.6
Territoire de Belfort,2018,1,5.1,306.1,4.0,
Territoire de Belfort,2018,2,-0.8,52.5,3.8,
Territoire de Belfort,2018,3,3.9,110.5,3.0,
Territoire de Belfort,2018,4,12.5,43.7,2.7,
Territoire de Belfort,2018,5,15.1,119.5,2.4,
Territoire de Belfort,2018,6,18.1,79.9,2.4,
Territoire de Belfort,2018,7,21.1,43.0,2.2,
Territoire de Belfort,2018,8,20.5,61.8,2.3,
Territoire de Belfort,2018,9,16.6,25.6,2.4,
Territoire de Belfort,2018,10,11.3,30.5,2.7,
Territoire de Belfort,2018,11,6.0,49.8,2.5,
Territoire de Belfort,2018,12,3.8,247.1,3.7,
Territoire de Belfort,2019,1,0.2,98.8,2.9,
Territoire de Belfort,2019,2,5.0,46.1,2.7,
Territoire de Belfort,2019,3,6.9,151.3,4.0,
Territoire de Belfort,2019,4,8.7,85.5,2.6,
Territoire de Belfort,2019,5,10.8,91.9,2.9,
Territoire de Belfort,2019,6,18.8,70.5,2.5,
Territoire de Belfort,2019,7,20.4,61.1,2.6,
Territoire de Belfort,2019,8,19.2,87.2,2.2,
Territoire de Belfort,2019,9,15.2,66.5,2.9,
Territoire de Belfort,2019,10,11.7,184.3,2.7,
Territoire de Belfort,2019,11,5.1,138.3,2.7,
Territoire de Belfort,2019,12,4.1,172.0,3.4,
Territoire de Belfort,2020,1,3.5,63.3,2.7,
Territoire de Belfort,2020,2,5.9,188.8,4.5,
Territoire de Belfort,2020,3,5.9,114.8,3.8,
Territoire de Belfort,2020,4,12.1,26.2,2.8,
Territoire de Belfort,2020,5,13.1,108.3,3.0,
Territoire de Belfort,2020,6,16.3,155.0,2.7,
Territoire de Belfort,2020,7,19.2,20.4,2.5,
Territoire de Belfort,2020,8,20.3,60.8,2.4,
Territoire de Belfort,2020,9,16.3,82.1,2.4,
Territoire de Belfort,2020,10,9.7,180.5,2.7,
Territoire de Belfort,2020,11,7.2,36.2,2.4,
Territoire de Belfort,2020,12,3.0,157.2,2.4,
Territoire de Belfort,2021,1,0.6,224.3,3.3,
Territoire de Belfort,2021,2,4.3,70.6,3.0,
Territoire de Belfort,2021,3,5.3,86.4,3.1,
Territoire de Belfort,2021,4,7.1,37.1,3.2,
Territoire de Belfort,2021,5,10.3,241.8,3.3,
Territoire de Belfort,2021,6,18.5,163.2,2.2,
Territoire de Belfort,2021,7,17.9,170.2,2.5,
Territoire de Belfort,2021,8,16.8,73.8,2.4,
Territoire de Belfort,2021,9,16.0,42.4,2.1,
Territoire de Belfort,2021,10,9.9,86.7,2.2,
Territoire de Belfort,2021,11,3.7,60.7,2.8,
Territoire de Belfort,2021,12,3.1,169.0,3.3,
Territoire de Belfort,2022,1,1.4,68.5,3.1,
Territoire de Belfort,2022,2,4.2,126.3,4.1,
Territoire de Belfort,2022,3,7.1,22.1,2.7,
Territoire de Belfort,2022,4,8.8,129.9,3.4,
Territoire de Belfort,2022,5,15.4,33.0,2.5,
Territoire de Belfort,2022,6,19.2,127.5,2.5,
Territoire de Belfort,2022,7,20.6,10.3,2.5,
Territoire de Belfort,2022,8,20.9,58.7,2.6,
Territoire de Belfort,2022,9,14.3,144.9,2.4,
Territoire de Belfort,2022,10,14.6,138.9,2.1,
Territoire de Belfort,2022,11,7.3,135.9,2.4,
Territoire de Belfort,2022,12,2.6,124.1,3.0,
Territoire de Belfort,2023,1,2.9,127.0,3.6,
Territoire de Belfort,2023,2,3.9,15.4,3.3,
Territoire de Belfort,2023,3,6.6,157.3,3.4,
Territoire de Belfort,2023,4,8.1,107.5,3.2,
Territoire de Belfort,2023,5,14.0,59.8,2.9,
Territoire de Belfort,2023,6,19.5,52.2,2.5,
Territoire de Belfort,2023,7,19.3,129.9,2.8,
Territoire de Belfort,2023,8,19.6,98.2,2.5,
Territoire de Belfort,2023,9,18.7,35.1,2.1,
Territoire de Belfort,2023,10,13.2,148.1,2.7,
Territoire de Belfort,2023,11,5.8,290.0,3.7,
Territoire de Belfort,2023,12,4.5,172.6,3.5,
Territoire de Belfort,2024,1,2.2,142.3,3.5,
Territoire de Belfort,2024,2,6.6,120.2,3.0,
Territoire de Belfort,2024,3,7.8,109.2,2.9,
Territoire de Belfort,2024,4,9.3,106.1,3.0,
Territoire de Belfort,2024,5,13.6,171.1,2.5,
Territoire de Belfort,2024,6,17.2,117.2,2.5,
Territoire de Belfort,2024,7,19.5,101.2,2.2,
Territoire de Belfort,2024,8,20.7,68.1,2.1,
Territoire de Belfort,2024,9,14.5,188.8,2.7,
Territoire de Belfort,2024,10,12.3,141.6,2.3,
Territoire de Belfort,2024,11,5.4,92.9,3.0,
Territoire de Belfort,2024,12,2.4,129.5,2.9,
Val-d'Oise,2018,1,7.4,124.2,5.0,29.5
Val-d'Oise,2018,2,1.7,40.3,4.2,120.4
Val-d'Oise,2018,3,7.0,85.8,4.2,77.0
Val-d'Oise,2018,4,13.3,58.7,3.6,175.2
Val-d'Oise,2018,5,15.9,83.5,3.3,267.0
Val-d'Oise,2018,6,18.7,88.8,3.1,226.1
Val-d'Oise,2018,7,22.7,27.8,2.9,277.8
Val-d'Oise,2018,8,20.6,37.9,3.1,241.5
Val-d'Oise,2018,9,16.5,16.6,3.2,222.9
Val-d'Oise,2018,10,13.5,32.5,3.4,169.9
Val-d'Oise,2018,11,7.8,68.5,3.8,84.7
Val-d'Oise,2018,12,6.8,77.1,4.3,56.8
Val-d'Oise,2019,1,4.0,46.2,3.7,35.8
Val-d'Oise,2019,2,7.3,51.8,3.5,153.1
Val-d'Oise,2019,3,9.3,51.7,5.2,153.8
Val-d'Oise,2019,4,11.0,29.4,3.6,200.1
Val-d'Oise,2019,5,12.9,73.1,3.2,197.3
Val-d'Oise,2019,6,19.0,54.3,3.5,243.4
Val-d'Oise,2019,7,20.8,31.4,3.3,317.8
Val-d'Oise,2019,8,20.1,63.1,3.0,222.7
Val-d'Oise,2019,9,16.7,38.7,3.9,180.6
Val-d'Oise,2019,10,13.2,89.2,4.3,70.4
Val-d'Oise,2019,11,8.0,95.3,4.2,66.4
Val-d'Oise,2019,12,6.6,97.1,4.6,63.0
Val-d'Oise,2020,1,6.1,41.5,4.4,68.8
Val-d'Oise,2020,2,8.5,120.8,6.3,76.0
Val-d'Oise,2020,3,8.2,55.9,4.8,159.1
Val-d'Oise,2020,4,13.8,29.6,3.3,263.0
Val-d'Oise,2020,5,14.9,32.9,3.6,304.5
Val-d'Oise,2020,6,18.0,31.9,3.6,197.6
Val-d'Oise,2020,7,19.6,11.0,3.6,267.5
Val-d'Oise,2020,8,21.8,59.6,3.4,206.7
Val-d'Oise,2020,9,18.3,43.2,3.4,195.8
Val-d'Oise,2020,10,12.4,102.5,4.6,76.4
Val-d'Oise,2020,11,9.4,17.2,3.5,102.4
Val-d'Oise,2020,12,6.5,123.9,4.5,43.4
Val-d'Oise,2021,1,4.2,91.6,4.0,38.4
Val-d'Oise,2021,2,6.2,43.0,4.4,95.0
Val-d'Oise,2021,3,7.9,34.2,4.0,180.1
Val-d'Oise,2021,4,8.4,35.4,3.7,254.7
Val-d'Oise,2021,5,12.3,89.7,4.3,181.1
Val-d'Oise,2021,6,18.7,118.1,2.7,209.4
Val-d'Oise,2021,7,19.2,103.4,3.4,190.6
Val-d'Oise,2021,8,18.4,31.5,3.5,168.0
Val-d'Oise,2021,9,18.0,69.3,2.7,206.1
Val-d'Oise,2021,10,12.1,72.8,3.6,164.4
Val-d'Oise,2021,11,6.7,32.6,3.2,93.9
Val-d'Oise,2021,12,6.8,80.3,3.9,54.8
Val-d'Oise,2022,1,4.5,57.4,3.2,67.3
Val-d'Oise,2022,2,7.3,33.8,5.0,112.6
Val-d'Oise,2022,3,9.2,21.1,3.5,194.4
Val-d'Oise,2022,4,10.5,44.6,4.1,224.2
Val-d'Oise,2022,5,15.8,29.1,3.1,250.9
Val-d'Oise,2022,6,18.8,72.6,3.0,253.6
Val-d'Oise,2022,7,21.0,11.1,3.0,328.1
Val-d'Oise,2022,8,21.9,16.9,3.2,278.6
Val-d'Oise,2022,9,16.4,53.3,3.1,162.4
Val-d'Oise,2022,10,15.6,37.7,3.4,135.8
Val-d'Oise,2022,11,9.5,57.8,4.3,73.7
Val-d'Oise,2022,12,4.8,58.2,4.2,39.1
Val-d'Oise,2023,1,5.7,54.0,5.0,35.8
Val-d'Oise,2023,2,6.2,2.2,3.4,123.1
Val-d'Oise,2023,3,9.0,58.1,5.2,86.0
Val-d'Oise,2023,4,10.0,63.9,3.9,145.3
Val-d'Oise,2023,5,14.4,52.8,4.0,236.6
Val-d'Oise,2023,6,20.5,49.7,3.2,306.6
Val-d'Oise,2023,7,19.8,77.3,4.0,202.0
Val-d'Oise,2023,8,19.6,83.0,3.4,178.7
Val-d'Oise,2023,9,20.0,68.0,3.0,195.8
Val-d'Oise,2023,10,14.6,81.9,3.7,136.1
Val-d'Oise,2023,11,9.0,102.7,5.0,55.2
Val-d'Oise,2023,12,7.5,62.2,4.9,36.6
Val-d'Oise,2024,1,4.2,68.0,4.4,87.3
Val-d'Oise,2024,2,9.0,89.9,4.9,33.0
Val-d'Oise,2024,3,9.7,95.1,3.8,118.2
Val-d'Oise,2024,4,11.6,69.7,4.3,137.8
Val-d'Oise,2024,5,15.0,109.7,3.1,148.6
Val-d'Oise,2024,6,16.8,44.6,3.2,211.6
Val-d'Oise,2024,7,19.9,57.4,3.0,195.6
Val-d'Oise,2024,8,20.8,39.8,3.0,227.7
Val-d'Oise,2024,9,16.0,109.9,3.9,130.1
Val-d'Oise,2024,10,13.4,125.9,3.2,94.3
Val-d'Oise,2024,11,8.0,47.0,3.7,52.7
Val-d'Oise,2024,12,5.8,58.2,4.2,41.6
Val-de-Marne,2018,1,8.0,117.8,4.0,
Val-de-Marne,2018,2,2.6,52.0,3.3,
Val-de-Marne,2018,3,7.9,82.7,3.5,
Val-de-Marne,2018,4,14.3,53.4,3.1,
Val-de-Marne,2018,5,17.3,65.4,2.9,
Val-de-Marne,2018,6,20.3,74.7,2.9,
Val-de-Marne,2018,7,24.6,24.6,2.6,
Val-de-Marne,2018,8,21.8,42.8,,
Val-de-Marne,2018,9,17.4,9.6,,
Val-de-Marne,2018,10,14.4,18.9,,
Val-de-Marne,2018,11,8.4,78.3,,
Val-de-Marne,2018,12,7.3,67.1,,
Val-de-Marne,2019,1,4.6,47.8,,
Val-de-Marne,2019,2,7.7,34.2,,
Val-de-Marne,2019,3,10.2,43.9,,
Val-de-Marne,2019,4,12.2,12.6,,
Val-de-Marne,2019,5,14.1,96.0,,
Val-de-Marne,2019,6,20.3,57.7,,
Val-de-Marne,2019,7,22.6,18.6,,
Val-de-Marne,2019,8,21.5,60.8,,
Val-de-Marne,2019,9,17.7,28.2,,
Val-de-Marne,2019,10,13.9,65.8,,
Val-de-Marne,2019,11,8.1,103.8,,
Val-de-Marne,2019,12,7.1,80.5,,
Val-de-Marne,2020,1,6.5,29.2,,
Val-de-Marne,2020,2,9.1,83.8,,
Val-de-Marne,2020,3,9.1,50.5,,
Val-de-Marne,2020,4,15.1,15.2,,
Val-de-Marne,2020,5,16.4,46.8,,
Val-de-Marne,2020,6,19.1,73.8,,
Val-de-Marne,2020,7,21.3,5.1,,
Val-de-Marne,2020,8,23.5,33.9,,
Val-de-Marne,2020,9,19.3,53.4,,
Val-de-Marne,2020,10,13.0,89.6,,
Val-de-Marne,2020,11,10.0,17.5,,
Val-de-Marne,2020,12,6.9,124.0,,
Val-de-Marne,2021,1,4.8,100.1,,
Val-de-Marne,2021,2,7.1,48.9,,
Val-de-Marne,2021,3,8.7,33.9,,
Val-de-Marne,2021,4,9.9,35.2,,
Val-de-Marne,2021,5,13.5,74.2,,
Val-de-Marne,2021,6,20.5,140.8,,
Val-de-Marne,2021,7,20.2,107.1,,
Val-de-Marne,2021,8,19.6,16.0,,
Val-de-Marne,2021,9,19.1,66.4,,
Val-de-Marne,2021,10,12.9,67.0,,
Val-de-Marne,2021,11,7.2,33.5,,
Val-de-Marne,2021,12,7.1,84.6,,
Val-de-Marne,2022,1,5.3,55.2,,
Val-de-Marne,2022,2,8.4,29.6,,
Val-de-Marne,2022,3,10.4,23.4,,
Val-de-Marne,2022,4,12.2,47.7,,
Val-de-Marne,2022,5,18.0,19.2,,
Val-de-Marne,2022,6,20.6,87.1,,
Val-de-Marne,2022,7,23.0,11.2,,
Val-de-Marne,2022,8,23.6,34.2,,
Val-de-Marne,2022,9,17.8,47.2,,
Val-de-Marne,2022,10,16.5,69.8,,
Val-de-Marne,2022,11,10.2,48.8,,
Val-de-Marne,2022,12,5.6,55.4,,
Val-de-Marne,2023,1,6.6,51.4,,
Val-de-Marne,2023,2,7.4,1.9,,
Val-de-Marne,2023,3,10.0,74.4,,
Val-de-Marne,2023,4,11.6,68.8,,
Val-de-Marne,2023,5,16.1,63.4,,
Val-de-Marne,2023,6,22.6,31.2,,
Val-de-Marne,2023,7,21.6,92.1,,
Val-de-Marne,2023,8,21.0,80.4,,
Val-de-Marne,2023,9,21.4,35.2,,
Val-de-Marne,2023,10,15.8,89.2,,
Val-de-Marne,2023,11,9.8,101.4,,
Val-de-Marne,2023,12,8.0,66.6,,
Val-de-Marne,2024,1,5.2,66.7,,
Val-de-Marne,2024,2,9.6,92.8,,
Val-de-Marne,2024,3,10.8,110.7,,
Val-de-Marne,2024,4,12.8,72.9,,
Val-de-Marne,2024,5,16.2,115.0,,
Val-de-Marne,2024,6,18.4,41.8,,
Val-de-Marne,2024,7,21.2,85.4,,
Val-de-Marne,2024,8,22.0,59.0,,
Val-de-Marne,2024,9,17.0,116.2,,
Val-de-Marne,2024,10,14.5,93.6,,
Val-de-Marne,2024,11,8.6,51.6,,
Val-de-Marne,2024,12,6.2,63.2,,
Var,2018,1,10.2,84.3,5.5,132.9
Var,2018,2,5.6,62.1,3.7,118.9
Var,2018,3,9.4,135.6,4.5,183.3
Var,2018,4,14.6,112.8,4.1,226.1
Var,2018,5,17.1,107.5,2.6,208.0
Var,2018,6,21.2,62.5,2.6,290.5
Var,2018,7,24.3,25.9,2.8,375.8
Var,2018,8,24.4,79.0,2.9,333.4
Var,2018,9,21.5,10.8,2.7,292.8
Var,2018,10,16.7,339.7,3.5,176.6
Var,2018,11,12.0,164.4,3.7,93.9
Var,2018,12,9.5,41.6,3.6,170.2
Var,2019,1,6.2,18.1,3.5,198.2
Var,2019,2,8.9,34.9,2.8,226.8
Var,2019,3,11.4,1.7,4.3,291.2
Var,2019,4,12.5,113.0,4.1,220.2
Var,2019,5,15.1,32.3,3.6,275.7
Var,2019,6,22.1,4.7,3.2,368.4
Var,2019,7,25.2,24.9,3.0,371.5
Var,2019,8,24.6,16.8,2.6,333.2
Var,2019,9,21.0,69.9,3.5,278.0
Var,2019,10,17.2,165.7,3.6,178.0
Var,2019,11,10.1,330.2,3.8,117.4
Var,2019,12,10.2,138.9,4.7,161.3
Var,2020,1,8.4,22.6,3.4,130.0
Var,2020,2,10.4,7.3,4.5,200.0
Var,2020,3,10.2,40.7,3.8,210.0
Var,2020,4,13.2,52.8,3.2,277.4
Var,2020,5,17.9,104.8,3.4,278.4
Var,2020,6,20.1,77.6,3.9,334.6
Var,2020,7,24.0,5.9,2.9,380.8
Var,2020,8,24.5,7.8,3.4,343.5
Var,2020,9,20.1,57.2,3.0,261.2
Var,2020,10,13.9,81.1,3.9,205.7
Var,2020,11,12.1,31.3,3.0,157.2
Var,2020,12,7.1,88.6,3.5,110.8
Var,2021,1,6.6,96.6,4.8,150.1
Var,2021,2,9.7,34.2,4.4,132.3
Var,2021,3,9.9,8.8,3.7,254.7
Var,2021,4,11.3,90.0,3.5,224.9
Var,2021,5,15.5,75.5,4.7,298.5
Var,2021,6,21.4,19.3,3.3,327.5
Var,2021,7,23.7,11.6,3.7,363.3
Var,2021,8,23.4,23.0,3.6,296.9
Var,2021,9,20.8,41.1,3.3,232.1
Var,2021,10,15.1,120.6,3.3,221.5
Var,2021,11,10.8,101.9,4.2,134.0
Var,2021,12,8.1,61.3,3.7,177.3
Var,2022,1,7.0,4.5,3.1,205.8
Var,2022,2,9.5,30.0,4.6,209.9
Var,2022,3,9.5,23.7,4.3,153.5
Var,2022,4,12.3,40.4,4.4,266.4
Var,2022,5,18.6,29.5,2.7,303.0
Var,2022,6,23.7,31.7,3.5,344.6
Var,2022,7,26.0,0.7,3.0,416.0
Var,2022,8,25.0,52.4,2.9,304.8
Var,2022,9,20.2,55.1,4.0,237.6
Var,2022,10,18.2,18.6,2.9,197.6
Var,2022,11,12.0,92.4,3.7,165.4
Var,2022,12,9.3,132.5,3.3,109.2
Var,2023,1,7.4,22.5,3.8,125.3
Var,2023,2,7.6,35.7,3.0,112.4
Var,2023,3,11.4,11.1,4.5,248.1
Var,2023,4,13.3,23.0,4.1,271.5
Var,2023,5,17.0,103.4,2.8,276.8
Var,2023,6,21.7,87.6,2.9,300.5
Var,2023,7,25.5,2.5,4.0,394.2
Var,2023,8,24.6,26.7,3.9,354.4
Var,2023,9,21.5,39.0,3.1,266.8
Var,2023,10,18.1,91.9,3.8,213.8
Var,2023,11,11.3,33.7,4.6,187.7
Var,2023,12,9.0,70.3,4.0,161.8
Var,2024,1,8.6,46.7,3.7,144.9
Var,2024,2,10.2,126.5,3.2,163.8
Var,2024,3,11.4,260.8,4.6,204.4
Var,2024,4,13.9,38.3,4.7,262.5
Var,2024,5,16.5,46.1,3.7,298.1
Var,2024,6,20.6,21.9,3.7,280.3
Var,2024,7,25.1,12.4,3.1,387.7
Var,2024,8,25.8,23.4,2.8,353.0
Var,2024,9,19.2,106.6,4.0,222.7
Var,2024,10,17.1,227.3,3.5,153.9
Var,2024,11,12.1,41.0,3.5,162.9
Var,2024,12,8.1,11.0,3.8,182.6
Vaucluse,2018,1,8.6,104.7,3.4,132.5
Vaucluse,2018,2,3.6,27.9,3.8,162.9
Vaucluse,2018,3,8.6,101.8,4.1,187.7
Vaucluse,2018,4,14.5,92.0,3.4,228.8
Vaucluse,2018,5,16.7,158.3,2.6,231.5
Vaucluse,2018,6,20.7,57.7,2.9,308.9
Vaucluse,2018,7,24.4,14.5,2.9,388.8
Vaucluse,2018,8,23.5,115.2,2.9,327.1
Vaucluse,2018,9,20.4,8.0,2.5,312.7
Vaucluse,2018,10,15.2,230.4,3.1,183.8
Vaucluse,2018,11,10.1,159.5,2.9,83.8
Vaucluse,2018,12,6.6,50.2,2.7,164.3
Vaucluse,2019,1,4.0,21.6,5.0,203.1
Vaucluse,2019,2,7.7,41.7,2.7,211.7
Vaucluse,2019,3,10.0,8.8,3.9,284.4
Vaucluse,2019,4,11.3,84.0,3.5,242.8
Vaucluse,2019,5,14.5,32.7,4.3,306.7
Vaucluse,2019,6,22.1,23.4,2.6,341.9
Vaucluse,2019,7,24.8,34.2,3.1,375.2
Vaucluse,2019,8,23.9,18.6,2.8,331.0
Vaucluse,2019,9,19.8,45.2,3.1,276.1
Vaucluse,2019,10,15.9,166.7,3.1,182.0
Vaucluse,2019,11,8.3,255.2,2.7,93.7
Vaucluse,2019,12,8.1,137.4,3.2,151.4
Vaucluse,2020,1,6.9,35.2,2.5,126.3
Vaucluse,2020,2,8.6,15.0,3.3,173.8
Vaucluse,2020,3,9.6,34.6,3.2,221.6
Vaucluse,2020,4,13.4,54.1,2.1,233.0
Vaucluse,2020,5,17.7,67.3,3.0,301.6
Vaucluse,2020,6,19.6,62.3,3.7,330.0
Vaucluse,2020,7,23.7,1.9,3.2,385.8
Vaucluse,2020,8,23.7,26.6,3.2,338.1
Vaucluse,2020,9,19.5,74.7,2.6,236.9
Vaucluse,2020,10,12.6,73.7,3.4,189.8
Vaucluse,2020,11,10.8,39.8,2.4,163.1
Vaucluse,2020,12,5.9,64.3,3.1,84.5
Vaucluse,2021,1,4.3,45.5,3.7,134.1
Vaucluse,2021,2,8.8,36.9,2.8,117.9
Vaucluse,2021,3,9.0,7.8,3.4,255.5
Vaucluse,2021,4,10.7,89.8,3.2,249.1
Vaucluse,2021,5,14.6,88.7,3.4,272.1
Vaucluse,2021,6,21.8,13.9,2.9,314.3
Vaucluse,2021,7,23.1,31.2,3.3,335.0
Vaucluse,2021,8,22.2,27.3,3.3,346.2
Vaucluse,2021,9,20.0,108.1,2.3,223.3
Vaucluse,2021,10,13.6,141.4,3.1,226.1
Vaucluse,2021,11,8.2,52.3,3.0,149.2
Vaucluse,2021,12,5.9,86.5,2.7,154.0
Vaucluse,2022,1,4.7,3.4,3.3,205.0
Vaucluse,2022,2,7.9,22.5,4.1,196.2
Vaucluse,2022,3,9.3,15.0,2.7,166.9
Vaucluse,2022,4,12.1,43.6,3.3,239.4
Vaucluse,2022,5,18.8,26.9,2.8,316.5
Vaucluse,2022,6,23.6,24.2,3.2,334.0
Vaucluse,2022,7,25.8,2.7,3.4,407.6
Vaucluse,2022,8,25.0,39.1,3.2,348.6
Vaucluse,2022,9,18.9,90.1,3.1,244.8
Vaucluse,2022,10,17.8,71.9,2.1,177.2
Vaucluse,2022,11,10.6,120.6,2.9,142.0
Vaucluse,2022,12,7.2,141.6,2.4,110.9
Vaucluse,2023,1,5.4,13.0,3.6,152.8
Vaucluse,2023,2,6.8,9.0,3.0,187.6
Vaucluse,2023,3,10.2,30.5,3.0,232.7
Vaucluse,2023,4,12.6,19.3,3.6,261.7
Vaucluse,2023,5,16.7,82.1,3.2,279.7
Vaucluse,2023,6,21.7,116.5,2.7,287.4
Vaucluse,2023,7,24.6,8.2,3.1,385.6
Vaucluse,2023,8,23.9,30.7,3.5,341.3
Vaucluse,2023,9,21.1,39.7,2.4,284.0
Vaucluse,2023,10,17.2,86.9,2.8,190.6
Vaucluse,2023,11,9.1,53.4,3.2,153.6
Vaucluse,2023,12,7.2,51.0,3.3,149.4
Vaucluse,2024,1,6.4,37.6,3.0,152.0
Vaucluse,2024,2,9.0,90.9,3.2,149.2
Vaucluse,2024,3,10.7,191.1,4.3,197.4
Vaucluse,2024,4,12.8,27.5,4.4,253.3
Vaucluse,2024,5,15.7,83.1,2.7,240.8
Vaucluse,2024,6,20.5,41.0,3.1,281.6
Vaucluse,2024,7,24.1,30.4,3.2,373.3
Vaucluse,2024,8,25.2,20.3,2.9,351.1
Vaucluse,2024,9,18.1,119.3,3.5,209.3
Vaucluse,2024,10,16.3,88.7,2.9,174.6
Vaucluse,2024,11,10.3,34.1,2.5,162.5
Vaucluse,2024,12,5.9,15.8,3.2,169.0
Vendée,2018,1,9.0,139.0,5.1,51.7
Vendée,2018,2,4.4,60.2,4.5,134.5
Vendée,2018,3,8.4,116.2,4.8,123.7
Vendée,2018,4,12.9,67.3,3.3,179.5
Vendée,2018,5,15.5,47.8,3.4,279.0
Vendée,2018,6,19.7,87.6,3.2,268.9
Vendée,2018,7,21.6,44.5,2.9,305.9
Vendée,2018,8,20.7,35.4,3.0,301.8
Vendée,2018,9,18.1,12.4,3.3,251.6
Vendée,2018,10,14.1,34.5,3.7,188.8
Vendée,2018,11,9.6,135.0,3.9,115.1
Vendée,2018,12,8.8,125.7,4.2,63.6
Vendée,2019,1,5.9,48.5,3.4,81.3
Vendée,2019,2,8.8,42.5,3.6,167.5
Vendée,2019,3,10.0,53.8,4.7,205.2
Vendée,2019,4,11.5,67.3,3.7,206.2
Vendée,2019,5,13.7,38.2,3.7,253.7
Vendée,2019,6,18.5,47.3,3.4,255.0
Vendée,2019,7,21.8,25.3,3.5,326.4
Vendée,2019,8,20.0,43.3,3.1,248.7
Vendée,2019,9,18.0,73.5,4.1,219.7
Vendée,2019,10,14.9,103.9,3.7,104.8
Vendée,2019,11,9.2,201.4,4.2,71.5
Vendée,2019,12,8.7,143.3,4.7,90.9
Vendée,2020,1,8.4,99.1,4.5,92.8
Vendée,2020,2,9.9,84.7,5.3,91.1
Vendée,2020,3,9.8,93.4,4.7,178.0
Vendée,2020,4,14.3,57.3,3.3,221.4
Vendée,2020,5,16.6,63.4,3.8,302.1
Vendée,2020,6,17.3,96.9,3.6,200.7
Vendée,2020,7,19.9,6.8,3.5,336.8
Vendée,2020,8,20.9,62.2,3.0,255.8
Vendée,2020,9,18.5,62.3,3.0,226.4
Vendée,2020,10,13.1,157.6,4.3,113.3
Vendée,2020,11,11.3,41.1,3.5,157.4
Vendée,2020,12,7.9,164.3,4.5,87.1
Vendée,2021,1,5.4,115.7,4.1,72.5
Vendée,2021,2,8.1,69.5,4.6,102.1
Vendée,2021,3,9.0,25.3,3.8,225.7
Vendée,2021,4,10.9,12.2,3.9,288.1
Vendée,2021,5,13.4,79.1,4.5,244.4
Vendée,2021,6,19.0,95.4,2.9,251.3
Vendée,2021,7,19.4,45.3,3.6,239.4
Vendée,2021,8,18.7,33.6,3.4,240.6
Vendée,2021,9,19.3,36.7,3.1,248.9
Vendée,2021,10,13.5,90.4,3.5,206.1
Vendée,2021,11,7.6,37.1,3.2,122.8
Vendée,2021,12,7.6,105.9,4.5,89.4
Vendée,2022,1,5.6,52.1,3.2,100.6
Vendée,2022,2,8.2,35.2,3.9,102.7
Vendée,2022,3,10.5,35.4,4.0,166.4
Vendée,2022,4,11.9,48.4,3.8,210.0
Vendée,2022,5,17.1,34.5,3.2,299.7
Vendée,2022,6,19.6,62.1,3.2,273.8
Vendée,2022,7,22.3,8.8,3.6,375.0
Vendée,2022,8,23.1,38.2,3.4,278.4
Vendée,2022,9,17.9,51.9,3.4,207.3
Vendée,2022,10,17.0,49.6,3.6,127.6
Vendée,2022,11,11.6,123.6,4.3,120.7
Vendée,2022,12,6.5,83.1,4.4,71.3
Vendée,2023,1,6.8,100.8,4.4,78.5
Vendée,2023,2,7.0,21.5,3.3,144.9
Vendée,2023,3,9.9,105.0,4.9,128.6
Vendée,2023,4,11.4,45.7,3.9,198.7
Vendée,2023,5,16.1,37.2,4.1,274.7
Vendée,2023,6,21.2,47.8,3.1,302.7
Vendée,2023,7,19.6,37.5,3.8,263.4
Vendée,2023,8,20.4,45.9,3.5,223.4
Vendée,2023,9,21.0,65.3,3.0,218.8
Vendée,2023,10,16.4,173.5,4.4,163.6
Vendée,2023,11,10.8,158.8,5.1,85.8
Vendée,2023,12,8.8,114.4,4.6,71.2
Vendée,2024,1,6.8,82.8,4.3,98.9
Vendée,2024,2,9.9,118.6,4.3,64.0
Vendée,2024,3,10.2,101.2,4.1,132.4
Vendée,2024,4,12.1,65.8,4.0,201.3
Vendée,2024,5,14.9,118.8,3.7,187.1
Vendée,2024,6,17.8,67.7,3.5,260.6
Vendée,2024,7,19.9,29.3,3.1,242.0
Vendée,2024,8,20.0,56.3,3.0,262.7
Vendée,2024,9,16.0,121.0,3.6,160.8
Vendée,2024,10,14.5,131.1,3.3,122.7
Vendée,2024,11,10.8,59.5,4.0,92.5
Vendée,2024,12,7.4,48.1,3.9,69.4
Vienne,2018,1,8.2,138.1,4.0,37.9
Vienne,2018,2,2.9,58.0,3.6,103.0
Vienne,2018,3,8.2,84.8,3.9,121.3
Vienne,2018,4,13.2,41.3,2.8,166.6
Vienne,2018,5,15.6,72.7,2.5,247.4
Vienne,2018,6,19.6,92.6,2.9,265.5
Vienne,2018,7,22.3,40.2,2.2,292.2
Vienne,2018,8,21.5,22.7,2.5,282.4
Vienne,2018,9,18.3,13.9,2.7,252.0
Vienne,2018,10,14.0,55.2,3.1,173.4
Vienne,2018,11,9.0,78.1,3.1,93.7
Vienne,2018,12,7.2,84.3,3.5,44.1
Vienne,2019,1,4.4,45.9,3.2,66.2
Vienne,2019,2,8.0,26.1,2.9,167.4
Vienne,2019,3,9.7,42.3,4.0,203.8
Vienne,2019,4,11.2,50.1,3.0,193.5
Vienne,2019,5,13.4,60.2,3.0,205.8
Vienne,2019,6,19.3,78.6,2.7,251.6
Vienne,2019,7,22.5,33.9,2.9,333.6
Vienne,2019,8,20.7,32.0,2.5,248.3
Vienne,2019,9,17.9,44.6,3.2,221.6
Vienne,2019,10,14.6,123.0,3.2,78.3
Vienne,2019,11,8.4,175.1,3.4,55.8
Vienne,2019,12,8.0,99.4,4.0,89.5
Vienne,2020,1,7.3,57.9,3.8,97.0
Vienne,2020,2,9.2,52.9,4.5,100.5
Vienne,2020,3,9.2,81.5,3.8,165.4
Vienne,2020,4,14.3,53.6,2.8,212.5
Vienne,2020,5,16.0,63.5,3.3,294.7
Vienne,2020,6,17.3,67.5,3.0,194.5
Vienne,2020,7,20.8,3.2,2.8,306.9
Vienne,2020,8,21.6,40.6,2.6,219.7
Vienne,2020,9,18.5,46.4,2.5,223.6
Vienne,2020,10,12.7,116.1,3.5,86.6
Vienne,2020,11,10.3,24.2,2.7,151.4
Vienne,2020,12,6.8,128.5,4.0,56.7
Vienne,2021,1,4.6,88.0,3.5,61.9
Vienne,2021,2,8.3,71.7,4.0,85.9
Vienne,2021,3,8.3,26.6,3.1,197.8
Vienne,2021,4,10.1,24.9,3.4,258.3
Vienne,2021,5,13.3,92.5,3.5,207.6
Vienne,2021,6,19.3,142.1,2.2,224.5
Vienne,2021,7,19.3,64.9,2.9,212.7
Vienne,2021,8,18.8,20.0,2.7,197.8
Vienne,2021,9,18.8,37.9,2.3,196.8
Vienne,2021,10,12.7,38.9,3.0,196.2
Vienne,2021,11,6.7,28.4,2.7,87.9
Vienne,2021,12,6.4,90.7,3.8,64.0
Vienne,2022,1,4.3,31.7,3.0,65.7
Vienne,2022,2,7.6,26.4,3.4,117.5
Vienne,2022,3,9.8,30.0,3.2,150.4
Vienne,2022,4,11.5,49.6,3.1,201.5
Vienne,2022,5,17.2,25.1,2.6,285.4
Vienne,2022,6,20.3,120.3,2.6,257.2
Vienne,2022,7,21.9,11.2,2.7,352.6
Vienne,2022,8,23.0,35.5,2.6,268.7
Vienne,2022,9,17.4,60.1,2.7,189.5
Vienne,2022,10,17.2,52.9,3.0,133.8
Vienne,2022,11,10.5,66.5,3.2,93.7
Vienne,2022,12,6.3,58.5,3.8,40.4
Vienne,2023,1,6.0,90.4,3.8,57.6
Vienne,2023,2,6.3,30.7,2.9,127.4
Vienne,2023,3,9.8,112.4,3.9,130.0
Vienne,2023,4,11.2,37.9,3.2,177.7
Vienne,2023,5,15.6,50.2,3.3,256.6
Vienne,2023,6,21.4,58.8,2.4,292.9
Vienne,2023,7,20.6,30.3,3.0,211.3
Vienne,2023,8,21.3,37.5,2.7,195.9
Vienne,2023,9,21.4,66.7,2.3,219.7
Vienne,2023,10,15.8,169.3,3.2,169.1
Vienne,2023,11,9.9,148.3,3.7,88.1
Vienne,2023,12,7.8,80.1,3.7,60.3
Vienne,2024,1,6.0,49.1,3.6,74.4
Vienne,2024,2,9.0,105.1,3.6,49.5
Vienne,2024,3,9.9,132.7,3.1,140.1
Vienne,2024,4,12.2,47.1,3.2,178.1
Vienne,2024,5,14.6,163.0,2.8,153.7
Vienne,2024,6,18.3,116.5,2.7,222.9
Vienne,2024,7,21.0,17.7,2.4,235.4
Vienne,2024,8,20.9,29.7,2.3,259.0
Vienne,2024,9,15.9,101.5,3.1,138.4
Vienne,2024,10,14.6,119.1,2.7,81.8
Vienne,2024,11,10.1,49.0,3.2,57.3
Vienne,2024,12,6.0,45.5,3.2,60.0
Vosges,2018,1,5.1,302.1,4.1,32.7
Vosges,2018,2,-0.7,42.4,3.1,97.2
Vosges,2018,3,4.4,124.9,3.0,97.1
Vosges,2018,4,12.2,57.6,2.8,206.0
Vosges,2018,5,15.0,124.6,2.2,243.2
Vosges,2018,6,17.8,59.0,2.2,253.7
Vosges,2018,7,20.9,38.4,2.0,305.2
Vosges,2018,8,20.2,67.4,2.2,267.1
Vosges,2018,9,16.1,38.7,2.2,238.0
Vosges,2018,10,11.5,26.1,2.4,153.8
Vosges,2018,11,6.8,59.4,2.6,94.9
Vosges,2018,12,3.9,199.7,3.4,34.2
Vosges,2019,1,0.5,121.1,2.9,39.3
Vosges,2019,2,5.4,45.6,2.6,156.7
Vosges,2019,3,6.9,129.4,4.2,164.4
Vosges,2019,4,8.9,78.3,2.5,168.2
Vosges,2019,5,10.9,95.7,2.6,209.6
Vosges,2019,6,18.9,75.0,2.4,293.0
Vosges,2019,7,20.2,49.9,2.4,297.3
Vosges,2019,8,19.4,67.7,2.1,255.7
Vosges,2019,9,15.0,71.6,2.6,203.4
Vosges,2019,10,12.2,156.6,3.2,82.3
Vosges,2019,11,5.4,163.0,3.1,49.6
Vosges,2019,12,4.5,186.3,3.7,75.6
Vosges,2020,1,3.8,71.0,3.3,84.6
Vosges,2020,2,6.0,209.1,5.0,91.5
Vosges,2020,3,6.1,112.4,3.7,177.5
Vosges,2020,4,12.1,27.6,2.7,288.5
Vosges,2020,5,13.1,78.8,2.8,283.0
Vosges,2020,6,16.3,131.1,2.4,206.9
Vosges,2020,7,18.9,26.2,2.3,297.9
Vosges,2020,8,20.5,66.8,2.3,227.4
Vosges,2020,9,16.4,99.7,2.3,212.4
Vosges,2020,10,10.1,173.9,3.6,69.5
Vosges,2020,11,7.6,50.5,2.5,115.5
Vosges,2020,12,3.8,164.5,3.4,24.1
Vosges,2021,1,1.0,220.5,3.3,47.3
Vosges,2021,2,4.9,81.0,3.4,123.3
Vosges,2021,3,5.5,83.5,2.8,180.3
Vosges,2021,4,7.1,44.9,3.0,234.6
Vosges,2021,5,10.4,194.2,3.5,179.9
Vosges,2021,6,18.5,128.1,2.2,231.1
Vosges,2021,7,17.7,157.2,2.4,204.0
Vosges,2021,8,16.8,71.4,2.3,170.0
Vosges,2021,9,16.0,44.8,2.0,225.6
Vosges,2021,10,10.3,93.2,2.8,166.0
Vosges,2021,11,3.7,75.8,2.5,51.3
Vosges,2021,12,3.5,151.7,3.2,36.8
Vosges,2022,1,1.6,85.8,2.7,72.6
Vosges,2022,2,4.6,129.7,4.1,102.3
Vosges,2022,3,7.4,33.4,2.7,230.2
Vosges,2022,4,8.7,101.5,3.2,204.3
Vosges,2022,5,15.2,28.9,2.5,291.8
Vosges,2022,6,19.0,104.1,2.3,278.1
Vosges,2022,7,20.3,12.3,2.4,351.5
Vosges,2022,8,21.0,65.3,2.3,299.7
Vosges,2022,9,14.4,139.7,2.4,158.0
Vosges,2022,10,14.5,129.4,2.7,140.4
Vosges,2022,11,7.7,115.5,3.0,61.7
Vosges,2022,12,3.2,117.7,3.3,50.6
Vosges,2023,1,3.2,119.0,4.1,39.2
Vosges,2023,2,4.2,23.4,2.9,121.3
Vosges,2023,3,6.8,150.3,3.8,117.8
Vosges,2023,4,8.4,90.8,3.1,135.3
Vosges,2023,5,13.8,39.1,2.9,248.4
Vosges,2023,6,19.4,38.3,2.3,342.0
Vosges,2023,7,19.1,125.5,2.8,224.6
Vosges,2023,8,19.2,115.9,2.5,174.1
Vosges,2023,9,18.7,50.5,2.2,261.0
Vosges,2023,10,13.2,178.7,3.1,150.0
Vosges,2023,11,6.2,244.3,4.2,41.1
Vosges,2023,12,4.7,159.0,4.0,40.6
Vosges,2024,1,2.4,123.7,3.6,72.5
Vosges,2024,2,6.7,119.2,3.5,44.9
Vosges,2024,3,8.2,116.1,2.8,114.1
Vosges,2024,4,9.8,94.6,3.2,142.5
Vosges,2024,5,13.8,174.7,2.5,156.3
Vosges,2024,6,16.8,133.4,2.6,201.0
Vosges,2024,7,19.2,113.4,2.1,235.6
Vosges,2024,8,20.4,82.3,2.0,289.1
Vosges,2024,9,14.8,170.6,2.9,140.8
Vosges,2024,10,12.6,112.9,2.6,89.4
Vosges,2024,11,6.0,94.9,3.0,56.1
Vosges,2024,12,2.6,114.8,3.0,52.6
Yonne,2018,1,7.1,192.3,4.0,31.9
Yonne,2018,2,1.3,64.8,3.2,106.2
Yonne,2018,3,6.8,74.5,3.3,111.6
Yonne,2018,4,12.9,59.3,2.7,178.0
Yonne,2018,5,15.4,74.8,2.3,241.6
Yonne,2018,6,18.9,63.0,2.3,266.6
Yonne,2018,7,22.0,40.1,2.0,323.6
Yonne,2018,8,21.0,25.3,2.2,279.1
Yonne,2018,9,17.0,14.9,2.2,245.2
Yonne,2018,10,13.1,34.3,2.6,177.5
Yonne,2018,11,7.9,64.4,2.6,75.4
Yonne,2018,12,5.8,99.6,3.4,48.1
Yonne,2019,1,2.5,58.2,2.9,43.4
Yonne,2019,2,6.7,28.4,2.6,158.1
Yonne,2019,3,8.4,68.8,3.9,179.0
Yonne,2019,4,10.3,48.8,2.8,183.4
Yonne,2019,5,11.9,66.4,2.6,210.1
Yonne,2019,6,19.4,42.9,2.6,277.8
Yonne,2019,7,21.4,20.2,2.6,331.6
Yonne,2019,8,20.7,27.1,2.3,275.0
Yonne,2019,9,16.4,34.4,2.8,214.4
Yonne,2019,10,13.4,126.2,3.1,86.0
Yonne,2019,11,7.2,115.2,3.2,65.9
Yonne,2019,12,6.4,122.0,3.8,86.0
Yonne,2020,1,5.8,43.4,3.2,82.3
Yonne,2020,2,8.0,105.5,4.9,92.1
Yonne,2020,3,8.2,55.8,3.8,175.3
Yonne,2020,4,13.6,19.5,2.6,280.4
Yonne,2020,5,14.6,74.2,2.6,300.2
Yonne,2020,6,17.4,60.9,2.6,206.4
Yonne,2020,7,20.2,17.3,2.6,303.5
Yonne,2020,8,21.7,43.7,2.6,243.9
Yonne,2020,9,18.0,62.5,2.4,216.4
Yonne,2020,10,11.7,120.7,3.4,58.4
Yonne,2020,11,9.0,23.5,2.3,126.1
Yonne,2020,12,5.8,104.8,3.7,40.3
Yonne,2021,1,3.4,109.6,3.2,41.5
Yonne,2021,2,6.4,46.1,3.3,110.6
Yonne,2021,3,7.3,45.4,3.0,173.7
Yonne,2021,4,8.5,35.5,2.9,240.6
Yonne,2021,5,12.0,119.9,3.4,194.3
Yonne,2021,6,19.0,103.8,2.0,229.7
Yonne,2021,7,18.7,84.8,2.6,192.2
Yonne,2021,8,18.4,26.5,2.5,185.3
Yonne,2021,9,17.8,82.8,2.0,195.0
Yonne,2021,10,11.6,50.8,2.6,171.4
Yonne,2021,11,5.4,49.9,2.5,53.2
Yonne,2021,12,5.3,96.4,3.2,54.6
Yonne,2022,1,3.0,46.4,2.7,56.2
Yonne,2022,2,6.5,43.9,3.8,114.6
Yonne,2022,3,8.8,21.1,2.8,200.4
Yonne,2022,4,10.3,41.0,3.1,200.4
Yonne,2022,5,16.4,26.9,2.4,284.1
Yonne,2022,6,19.7,137.9,2.4,279.7
Yonne,2022,7,21.0,9.3,2.3,360.8
Yonne,2022,8,21.8,32.0,2.3,285.4
Yonne,2022,9,16.0,92.6,2.2,181.2
Yonne,2022,10,15.8,77.1,2.5,135.9
Yonne,2022,11,9.1,66.0,3.1,38.6
Yonne,2022,12,4.7,62.1,3.2,42.2
Yonne,2023,1,5.1,78.0,4.0,32.1
Yonne,2023,2,5.7,8.5,2.8,128.2
Yonne,2023,3,8.6,95.4,3.8,117.0
Yonne,2023,4,9.6,58.6,3.1,142.8
Yonne,2023,5,14.6,37.0,3.0,255.5
Yonne,2023,6,20.5,74.5,2.2,317.6
Yonne,2023,7,20.2,79.0,2.8,236.0
Yonne,2023,8,20.3,66.8,2.6,196.3
Yonne,2023,9,20.4,45.0,2.1,232.8
Yonne,2023,10,14.8,99.7,3.0,164.9
Yonne,2023,11,8.5,109.8,4.0,63.3
Yonne,2023,12,6.7,81.3,3.9,33.9
Yonne,2024,1,4.2,63.9,3.4,76.8
Yonne,2024,2,8.3,89.9,3.7,38.8
Yonne,2024,3,9.6,123.1,3.2,124.1
Yonne,2024,4,11.2,55.9,3.2,140.3
Yonne,2024,5,14.6,136.9,2.4,156.5
Yonne,2024,6,17.6,129.4,2.4,216.6
Yonne,2024,7,20.3,76.7,2.2,235.9
Yonne,2024,8,21.0,46.0,2.1,288.5
Yonne,2024,9,15.7,126.6,2.9,125.0
Yonne,2024,10,14.1,78.4,2.4,105.7
Yonne,2024,11,7.7,71.9,2.8,47.1
Yonne,2024,12,4.7,63.2,3.1,32.0
Yvelines,2018,1,7.2,119.1,4.3,33.0
Yvelines,2018,2,1.3,44.4,3.4,118.0
Yvelines,2018,3,6.7,87.2,3.5,74.1
Yvelines,2018,4,12.9,61.9,2.8,178.8
Yvelines,2018,5,15.1,60.0,2.6,277.5
Yvelines,2018,6,18.8,88.2,2.5,243.2
Yvelines,2018,7,22.6,6.7,2.4,285.6
Yvelines,2018,8,20.4,34.6,2.5,252.6
Yvelines,2018,9,16.5,13.6,2.4,232.4
Yvelines,2018,10,13.2,31.9,2.6,176.3
Yvelines,2018,11,7.5,72.3,2.9,84.3
Yvelines,2018,12,6.6,74.8,3.5,56.6
Yvelines,2019,1,3.7,50.4,3.0,32.9
Yvelines,2019,2,6.8,36.9,2.7,150.9
Yvelines,2019,3,8.9,51.1,4.3,40.1
Yvelines,2019,4,10.5,22.7,2.8,189.8
Yvelines,2019,5,12.6,87.4,2.7,198.2
Yvelines,2019,6,18.7,57.0,2.8,249.8
Yvelines,2019,7,21.0,18.5,2.8,329.0
Yvelines,2019,8,19.8,58.1,2.5,226.2
Yvelines,2019,9,16.5,27.9,3.2,191.7
Yvelines,2019,10,13.0,97.4,3.4,81.6
Yvelines,2019,11,7.6,93.0,3.2,57.2
Yvelines,2019,12,6.4,91.6,3.7,62.9
Yvelines,2020,1,5.9,34.2,3.5,76.5
Yvelines,2020,2,8.4,103.1,5.2,79.3
Yvelines,2020,3,8.2,58.1,4.0,156.4
Yvelines,2020,4,13.7,27.5,2.6,250.0
Yvelines,2020,5,14.8,52.1,2.9,310.9
Yvelines,2020,6,17.5,27.1,2.9,212.8
Yvelines,2020,7,19.6,8.8,3.1,277.0
Yvelines,2020,8,21.2,59.7,2.8,215.9
Yvelines,2020,9,17.8,37.8,2.7,216.4
Yvelines,2020,10,12.0,76.4,3.6,79.3
Yvelines,2020,11,9.2,16.7,2.7,109.3
Yvelines,2020,12,6.2,121.6,3.7,31.1
Yvelines,2021,1,4.0,82.6,3.3,41.6
Yvelines,2021,2,6.2,38.7,3.5,90.6
Yvelines,2021,3,7.6,33.6,3.3,181.4
Yvelines,2021,4,8.4,35.8,3.1,240.5
Yvelines,2021,5,12.2,84.8,3.6,190.9
Yvelines,2021,6,18.6,110.7,2.2,220.5
Yvelines,2021,7,19.1,72.4,2.8,185.0
Yvelines,2021,8,18.2,22.6,2.8,163.2
Yvelines,2021,9,17.9,61.0,2.2,211.7
Yvelines,2021,10,11.8,75.7,2.8,154.6
Yvelines,2021,11,6.5,26.5,2.6,94.3
Yvelines,2021,12,6.6,78.6,3.3,51.6
Yvelines,2022,1,4.4,59.1,2.6,67.6
Yvelines,2022,2,7.1,31.6,4.2,113.3
Yvelines,2022,3,9.2,20.9,2.8,175.4
Yvelines,2022,4,10.7,49.3,3.3,218.6
Yvelines,2022,5,15.9,27.0,2.6,261.0
Yvelines,2022,6,18.8,71.1,2.5,272.5
Yvelines,2022,7,21.2,23.8,2.5,343.4
Yvelines,2022,8,21.8,22.8,2.5,289.7
Yvelines,2022,9,16.2,58.3,2.4,149.0
Yvelines,2022,10,15.3,39.6,2.6,142.3
Yvelines,2022,11,9.4,48.8,3.4,61.8
Yvelines,2022,12,4.7,41.2,3.4,39.2
Yvelines,2023,1,5.6,48.5,4.1,34.0
Yvelines,2023,2,6.1,2.5,2.8,125.5
Yvelines,2023,3,9.0,58.9,4.3,93.9
Yvelines,2023,4,10.0,62.4,3.3,146.2
Yvelines,2023,5,14.7,47.7,3.3,253.5
Yvelines,2023,6,20.8,32.3,2.7,304.2
Yvelines,2023,7,19.8,80.9,3.3,211.7
Yvelines,2023,8,19.7,67.4,2.8,183.8
Yvelines,2023,9,20.0,62.4,2.3,205.7
Yvelines,2023,10,14.5,88.7,2.9,145.3
Yvelines,2023,11,8.9,93.6,4.1,63.6
Yvelines,2023,12,7.5,64.4,4.1,39.2
Yvelines,2024,1,4.2,67.8,3.5,76.0
Yvelines,2024,2,8.8,81.4,3.9,34.0
Yvelines,2024,3,9.6,89.4,3.1,127.8
Yvelines,2024,4,11.4,71.4,3.5,132.7
Yvelines,2024,5,14.9,103.8,2.6,143.3
Yvelines,2024,6,16.9,41.9,2.7,227.3
Yvelines,2024,7,19.7,61.0,2.5,206.3
Yvelines,2024,8,20.5,48.0,2.5,241.3
Yvelines,2024,9,15.7,99.3,3.1,127.0
Yvelines,2024,10,13.4,136.8,2.6,95.0
Yvelines,2024,11,8.0,49.1,3.0,43.8
Yvelines,2024,12,5.7,56.3,3.5,37.6
